Timestamp,GPU Utilization,Memory Usage,Power Usage (W)
2024-07-17T05:04:45.698944,0,1.159423828125,63.884
2024-07-17T05:04:45.732190,0,1.163330078125,63.884
2024-07-17T05:04:45.757343,0,1.192626953125,63.884
2024-07-17T05:04:45.782494,0,1.192626953125,63.884
2024-07-17T05:04:45.807702,0,1.192626953125,63.884
2024-07-17T05:04:45.832934,0,1.192626953125,64.595
2024-07-17T05:04:45.858075,0,1.192626953125,64.595
2024-07-17T05:04:45.883190,0,1.192626953125,64.595
2024-07-17T05:04:45.908300,0,1.192626953125,64.595
2024-07-17T05:04:45.933407,0,1.192626953125,64.595
2024-07-17T05:04:45.958515,0,1.192626953125,63.733
2024-07-17T05:04:45.983637,0,1.192626953125,63.733
2024-07-17T05:04:46.008904,0,1.192626953125,63.733
2024-07-17T05:04:46.034129,0,1.192626953125,63.733
2024-07-17T05:04:46.059241,0,1.192626953125,63.733
2024-07-17T05:04:46.084346,0,1.192626953125,63.733
2024-07-17T05:04:46.109455,0,1.192626953125,63.733
2024-07-17T05:04:46.134571,0,1.192626953125,63.733
2024-07-17T05:04:46.159678,0,1.192626953125,63.834
2024-07-17T05:04:46.184786,0,1.192626953125,63.834
2024-07-17T05:04:46.209855,0,1.192626953125,63.834
2024-07-17T05:04:46.234965,0,1.192626953125,63.834
2024-07-17T05:04:46.260071,0,1.192626953125,63.834
2024-07-17T05:04:46.285176,0,1.192626953125,63.834
2024-07-17T05:04:46.310279,0,1.192626953125,63.834
2024-07-17T05:04:46.335385,0,1.192626953125,63.834
2024-07-17T05:04:46.360491,0,1.192626953125,64.215
2024-07-17T05:04:46.385597,0,1.192626953125,64.215
2024-07-17T05:04:46.410704,0,1.192626953125,64.215
2024-07-17T05:04:46.435902,0,1.192626953125,64.215
2024-07-17T05:04:46.461045,0,1.192626953125,64.426
2024-07-17T05:04:46.486152,0,1.192626953125,64.426
2024-07-17T05:04:46.511250,0,1.192626953125,64.426
2024-07-17T05:04:46.536362,0,1.192626953125,64.426
2024-07-17T05:04:46.561463,0,1.192626953125,64.426
2024-07-17T05:04:46.586570,0,1.192626953125,63.939
2024-07-17T05:04:46.611720,0,1.192626953125,63.939
2024-07-17T05:04:46.636884,0,1.192626953125,63.939
2024-07-17T05:04:46.662095,0,1.192626953125,63.94
2024-07-17T05:04:46.687242,0,1.192626953125,63.94
2024-07-17T05:04:46.712450,0,1.505126953125,63.94
2024-07-17T05:04:46.737603,0,1.505126953125,63.94
2024-07-17T05:04:46.762751,0,1.505126953125,63.94
2024-07-17T05:04:46.787922,0,1.505126953125,70.324
2024-07-17T05:04:46.813042,0,1.505126953125,70.324
2024-07-17T05:04:46.838157,0,1.505126953125,70.324
2024-07-17T05:04:46.863266,0,1.505126953125,172.579
2024-07-17T05:04:46.888487,35,1.505126953125,172.579
2024-07-17T05:04:46.913704,35,1.505126953125,172.579
2024-07-17T05:04:46.938866,35,1.505126953125,172.579
2024-07-17T05:04:46.963981,35,1.505126953125,170.695
2024-07-17T05:04:46.989091,35,1.505126953125,170.695
2024-07-17T05:04:47.014184,35,1.505126953125,170.695
2024-07-17T05:04:47.039359,35,1.505126953125,170.695
2024-07-17T05:04:47.064526,35,1.505126953125,125.424
2024-07-17T05:04:47.089643,35,1.505126953125,125.424
2024-07-17T05:04:47.114756,71,1.505126953125,125.424
2024-07-17T05:04:47.139861,71,1.505126953125,125.424
2024-07-17T05:04:47.165024,71,1.505126953125,109.979
2024-07-17T05:04:47.190199,71,1.505126953125,109.979
2024-07-17T05:04:47.215365,71,1.505126953125,109.979
2024-07-17T05:04:47.240481,71,1.505126953125,109.979
2024-07-17T05:04:47.265589,71,1.505126953125,109.979
2024-07-17T05:04:47.290679,71,1.505126953125,172.968
2024-07-17T05:04:47.315886,69,1.505126953125,172.968
2024-07-17T05:04:47.341028,69,1.505126953125,172.968
2024-07-17T05:04:47.366160,69,1.505126953125,172.968
2024-07-17T05:04:47.391274,69,1.505126953125,164.291
2024-07-17T05:04:47.416388,69,1.505126953125,164.291
2024-07-17T05:04:47.441514,69,1.505126953125,164.291
2024-07-17T05:04:47.466655,69,1.505126953125,164.291
2024-07-17T05:04:47.491872,69,1.505126953125,74.513
2024-07-17T05:04:47.517000,80,1.505126953125,74.513
2024-07-17T05:04:47.542119,80,1.505126953125,74.513
2024-07-17T05:04:47.567228,80,1.505126953125,74.513
2024-07-17T05:04:47.592338,80,1.505126953125,172.349
2024-07-17T05:04:47.617521,80,1.505126953125,172.349
2024-07-17T05:04:47.642711,80,1.505126953125,172.349
2024-07-17T05:04:47.667858,80,1.505126953125,172.349
2024-07-17T05:04:47.692971,80,1.505126953125,172.349
2024-07-17T05:04:47.718075,53,1.505126953125,155.092
2024-07-17T05:04:47.743164,53,1.505126953125,155.092
2024-07-17T05:04:47.768314,53,1.505126953125,155.092
2024-07-17T05:04:47.793454,53,1.505126953125,87.089
2024-07-17T05:04:47.818569,53,1.505126953125,87.089
2024-07-17T05:04:47.843681,53,1.505126953125,87.089
2024-07-17T05:04:47.868793,53,1.505126953125,87.089
2024-07-17T05:04:47.893915,53,1.505126953125,172.569
2024-07-17T05:04:47.919087,53,1.505126953125,172.569
2024-07-17T05:04:47.944214,76,1.505126953125,172.569
2024-07-17T05:04:47.969355,76,1.505126953125,172.569
2024-07-17T05:04:47.994491,76,1.505126953125,172.569
2024-07-17T05:04:48.019598,76,1.505126953125,167.96
2024-07-17T05:04:48.044770,76,1.505126953125,167.96
2024-07-17T05:04:48.069959,76,1.505126953125,167.96
2024-07-17T05:04:48.095078,76,1.505126953125,167.96
2024-07-17T05:04:48.120189,79,1.505126953125,74.736
2024-07-17T05:04:48.145295,79,1.505126953125,74.736
2024-07-17T05:04:48.170385,79,1.505126953125,74.736
2024-07-17T05:04:48.195549,79,1.505126953125,74.736
2024-07-17T05:04:48.220678,79,1.505126953125,169.562
2024-07-17T05:04:48.245795,79,1.505126953125,169.562
2024-07-17T05:04:48.270910,79,1.505126953125,169.562
2024-07-17T05:04:48.296055,79,1.505126953125,169.562
2024-07-17T05:04:48.321827,79,1.505126953125,164.04
2024-07-17T05:04:48.347003,65,1.505126953125,164.04
2024-07-17T05:04:48.372186,65,1.505126953125,164.04
2024-07-17T05:04:48.397301,65,1.505126953125,164.04
2024-07-17T05:04:48.422407,65,1.505126953125,118.229
2024-07-17T05:04:48.447501,65,1.505126953125,118.229
2024-07-17T05:04:48.472633,65,1.505126953125,118.229
2024-07-17T05:04:48.497786,65,1.505126953125,118.229
2024-07-17T05:04:48.523000,65,1.505126953125,112.407
2024-07-17T05:04:48.548147,80,1.505126953125,112.407
2024-07-17T05:04:48.573280,80,1.505126953125,112.407
2024-07-17T05:04:48.598394,80,1.505126953125,112.407
2024-07-17T05:04:48.623526,80,1.505126953125,112.407
2024-07-17T05:04:48.648849,80,1.505126953125,157.055
2024-07-17T05:04:48.674025,80,1.505126953125,157.055
2024-07-17T05:04:48.699178,80,1.505126953125,157.055
2024-07-17T05:04:48.724294,80,1.505126953125,78.517
2024-07-17T05:04:48.749401,80,1.505126953125,78.517
2024-07-17T05:04:48.774505,59,1.505126953125,78.517
2024-07-17T05:04:48.799657,59,1.505126953125,78.517
2024-07-17T05:04:48.824814,59,1.505126953125,172.363
2024-07-17T05:04:48.849937,59,1.505126953125,172.363
2024-07-17T05:04:48.875049,59,1.505126953125,172.363
2024-07-17T05:04:48.900153,59,1.505126953125,172.363
2024-07-17T05:04:48.925263,59,1.505126953125,171.19
2024-07-17T05:04:48.950427,59,1.505126953125,171.19
2024-07-17T05:04:48.975586,62,1.505126953125,171.19
2024-07-17T05:04:49.000702,62,1.505126953125,171.19
2024-07-17T05:04:49.025832,62,1.505126953125,171.19
2024-07-17T05:04:49.050945,62,1.505126953125,128.947
2024-07-17T05:04:49.076827,62,1.505126953125,128.947
2024-07-17T05:04:49.102001,62,1.505126953125,128.947
2024-07-17T05:04:49.127124,62,1.505126953125,128.947
2024-07-17T05:04:49.152237,82,1.505126953125,123.555
2024-07-17T05:04:49.177343,82,1.505126953125,123.555
2024-07-17T05:04:49.202432,82,1.505126953125,123.555
2024-07-17T05:04:49.227612,82,1.505126953125,123.555
2024-07-17T05:04:49.252750,82,1.505126953125,173.715
2024-07-17T05:04:49.277877,82,1.505126953125,173.715
2024-07-17T05:04:49.302991,82,1.505126953125,173.715
2024-07-17T05:04:49.328098,82,1.505126953125,173.715
2024-07-17T05:04:49.353206,82,1.505126953125,173.715
2024-07-17T05:04:49.378387,65,1.505126953125,82.109
2024-07-17T05:04:49.403513,65,1.505126953125,82.109
2024-07-17T05:04:49.428631,65,1.505126953125,82.109
2024-07-17T05:04:49.453743,65,1.505126953125,82.109
2024-07-17T05:04:49.478857,65,1.505126953125,82.109
2024-07-17T05:04:49.504000,65,1.505126953125,82.109
2024-07-17T05:04:49.529152,65,1.505126953125,82.109
2024-07-17T05:04:49.554311,65,1.505126953125,172.587
2024-07-17T05:04:49.579428,65,1.505126953125,172.587
2024-07-17T05:04:49.604535,76,1.505126953125,172.587
2024-07-17T05:04:49.629628,76,1.507080078125,172.587
2024-07-17T05:04:49.654773,76,1.507080078125,167.84
2024-07-17T05:04:49.679987,76,1.507080078125,167.84
2024-07-17T05:04:49.705112,76,1.507080078125,167.84
2024-07-17T05:04:49.730227,76,1.507080078125,167.84
2024-07-17T05:04:49.755353,76,1.507080078125,71.822
2024-07-17T05:04:49.780458,76,1.507080078125,71.822
2024-07-17T05:04:49.805648,77,1.507080078125,71.822
2024-07-17T05:04:49.830786,77,1.507080078125,71.822
2024-07-17T05:04:49.855856,77,1.507080078125,71.822
2024-07-17T05:04:49.880966,77,1.507080078125,172.601
2024-07-17T05:04:49.906069,77,1.507080078125,172.601
2024-07-17T05:04:49.931162,77,1.507080078125,172.601
2024-07-17T05:04:49.956300,77,1.507080078125,172.601
2024-07-17T05:04:49.981428,59,1.507080078125,129.298
2024-07-17T05:04:50.006594,59,1.507080078125,129.298
2024-07-17T05:04:50.031704,59,1.507080078125,129.298
2024-07-17T05:04:50.056815,59,1.507080078125,129.298
2024-07-17T05:04:50.082009,59,1.507080078125,126.443
2024-07-17T05:04:50.107183,59,1.507080078125,126.443
2024-07-17T05:04:50.132331,59,1.507080078125,126.443
2024-07-17T05:04:50.157444,59,1.507080078125,126.443
2024-07-17T05:04:50.182550,59,1.507080078125,173.796
2024-07-17T05:04:50.207641,81,1.507080078125,173.796
2024-07-17T05:04:50.232839,81,1.507080078125,173.796
2024-07-17T05:04:50.258081,81,1.507080078125,173.796
2024-07-17T05:04:50.283198,81,1.507080078125,173.796
2024-07-17T05:04:50.308309,81,1.507080078125,160.728
2024-07-17T05:04:50.333415,81,1.507080078125,160.728
2024-07-17T05:04:50.358508,81,1.507080078125,160.728
2024-07-17T05:04:50.383662,81,1.507080078125,160.728
2024-07-17T05:04:50.408789,65,1.507080078125,82.144
2024-07-17T05:04:50.433911,65,1.507080078125,82.144
2024-07-17T05:04:50.459022,65,1.507080078125,82.144
2024-07-17T05:04:50.484154,65,1.507080078125,173.926
2024-07-17T05:04:50.509296,65,1.507080078125,173.926
2024-07-17T05:04:50.534474,65,1.507080078125,173.926
2024-07-17T05:04:50.559678,65,1.507080078125,173.926
2024-07-17T05:04:50.584843,65,1.507080078125,96.081
2024-07-17T05:04:50.609967,65,1.507080078125,96.081
2024-07-17T05:04:50.635077,77,1.507080078125,96.081
2024-07-17T05:04:50.660167,77,1.507080078125,96.081
2024-07-17T05:04:50.685358,77,1.507080078125,96.081
2024-07-17T05:04:50.710561,77,1.507080078125,106.993
2024-07-17T05:04:50.735720,77,1.507080078125,106.993
2024-07-17T05:04:50.760832,77,1.507080078125,106.993
2024-07-17T05:04:50.785948,77,1.507080078125,106.993
2024-07-17T05:04:50.811040,77,1.507080078125,172.358
2024-07-17T05:04:50.836219,62,1.507080078125,172.358
2024-07-17T05:04:50.861347,62,1.507080078125,172.358
2024-07-17T05:04:50.886465,62,1.507080078125,172.358
2024-07-17T05:04:50.911575,62,1.507080078125,166.478
2024-07-17T05:04:50.936687,62,1.507080078125,166.478
2024-07-17T05:04:50.962168,62,1.507080078125,166.478
2024-07-17T05:04:50.987348,62,1.507080078125,166.478
2024-07-17T05:04:51.012481,62,1.507080078125,81.094
2024-07-17T05:04:51.037595,81,1.507080078125,81.094
2024-07-17T05:04:51.062700,81,1.507080078125,81.094
2024-07-17T05:04:51.087791,81,1.507080078125,81.094
2024-07-17T05:04:51.112970,81,1.507080078125,174.147
2024-07-17T05:04:51.138097,81,1.507080078125,174.147
2024-07-17T05:04:51.163216,81,1.507080078125,174.147
2024-07-17T05:04:51.188330,81,1.507080078125,174.147
2024-07-17T05:04:51.213454,81,1.507080078125,172.661
2024-07-17T05:04:51.238547,81,1.507080078125,172.661
2024-07-17T05:04:51.263733,75,1.507080078125,172.661
2024-07-17T05:04:51.288893,75,1.507080078125,172.661
2024-07-17T05:04:51.314027,75,1.507080078125,172.661
2024-07-17T05:04:51.339139,75,1.507080078125,123.688
2024-07-17T05:04:51.364252,75,1.507080078125,123.688
2024-07-17T05:04:51.389949,75,1.507080078125,123.688
2024-07-17T05:04:51.415136,75,1.507080078125,123.688
2024-07-17T05:04:51.440258,75,1.507080078125,139.871
2024-07-17T05:04:51.465373,75,1.507080078125,139.871
2024-07-17T05:04:51.490481,75,1.507080078125,139.871
2024-07-17T05:04:51.515569,75,1.507080078125,174.891
2024-07-17T05:04:51.540713,75,1.507080078125,174.891
2024-07-17T05:04:51.565840,75,1.507080078125,174.891
2024-07-17T05:04:51.590962,75,1.507080078125,174.891
2024-07-17T05:04:51.616075,75,1.507080078125,174.891
2024-07-17T05:04:51.641480,75,1.507080078125,162.966
2024-07-17T05:04:51.666587,82,1.507080078125,162.966
2024-07-17T05:04:51.691725,82,1.507080078125,162.966
2024-07-17T05:04:51.716886,82,1.507080078125,162.966
2024-07-17T05:04:51.742136,82,1.507080078125,81.55
2024-07-17T05:04:51.767282,82,1.507080078125,81.55
2024-07-17T05:04:51.792404,82,1.507080078125,81.55
2024-07-17T05:04:51.817513,82,1.507080078125,81.55
2024-07-17T05:04:51.842625,82,1.507080078125,162.742
2024-07-17T05:04:51.867792,53,1.507080078125,162.742
2024-07-17T05:04:51.892996,53,1.507080078125,162.742
2024-07-17T05:04:51.918114,53,1.507080078125,162.742
2024-07-17T05:04:51.943245,53,1.507080078125,93.68
2024-07-17T05:04:51.968340,53,1.507080078125,93.68
2024-07-17T05:04:51.993707,53,1.507080078125,93.68
2024-07-17T05:04:52.018879,53,1.507080078125,93.68
2024-07-17T05:04:52.044055,53,1.507080078125,146.299
2024-07-17T05:04:52.069169,70,1.507080078125,146.299
2024-07-17T05:04:52.094275,70,1.507080078125,146.299
2024-07-17T05:04:52.119366,70,1.507080078125,146.299
2024-07-17T05:04:52.144548,70,1.507080078125,166.778
2024-07-17T05:04:52.169688,70,1.507080078125,166.778
2024-07-17T05:04:52.194827,70,1.507080078125,166.778
2024-07-17T05:04:52.219944,70,1.507080078125,166.778
2024-07-17T05:04:52.245059,70,1.507080078125,160.041
2024-07-17T05:04:52.270186,70,1.507080078125,160.041
2024-07-17T05:04:52.295342,80,1.507080078125,160.041
2024-07-17T05:04:52.320573,80,1.507080078125,160.041
2024-07-17T05:04:52.345754,80,1.507080078125,80.777
2024-07-17T05:04:52.370854,80,1.507080078125,80.777
2024-07-17T05:04:52.395961,80,1.507080078125,80.777
2024-07-17T05:04:52.421053,80,1.507080078125,80.777
2024-07-17T05:04:52.446187,80,1.507080078125,80.777
2024-07-17T05:04:52.471329,51,1.507080078125,168.843
2024-07-17T05:04:52.496481,51,1.507080078125,168.843
2024-07-17T05:04:52.521596,51,1.507080078125,168.843
2024-07-17T05:04:52.546715,51,1.507080078125,165.51
2024-07-17T05:04:52.571925,51,1.507080078125,165.51
2024-07-17T05:04:52.597076,51,1.507080078125,165.51
2024-07-17T05:04:52.622282,51,1.507080078125,165.51
2024-07-17T05:04:52.647401,51,1.507080078125,79.129
2024-07-17T05:04:52.672512,51,1.507080078125,79.129
2024-07-17T05:04:52.697607,80,1.507080078125,79.129
2024-07-17T05:04:52.722781,80,1.507080078125,79.129
2024-07-17T05:04:52.747958,80,1.507080078125,168.164
2024-07-17T05:04:52.773147,80,1.507080078125,168.164
2024-07-17T05:04:52.798264,80,1.507080078125,168.164
2024-07-17T05:04:52.823370,80,1.507080078125,168.164
2024-07-17T05:04:52.848469,80,1.507080078125,168.164
2024-07-17T05:04:52.873646,80,1.507080078125,172.666
2024-07-17T05:04:52.898856,75,1.507080078125,172.666
2024-07-17T05:04:52.923974,75,1.507080078125,172.666
2024-07-17T05:04:52.949086,75,1.507080078125,172.666
2024-07-17T05:04:52.974179,75,1.507080078125,103.456
2024-07-17T05:04:52.999330,75,1.507080078125,103.456
2024-07-17T05:04:53.024516,75,1.507080078125,103.456
2024-07-17T05:04:53.049670,75,1.507080078125,103.456
2024-07-17T05:04:53.074809,75,1.507080078125,103.456
2024-07-17T05:04:53.099955,49,1.507080078125,148.076
2024-07-17T05:04:53.125070,49,1.507080078125,148.076
2024-07-17T05:04:53.150185,49,1.507080078125,148.076
2024-07-17T05:04:53.175341,49,1.507080078125,148.076
2024-07-17T05:04:53.200508,49,1.507080078125,148.076
2024-07-17T05:04:53.225648,49,1.507080078125,148.076
2024-07-17T05:04:53.250763,49,1.507080078125,148.076
2024-07-17T05:04:53.275851,49,1.507080078125,78.557
2024-07-17T05:04:53.300941,49,1.507080078125,78.557
2024-07-17T05:04:53.326080,72,1.507080078125,78.557
2024-07-17T05:04:53.351226,72,1.507080078125,78.557
2024-07-17T05:04:53.376418,72,1.507080078125,174.12
2024-07-17T05:04:53.401530,72,1.507080078125,174.12
2024-07-17T05:04:53.426643,72,1.507080078125,174.12
2024-07-17T05:04:53.451820,72,1.507080078125,174.12
2024-07-17T05:04:53.477016,72,1.507080078125,174.12
2024-07-17T05:04:53.502162,70,1.507080078125,146.743
2024-07-17T05:04:53.527276,70,1.507080078125,146.743
2024-07-17T05:04:53.552386,70,1.507080078125,146.743
2024-07-17T05:04:53.577478,70,1.507080078125,146.743
2024-07-17T05:04:53.602691,70,1.507080078125,146.743
2024-07-17T05:04:53.627874,70,1.507080078125,146.743
2024-07-17T05:04:53.653010,70,1.507080078125,146.743
2024-07-17T05:04:53.678123,70,1.507080078125,93.506
2024-07-17T05:04:53.703233,70,1.507080078125,93.506
2024-07-17T05:04:53.728427,73,1.507080078125,93.506
2024-07-17T05:04:53.753575,73,1.507080078125,93.506
2024-07-17T05:04:53.778733,73,1.507080078125,93.506
2024-07-17T05:04:53.803854,73,1.507080078125,171.141
2024-07-17T05:04:53.828964,73,1.507080078125,171.141
2024-07-17T05:04:53.854058,73,1.509033203125,171.141
2024-07-17T05:04:53.882609,73,1.509033203125,71.473
2024-07-17T05:04:53.907767,73,1.509033203125,71.473
2024-07-17T05:04:53.932888,79,1.509033203125,71.473
2024-07-17T05:04:53.958065,79,1.509033203125,71.473
2024-07-17T05:04:53.983185,79,1.509033203125,71.473
2024-07-17T05:04:54.008295,79,1.509033203125,174.246
2024-07-17T05:04:54.033503,79,1.509033203125,174.246
2024-07-17T05:04:54.058679,79,1.509033203125,174.246
2024-07-17T05:04:54.083831,79,1.509033203125,174.246
2024-07-17T05:04:54.108948,79,1.509033203125,174.246
2024-07-17T05:04:54.134075,54,1.509033203125,168.408
2024-07-17T05:04:54.159167,54,1.509033203125,168.408
2024-07-17T05:04:54.184325,54,1.509033203125,168.408
2024-07-17T05:04:54.209453,54,1.509033203125,74.758
2024-07-17T05:04:54.234593,54,1.509033203125,74.758
2024-07-17T05:04:54.259706,54,1.509033203125,74.758
2024-07-17T05:04:54.284818,54,1.509033203125,74.758
2024-07-17T05:04:54.310007,54,1.509033203125,174.762
2024-07-17T05:04:54.335231,80,1.509033203125,174.762
2024-07-17T05:04:54.360376,80,1.509033203125,174.762
2024-07-17T05:04:54.385491,80,1.509033203125,174.762
2024-07-17T05:04:54.410599,80,1.509033203125,174.762
2024-07-17T05:04:54.435696,80,1.509033203125,173.916
2024-07-17T05:04:54.460876,80,1.509033203125,173.916
2024-07-17T05:04:54.486015,80,1.509033203125,173.916
2024-07-17T05:04:54.511199,80,1.509033203125,173.916
2024-07-17T05:04:54.536329,67,1.509033203125,157.398
2024-07-17T05:04:54.561447,67,1.509033203125,157.398
2024-07-17T05:04:54.586575,67,1.509033203125,157.398
2024-07-17T05:04:54.611752,67,1.509033203125,157.398
2024-07-17T05:04:54.636894,67,1.509033203125,87.207
2024-07-17T05:04:54.662012,67,1.509033203125,87.207
2024-07-17T05:04:54.687121,67,1.509033203125,87.207
2024-07-17T05:04:54.712217,67,1.509033203125,87.207
2024-07-17T05:04:54.737364,67,1.509033203125,175.019
2024-07-17T05:04:54.762536,75,1.509033203125,175.019
2024-07-17T05:04:54.787702,75,1.509033203125,175.019
2024-07-17T05:04:54.812863,75,1.509033203125,175.019
2024-07-17T05:04:54.838016,75,1.512939453125,65.713
2024-07-17T05:04:54.863175,75,1.520751953125,65.713
2024-07-17T05:04:54.888304,75,1.530517578125,65.713
2024-07-17T05:04:54.913438,75,1.532470703125,65.713
2024-07-17T05:04:54.940986,28,1.532470703125,66.297
2024-07-17T05:04:54.966157,28,1.532470703125,66.297
2024-07-17T05:04:54.991375,28,1.534423828125,66.297
2024-07-17T05:04:55.016594,28,1.540283203125,66.297
2024-07-17T05:04:55.041752,28,1.557861328125,66.297
2024-07-17T05:04:55.066859,28,1.571533203125,65.591
2024-07-17T05:04:55.091994,28,1.571533203125,65.591
2024-07-17T05:04:55.117250,28,1.571533203125,65.591
2024-07-17T05:04:55.142448,28,1.571533203125,65.591
2024-07-17T05:04:55.167677,2,1.571533203125,65.172
2024-07-17T05:04:55.192884,2,1.577392578125,65.172
2024-07-17T05:04:55.218018,2,1.593017578125,65.172
2024-07-17T05:04:55.243179,2,1.602783203125,65.172
2024-07-17T05:04:55.268362,2,1.614501953125,65.592
2024-07-17T05:04:55.293508,2,1.624267578125,65.592
2024-07-17T05:04:55.318676,2,1.635986328125,65.592
2024-07-17T05:04:55.343830,2,1.649658203125,67.235
2024-07-17T05:04:55.368988,2,1.663330078125,67.235
2024-07-17T05:04:55.394137,2,1.677001953125,67.235
2024-07-17T05:04:55.419395,2,1.690673828125,67.235
2024-07-17T05:04:55.444530,2,1.704345703125,67.235
2024-07-17T05:04:55.469730,2,1.723876953125,67.166
2024-07-17T05:04:55.494929,2,1.741455078125,67.166
2024-07-17T05:04:55.520134,2,1.759033203125,67.166
2024-07-17T05:04:55.545269,2,1.778564453125,66.744
2024-07-17T05:04:55.570477,2,1.788330078125,66.744
2024-07-17T05:04:55.595676,6,1.800048828125,66.744
2024-07-17T05:04:55.620833,6,1.811767578125,66.744
2024-07-17T05:04:55.646022,6,1.823486328125,66.744
2024-07-17T05:04:55.671229,6,1.835205078125,66.972
2024-07-17T05:04:55.696377,6,1.848876953125,66.972
2024-07-17T05:04:55.721600,6,1.862548828125,66.972
2024-07-17T05:04:55.746758,6,1.876220703125,66.972
2024-07-17T05:04:55.771860,6,1.905517578125,67.137
2024-07-17T05:04:55.797004,6,1.905517578125,67.137
2024-07-17T05:04:55.822183,6,1.905517578125,67.137
2024-07-17T05:04:55.847358,6,1.913330078125,67.137
2024-07-17T05:04:55.872511,6,1.913330078125,65.317
2024-07-17T05:04:55.897676,6,2.153564453125,65.317
2024-07-17T05:04:55.922862,6,2.153564453125,65.317
2024-07-17T05:04:55.947981,6,2.153564453125,65.317
2024-07-17T05:04:55.973100,6,2.153564453125,69.908
2024-07-17T05:04:55.998332,4,2.153564453125,69.908
2024-07-17T05:04:56.023520,4,2.153564453125,69.908
2024-07-17T05:04:56.048656,4,2.153564453125,69.908
2024-07-17T05:04:56.073771,4,2.153564453125,81.614
2024-07-17T05:04:56.098850,4,2.153564453125,81.614
2024-07-17T05:04:56.123941,4,2.153564453125,81.614
2024-07-17T05:04:56.149123,4,2.153564453125,81.614
2024-07-17T05:04:56.174271,4,2.153564453125,169.736
2024-07-17T05:04:56.199401,4,2.153564453125,169.736
2024-07-17T05:04:56.224537,59,2.153564453125,169.736
2024-07-17T05:04:56.249655,59,2.153564453125,169.736
2024-07-17T05:04:56.274865,59,2.153564453125,166.671
2024-07-17T05:04:56.300011,59,2.153564453125,166.671
2024-07-17T05:04:56.325150,59,2.153564453125,166.671
2024-07-17T05:04:56.350266,59,2.153564453125,166.671
2024-07-17T05:04:56.375375,59,2.153564453125,166.671
2024-07-17T05:04:56.400465,73,2.153564453125,105.707
2024-07-17T05:04:56.425642,73,2.153564453125,105.707
2024-07-17T05:04:56.450798,73,2.153564453125,105.707
2024-07-17T05:04:56.475921,73,2.153564453125,109.386
2024-07-17T05:04:56.501037,73,2.153564453125,109.386
2024-07-17T05:04:56.526156,73,2.153564453125,109.386
2024-07-17T05:04:56.551356,73,2.153564453125,109.386
2024-07-17T05:04:56.576520,73,2.153564453125,109.386
2024-07-17T05:04:56.601715,73,2.153564453125,170.708
2024-07-17T05:04:56.626871,68,2.153564453125,170.708
2024-07-17T05:04:56.651984,68,2.153564453125,170.708
2024-07-17T05:04:56.677093,68,2.155517578125,170.708
2024-07-17T05:04:56.702299,68,2.155517578125,74.901
2024-07-17T05:04:56.727445,68,2.155517578125,74.901
2024-07-17T05:04:56.752592,68,2.155517578125,74.901
2024-07-17T05:04:56.777882,68,2.155517578125,74.901
2024-07-17T05:04:56.803140,68,2.155517578125,112.505
2024-07-17T05:04:56.828264,82,2.155517578125,112.505
2024-07-17T05:04:56.853381,82,2.155517578125,112.505
2024-07-17T05:04:56.878486,82,2.155517578125,112.505
2024-07-17T05:04:56.903578,82,2.155517578125,112.505
2024-07-17T05:04:56.928718,82,2.155517578125,112.505
2024-07-17T05:04:56.953899,82,2.155517578125,112.505
2024-07-17T05:04:56.979055,82,2.155517578125,112.505
2024-07-17T05:04:57.004166,82,2.155517578125,103.205
2024-07-17T05:04:57.029277,39,2.155517578125,103.205
2024-07-17T05:04:57.054414,39,2.155517578125,103.205
2024-07-17T05:04:57.079599,39,2.155517578125,103.205
2024-07-17T05:04:57.104787,39,2.155517578125,171.574
2024-07-17T05:04:57.129909,39,2.155517578125,171.574
2024-07-17T05:04:57.155018,39,2.155517578125,171.574
2024-07-17T05:04:57.180110,39,2.155517578125,171.574
2024-07-17T05:04:57.205290,39,2.155517578125,78.555
2024-07-17T05:04:57.230450,39,2.155517578125,78.555
2024-07-17T05:04:57.255569,63,2.155517578125,78.555
2024-07-17T05:04:57.280682,63,2.155517578125,78.555
2024-07-17T05:04:57.305786,63,2.155517578125,78.555
2024-07-17T05:04:57.330880,63,2.155517578125,172.18
2024-07-17T05:04:57.356035,63,2.155517578125,172.18
2024-07-17T05:04:57.381188,63,2.155517578125,172.18
2024-07-17T05:04:57.406305,63,2.155517578125,172.18
2024-07-17T05:04:57.431418,76,2.155517578125,170.586
2024-07-17T05:04:57.456530,76,2.155517578125,170.586
2024-07-17T05:04:57.481671,76,2.155517578125,170.586
2024-07-17T05:04:57.506852,76,2.155517578125,170.586
2024-07-17T05:04:57.531989,76,2.155517578125,91.284
2024-07-17T05:04:57.557125,76,2.155517578125,91.284
2024-07-17T05:04:57.582233,76,2.155517578125,91.284
2024-07-17T05:04:57.607324,76,2.155517578125,91.284
2024-07-17T05:04:57.632512,76,2.155517578125,173.096
2024-07-17T05:04:57.657761,78,2.155517578125,173.096
2024-07-17T05:04:57.682884,78,2.155517578125,173.096
2024-07-17T05:04:57.707996,78,2.155517578125,173.096
2024-07-17T05:04:57.733103,78,2.155517578125,173.096
2024-07-17T05:04:57.758194,78,2.155517578125,171.597
2024-07-17T05:04:57.783333,78,2.155517578125,171.597
2024-07-17T05:04:57.808518,78,2.155517578125,171.597
2024-07-17T05:04:57.833657,78,2.155517578125,171.597
2024-07-17T05:04:57.858773,64,2.155517578125,128.815
2024-07-17T05:04:57.883850,64,2.155517578125,128.815
2024-07-17T05:04:57.908942,64,2.155517578125,128.815
2024-07-17T05:04:57.934201,64,2.155517578125,126.829
2024-07-17T05:04:57.959471,64,2.155517578125,126.829
2024-07-17T05:04:57.984594,64,2.155517578125,126.829
2024-07-17T05:04:58.009711,64,2.155517578125,126.829
2024-07-17T05:04:58.036194,64,2.155517578125,172.678
2024-07-17T05:04:58.061357,64,2.155517578125,172.678
2024-07-17T05:04:58.086532,55,2.155517578125,172.678
2024-07-17T05:04:58.111648,55,2.155517578125,172.678
2024-07-17T05:04:58.136759,55,2.155517578125,172.678
2024-07-17T05:04:58.161858,55,2.155517578125,172.785
2024-07-17T05:04:58.187029,55,2.155517578125,172.785
2024-07-17T05:04:58.212156,55,2.155517578125,172.785
2024-07-17T05:04:58.237276,55,2.155517578125,172.785
2024-07-17T05:04:58.262392,55,2.155517578125,114.646
2024-07-17T05:04:58.287501,55,2.155517578125,114.646
2024-07-17T05:04:58.312668,55,2.155517578125,114.646
2024-07-17T05:04:58.337834,55,2.155517578125,114.646
2024-07-17T05:04:58.363012,55,2.155517578125,127.32
2024-07-17T05:04:58.388131,55,2.155517578125,127.32
2024-07-17T05:04:58.413247,55,2.155517578125,127.32
2024-07-17T05:04:58.438368,55,2.155517578125,127.32
2024-07-17T05:04:58.463501,55,2.155517578125,173.846
2024-07-17T05:04:58.488677,65,2.155517578125,173.846
2024-07-17T05:04:58.513826,65,2.155517578125,173.846
2024-07-17T05:04:58.538950,65,2.155517578125,173.846
2024-07-17T05:04:58.564065,65,2.155517578125,157.55
2024-07-17T05:04:58.589177,65,2.155517578125,157.55
2024-07-17T05:04:58.614345,65,2.155517578125,157.55
2024-07-17T05:04:58.639486,65,2.155517578125,157.55
2024-07-17T05:04:58.664605,65,2.155517578125,83.819
2024-07-17T05:04:58.689721,74,2.155517578125,83.819
2024-07-17T05:04:58.714850,74,2.155517578125,83.819
2024-07-17T05:04:58.739944,74,2.155517578125,83.819
2024-07-17T05:04:58.765089,74,2.155517578125,83.819
2024-07-17T05:04:58.790275,74,2.155517578125,174.518
2024-07-17T05:04:58.815498,74,2.186767578125,174.518
2024-07-17T05:04:58.840803,74,2.186767578125,174.518
2024-07-17T05:04:58.865932,74,2.186767578125,65.739
2024-07-17T05:04:58.891046,74,2.186767578125,65.739
2024-07-17T05:04:58.916156,53,2.186767578125,65.739
2024-07-17T05:04:58.941287,53,2.186767578125,65.739
2024-07-17T05:04:58.966464,53,2.186767578125,65.739
2024-07-17T05:04:58.991622,53,2.186767578125,161.071
2024-07-17T05:04:59.016741,53,2.186767578125,161.071
2024-07-17T05:04:59.041850,53,2.186767578125,161.071
2024-07-17T05:04:59.066940,53,2.186767578125,164.134
2024-07-17T05:04:59.092127,53,2.186767578125,164.134
2024-07-17T05:04:59.117284,73,2.186767578125,164.134
2024-07-17T05:04:59.142424,73,2.186767578125,164.134
2024-07-17T05:04:59.167544,73,2.186767578125,164.134
2024-07-17T05:04:59.192659,73,2.186767578125,129.407
2024-07-17T05:04:59.217795,73,2.186767578125,129.407
2024-07-17T05:04:59.242966,73,2.186767578125,129.407
2024-07-17T05:04:59.268145,73,2.186767578125,129.407
2024-07-17T05:04:59.293265,69,2.186767578125,97.228
2024-07-17T05:04:59.318377,69,2.186767578125,97.228
2024-07-17T05:04:59.343471,69,2.186767578125,97.228
2024-07-17T05:04:59.368634,69,2.186767578125,97.228
2024-07-17T05:04:59.393788,69,2.186767578125,97.228
2024-07-17T05:04:59.418967,69,2.186767578125,168.667
2024-07-17T05:04:59.444084,69,2.186767578125,168.667
2024-07-17T05:04:59.469200,69,2.186767578125,168.667
2024-07-17T05:04:59.494441,69,2.186767578125,165.918
2024-07-17T05:04:59.519663,74,2.186767578125,165.918
2024-07-17T05:04:59.544812,74,2.186767578125,165.918
2024-07-17T05:04:59.569933,74,2.186767578125,165.918
2024-07-17T05:04:59.595075,74,2.186767578125,165.918
2024-07-17T05:04:59.620222,74,2.186767578125,82.875
2024-07-17T05:04:59.645360,74,2.186767578125,82.875
2024-07-17T05:04:59.670512,74,2.186767578125,82.875
2024-07-17T05:04:59.695634,74,2.186767578125,82.875
2024-07-17T05:04:59.720760,64,2.186767578125,126.381
2024-07-17T05:04:59.745861,64,2.186767578125,126.381
2024-07-17T05:04:59.771051,64,2.186767578125,126.381
2024-07-17T05:04:59.796189,64,2.186767578125,172.161
2024-07-17T05:04:59.821322,64,2.186767578125,172.161
2024-07-17T05:04:59.846442,64,2.186767578125,172.161
2024-07-17T05:04:59.871560,64,2.186767578125,172.161
2024-07-17T05:04:59.896698,64,2.186767578125,167.369
2024-07-17T05:04:59.921890,64,2.186767578125,167.369
2024-07-17T05:04:59.947060,73,2.186767578125,167.369
2024-07-17T05:04:59.972180,73,2.186767578125,167.369
2024-07-17T05:04:59.997297,73,2.186767578125,167.369
2024-07-17T05:05:00.022390,73,2.186767578125,134.986
2024-07-17T05:05:00.047560,73,2.186767578125,134.986
2024-07-17T05:05:00.072754,73,2.186767578125,134.986
2024-07-17T05:05:00.097889,73,2.186767578125,134.986
2024-07-17T05:05:00.123004,73,2.186767578125,134.986
2024-07-17T05:05:00.148123,59,2.186767578125,134.986
2024-07-17T05:05:00.173252,59,2.186767578125,134.986
2024-07-17T05:05:00.198437,59,2.186767578125,134.986
2024-07-17T05:05:00.223610,59,2.186767578125,172.763
2024-07-17T05:05:00.248730,59,2.186767578125,172.763
2024-07-17T05:05:00.273847,59,2.186767578125,172.763
2024-07-17T05:05:00.298962,59,2.186767578125,172.763
2024-07-17T05:05:00.324287,59,2.186767578125,149.496
2024-07-17T05:05:00.349496,79,2.186767578125,149.496
2024-07-17T05:05:00.374625,79,2.186767578125,149.496
2024-07-17T05:05:00.399744,79,2.186767578125,149.496
2024-07-17T05:05:00.424853,79,2.186767578125,149.496
2024-07-17T05:05:00.449970,79,2.186767578125,171.671
2024-07-17T05:05:00.475987,79,2.186767578125,171.671
2024-07-17T05:05:00.501167,79,2.186767578125,171.671
2024-07-17T05:05:00.526329,79,2.186767578125,171.671
2024-07-17T05:05:00.551445,61,2.186767578125,159.39
2024-07-17T05:05:00.576562,61,2.186767578125,159.39
2024-07-17T05:05:00.603598,61,2.186767578125,159.39
2024-07-17T05:05:00.628808,61,2.186767578125,159.39
2024-07-17T05:05:00.653970,61,2.186767578125,78.9
2024-07-17T05:05:00.679106,61,2.186767578125,78.9
2024-07-17T05:05:00.704219,61,2.186767578125,78.9
2024-07-17T05:05:00.729331,61,2.186767578125,174.504
2024-07-17T05:05:00.754476,75,2.186767578125,174.504
2024-07-17T05:05:00.779649,75,2.186767578125,174.504
2024-07-17T05:05:00.804795,75,2.186767578125,174.504
2024-07-17T05:05:00.829919,75,2.186767578125,172.859
2024-07-17T05:05:00.855032,75,2.186767578125,172.859
2024-07-17T05:05:00.880144,75,2.186767578125,172.859
2024-07-17T05:05:00.905295,75,2.186767578125,172.859
2024-07-17T05:05:00.930492,75,2.186767578125,172.859
2024-07-17T05:05:00.955658,75,2.186767578125,118.012
2024-07-17T05:05:00.980775,71,2.186767578125,118.012
2024-07-17T05:05:01.007039,71,2.186767578125,118.012
2024-07-17T05:05:01.032171,71,2.186767578125,118.012
2024-07-17T05:05:01.057330,71,2.186767578125,111.304
2024-07-17T05:05:01.082471,71,2.186767578125,111.304
2024-07-17T05:05:01.107627,71,2.186767578125,111.304
2024-07-17T05:05:01.132740,71,2.186767578125,111.304
2024-07-17T05:05:01.157977,71,2.186767578125,171.416
2024-07-17T05:05:01.183734,60,2.186767578125,171.416
2024-07-17T05:05:01.208878,60,2.186767578125,171.416
2024-07-17T05:05:01.234052,60,2.186767578125,171.416
2024-07-17T05:05:01.259228,60,2.186767578125,152.042
2024-07-17T05:05:01.284339,60,2.186767578125,152.042
2024-07-17T05:05:01.309449,60,2.186767578125,152.042
2024-07-17T05:05:01.334597,60,2.186767578125,152.042
2024-07-17T05:05:01.359766,60,2.186767578125,85.893
2024-07-17T05:05:01.384857,79,2.186767578125,85.893
2024-07-17T05:05:01.409972,79,2.186767578125,85.893
2024-07-17T05:05:01.435079,79,2.186767578125,85.893
2024-07-17T05:05:01.460176,79,2.186767578125,85.893
2024-07-17T05:05:01.485327,79,2.186767578125,169.639
2024-07-17T05:05:01.510506,79,2.186767578125,169.639
2024-07-17T05:05:01.535664,79,2.186767578125,169.639
2024-07-17T05:05:01.560780,79,2.186767578125,165.184
2024-07-17T05:05:01.585859,79,2.186767578125,165.184
2024-07-17T05:05:01.612278,60,2.186767578125,165.184
2024-07-17T05:05:01.637462,60,2.186767578125,165.184
2024-07-17T05:05:01.662608,60,2.186767578125,78.703
2024-07-17T05:05:01.687726,60,2.186767578125,78.703
2024-07-17T05:05:01.712835,60,2.186767578125,78.703
2024-07-17T05:05:01.737931,60,2.186767578125,78.703
2024-07-17T05:05:01.763111,60,2.186767578125,78.703
2024-07-17T05:05:01.788276,78,2.186767578125,171.67
2024-07-17T05:05:01.813395,78,2.186767578125,171.67
2024-07-17T05:05:01.838516,78,2.186767578125,171.67
2024-07-17T05:05:01.863636,78,2.186767578125,172.684
2024-07-17T05:05:01.888771,78,2.186767578125,172.684
2024-07-17T05:05:01.913968,78,2.186767578125,172.684
2024-07-17T05:05:01.939097,78,2.186767578125,172.684
2024-07-17T05:05:01.964253,78,2.186767578125,172.684
2024-07-17T05:05:01.989375,78,2.186767578125,138.838
2024-07-17T05:05:02.014490,70,2.186767578125,138.838
2024-07-17T05:05:02.039635,70,2.186767578125,138.838
2024-07-17T05:05:02.064812,70,2.186767578125,138.838
2024-07-17T05:05:02.089955,70,2.186767578125,104.138
2024-07-17T05:05:02.115071,70,2.186767578125,104.138
2024-07-17T05:05:02.140182,70,2.186767578125,104.138
2024-07-17T05:05:02.165281,70,2.186767578125,104.138
2024-07-17T05:05:02.190458,70,2.427001953125,173.83
2024-07-17T05:05:02.215671,70,2.427001953125,173.83
2024-07-17T05:05:02.240866,70,2.427001953125,173.83
2024-07-17T05:05:02.265983,70,2.427001953125,173.83
2024-07-17T05:05:02.291099,70,2.427001953125,173.83
2024-07-17T05:05:02.318138,70,2.427001953125,159.214
2024-07-17T05:05:02.343295,70,2.427001953125,159.214
2024-07-17T05:05:02.368467,70,2.427001953125,159.214
2024-07-17T05:05:02.393584,70,2.427001953125,82.702
2024-07-17T05:05:02.418695,75,2.427001953125,82.702
2024-07-17T05:05:02.443792,75,2.427001953125,82.702
2024-07-17T05:05:02.468972,75,2.427001953125,82.702
2024-07-17T05:05:02.494161,75,2.427001953125,82.702
2024-07-17T05:05:02.519293,75,2.427001953125,179.562
2024-07-17T05:05:02.544409,75,2.427001953125,179.562
2024-07-17T05:05:02.569518,75,2.427001953125,179.562
2024-07-17T05:05:02.594610,75,2.427001953125,176.581
2024-07-17T05:05:02.619816,75,2.427001953125,176.581
2024-07-17T05:05:02.645000,65,2.427001953125,176.581
2024-07-17T05:05:02.670120,65,2.427001953125,176.581
2024-07-17T05:05:02.695231,65,2.427001953125,176.581
2024-07-17T05:05:02.720324,65,2.427001953125,142.13
2024-07-17T05:05:02.745523,65,2.427001953125,142.13
2024-07-17T05:05:02.770684,65,2.427001953125,142.13
2024-07-17T05:05:02.795821,65,2.427001953125,142.13
2024-07-17T05:05:02.820939,82,2.427001953125,118.836
2024-07-17T05:05:02.846056,82,2.427001953125,118.836
2024-07-17T05:05:02.871153,82,2.427001953125,118.836
2024-07-17T05:05:02.896305,82,2.427001953125,118.836
2024-07-17T05:05:02.921499,82,2.427001953125,179.918
2024-07-17T05:05:02.946641,82,2.427001953125,179.918
2024-07-17T05:05:02.971774,82,2.427001953125,179.918
2024-07-17T05:05:02.996861,82,2.427001953125,179.918
2024-07-17T05:05:03.021992,82,2.427001953125,171.877
2024-07-17T05:05:03.047152,64,2.427001953125,171.877
2024-07-17T05:05:03.072404,64,2.427001953125,171.877
2024-07-17T05:05:03.097607,64,2.427001953125,171.877
2024-07-17T05:05:03.122726,64,2.427001953125,75.541
2024-07-17T05:05:03.147840,64,2.427001953125,75.541
2024-07-17T05:05:03.172966,64,2.427001953125,75.541
2024-07-17T05:05:03.198058,64,2.427001953125,75.541
2024-07-17T05:05:03.223231,64,2.427001953125,168.418
2024-07-17T05:05:03.248386,56,2.427001953125,168.418
2024-07-17T05:05:03.273562,56,2.427001953125,168.418
2024-07-17T05:05:03.298673,56,2.427001953125,168.418
2024-07-17T05:05:03.323784,56,2.427001953125,168.418
2024-07-17T05:05:03.349122,56,2.427001953125,124.17
2024-07-17T05:05:03.374306,56,2.427001953125,124.17
2024-07-17T05:05:03.399430,56,2.427001953125,124.17
2024-07-17T05:05:03.424545,56,2.427001953125,124.17
2024-07-17T05:05:03.449653,56,2.427001953125,124.17
2024-07-17T05:05:03.474750,80,2.427001953125,124.17
2024-07-17T05:05:03.499903,80,2.427001953125,124.17
2024-07-17T05:05:03.525043,80,2.427001953125,172.008
2024-07-17T05:05:03.550161,80,2.427001953125,172.008
2024-07-17T05:05:03.575275,80,2.427001953125,172.008
2024-07-17T05:05:03.600381,80,2.427001953125,172.008
2024-07-17T05:05:03.625473,80,2.427001953125,160.389
2024-07-17T05:05:03.650613,80,2.427001953125,160.389
2024-07-17T05:05:03.675757,67,2.427001953125,160.389
2024-07-17T05:05:03.700856,67,2.427001953125,160.389
2024-07-17T05:05:03.725966,67,2.427001953125,160.389
2024-07-17T05:05:03.751082,67,2.427001953125,172.95
2024-07-17T05:05:03.776236,67,2.427001953125,172.95
2024-07-17T05:05:03.801381,67,2.427001953125,172.95
2024-07-17T05:05:03.826502,67,2.427001953125,172.95
2024-07-17T05:05:03.851622,77,2.427001953125,171.29
2024-07-17T05:05:03.876731,77,2.427001953125,171.29
2024-07-17T05:05:03.901823,77,2.427001953125,171.29
2024-07-17T05:05:03.927012,77,2.427001953125,171.29
2024-07-17T05:05:03.952169,77,2.427001953125,171.29
2024-07-17T05:05:03.977302,77,2.427001953125,114.509
2024-07-17T05:05:04.002437,77,2.427001953125,114.509
2024-07-17T05:05:04.027551,77,2.427001953125,114.509
2024-07-17T05:05:04.053131,77,2.427001953125,143.59
2024-07-17T05:05:04.078332,80,2.427001953125,143.59
2024-07-17T05:05:04.103479,80,2.427001953125,143.59
2024-07-17T05:05:04.128596,80,2.427001953125,143.59
2024-07-17T05:05:04.153705,80,2.427001953125,143.59
2024-07-17T05:05:04.178796,80,2.427001953125,172.176
2024-07-17T05:05:04.204716,80,2.427001953125,172.176
2024-07-17T05:05:04.229860,80,2.428955078125,172.176
2024-07-17T05:05:04.255022,80,2.428955078125,66.685
2024-07-17T05:05:04.280216,80,2.428955078125,66.685
2024-07-17T05:05:04.305336,66,2.428955078125,66.685
2024-07-17T05:05:04.330447,66,2.428955078125,66.685
2024-07-17T05:05:04.355540,66,2.428955078125,173.208
2024-07-17T05:05:04.380724,66,2.428955078125,173.208
2024-07-17T05:05:04.405902,66,2.428955078125,173.208
2024-07-17T05:05:04.431020,66,2.428955078125,173.208
2024-07-17T05:05:04.456135,66,2.428955078125,171.381
2024-07-17T05:05:04.481241,66,2.428955078125,171.381
2024-07-17T05:05:04.506338,80,2.428955078125,171.381
2024-07-17T05:05:04.531491,80,2.428955078125,171.381
2024-07-17T05:05:04.556650,80,2.428955078125,171.381
2024-07-17T05:05:04.581767,80,2.428955078125,92.007
2024-07-17T05:05:04.606856,80,2.428955078125,92.007
2024-07-17T05:05:04.631983,80,2.428955078125,92.007
2024-07-17T05:05:04.657077,80,2.428955078125,92.007
2024-07-17T05:05:04.682243,80,2.428955078125,173.641
2024-07-17T05:05:04.707390,65,2.428955078125,173.641
2024-07-17T05:05:04.732523,65,2.428955078125,173.641
2024-07-17T05:05:04.757634,65,2.428955078125,173.641
2024-07-17T05:05:04.782742,65,2.428955078125,172.218
2024-07-17T05:05:04.808139,65,2.428955078125,172.218
2024-07-17T05:05:04.833319,65,2.428955078125,172.218
2024-07-17T05:05:04.858446,65,2.428955078125,172.218
2024-07-17T05:05:04.883562,65,2.428955078125,172.218
2024-07-17T05:05:04.908667,65,2.428955078125,143.254
2024-07-17T05:05:04.933760,65,2.428955078125,143.254
2024-07-17T05:05:04.958922,65,2.428955078125,143.254
2024-07-17T05:05:04.984101,65,2.428955078125,90.691
2024-07-17T05:05:05.009218,65,2.428955078125,90.691
2024-07-17T05:05:05.034329,65,2.428955078125,90.691
2024-07-17T05:05:05.059439,65,2.428955078125,90.691
2024-07-17T05:05:05.084603,65,2.428955078125,170.793
2024-07-17T05:05:05.109799,65,2.428955078125,170.793
2024-07-17T05:05:05.134930,65,2.428955078125,170.793
2024-07-17T05:05:05.160048,65,2.428955078125,170.793
2024-07-17T05:05:05.185156,65,2.428955078125,170.793
2024-07-17T05:05:05.210250,65,2.428955078125,161.677
2024-07-17T05:05:05.235383,65,2.428955078125,161.677
2024-07-17T05:05:05.260562,65,2.428955078125,161.677
2024-07-17T05:05:05.285711,65,2.428955078125,161.677
2024-07-17T05:05:05.310822,85,2.428955078125,109.846
2024-07-17T05:05:05.335936,85,2.428955078125,109.846
2024-07-17T05:05:05.361072,85,2.428955078125,109.846
2024-07-17T05:05:05.386253,85,2.430908203125,109.846
2024-07-17T05:05:05.411427,85,2.430908203125,154.792
2024-07-17T05:05:05.436542,85,2.430908203125,154.792
2024-07-17T05:05:05.461667,85,2.430908203125,154.792
2024-07-17T05:05:05.486758,85,2.430908203125,154.792
2024-07-17T05:05:05.512024,69,2.430908203125,168.564
2024-07-17T05:05:05.537217,69,2.430908203125,168.564
2024-07-17T05:05:05.562389,69,2.430908203125,168.564
2024-07-17T05:05:05.587506,69,2.430908203125,168.564
2024-07-17T05:05:05.612617,69,2.430908203125,140.51
2024-07-17T05:05:05.637755,69,2.430908203125,140.51
2024-07-17T05:05:05.662905,69,2.430908203125,140.51
2024-07-17T05:05:05.688048,69,2.430908203125,140.51
2024-07-17T05:05:05.713230,69,2.430908203125,90.821
2024-07-17T05:05:05.738353,69,2.430908203125,90.821
2024-07-17T05:05:05.764383,69,2.430908203125,90.821
2024-07-17T05:05:05.789542,69,2.430908203125,90.821
2024-07-17T05:05:05.814667,69,2.430908203125,134.898
2024-07-17T05:05:05.839790,69,2.430908203125,134.898
2024-07-17T05:05:05.864910,69,2.430908203125,134.898
2024-07-17T05:05:05.890028,69,2.430908203125,134.898
2024-07-17T05:05:05.915175,69,2.430908203125,169.045
2024-07-17T05:05:05.940331,69,2.430908203125,169.045
2024-07-17T05:05:05.965453,67,2.430908203125,169.045
2024-07-17T05:05:05.990572,67,2.430908203125,169.045
2024-07-17T05:05:06.015682,67,2.430908203125,169.045
2024-07-17T05:05:06.040780,67,2.430908203125,149.204
2024-07-17T05:05:06.065941,67,2.430908203125,149.204
2024-07-17T05:05:06.091112,67,2.430908203125,149.204
2024-07-17T05:05:06.116256,67,2.430908203125,149.204
2024-07-17T05:05:06.141370,73,2.430908203125,85.099
2024-07-17T05:05:06.166487,73,2.430908203125,85.099
2024-07-17T05:05:06.192055,73,2.430908203125,85.099
2024-07-17T05:05:06.217193,73,2.430908203125,85.099
2024-07-17T05:05:06.242321,73,2.430908203125,166.199
2024-07-17T05:05:06.267478,73,2.430908203125,166.199
2024-07-17T05:05:06.292590,73,2.430908203125,166.199
2024-07-17T05:05:06.317704,73,2.430908203125,151.492
2024-07-17T05:05:06.342837,80,3.042236328125,151.492
2024-07-17T05:05:06.368025,80,3.042236328125,151.492
2024-07-17T05:05:06.393162,80,3.042236328125,151.492
2024-07-17T05:05:06.418272,80,3.042236328125,151.492
2024-07-17T05:05:06.443375,80,3.042236328125,75.989
2024-07-17T05:05:06.534443,80,3.042236328125,126.829
2024-07-17T05:05:06.559632,80,3.042236328125,126.829
2024-07-17T05:05:06.584840,55,3.042236328125,126.829
2024-07-17T05:05:06.610075,55,3.042236328125,126.829
2024-07-17T05:05:06.635198,55,3.042236328125,126.829
2024-07-17T05:05:06.660320,55,3.042236328125,169.615
2024-07-17T05:05:06.686911,55,3.042236328125,169.615
2024-07-17T05:05:06.712144,55,3.042236328125,169.615
2024-07-17T05:05:06.737294,55,3.042236328125,169.615
2024-07-17T05:05:06.762446,55,3.042236328125,169.615
2024-07-17T05:05:06.787559,39,3.042236328125,169.615
2024-07-17T05:05:06.812687,39,3.042236328125,169.615
2024-07-17T05:05:06.837912,39,3.042236328125,169.615
2024-07-17T05:05:06.863058,39,3.042236328125,106.702
2024-07-17T05:05:06.888263,39,3.042236328125,106.702
2024-07-17T05:05:06.913399,39,3.042236328125,106.702
2024-07-17T05:05:06.938519,39,3.042236328125,106.702
2024-07-17T05:05:06.963701,79,3.042236328125,106.702
2024-07-17T05:05:06.988914,79,3.042236328125,106.702
2024-07-17T05:05:07.014127,79,3.042236328125,106.702
2024-07-17T05:05:07.039338,79,3.042236328125,106.702
2024-07-17T05:05:07.064452,79,3.042236328125,113.485
2024-07-17T05:05:07.089561,79,3.042236328125,113.485
2024-07-17T05:05:07.114788,79,3.042236328125,113.485
2024-07-17T05:05:07.139970,79,3.042236328125,113.485
2024-07-17T05:05:07.165123,79,3.042236328125,167.847
2024-07-17T05:05:07.190240,63,3.042236328125,167.847
2024-07-17T05:05:07.215358,63,3.042236328125,167.847
2024-07-17T05:05:07.241281,63,3.042236328125,167.847
2024-07-17T05:05:07.266443,63,3.042236328125,81.095
2024-07-17T05:05:07.291664,63,3.042236328125,81.095
2024-07-17T05:05:07.316890,63,3.042236328125,81.095
2024-07-17T05:05:07.342005,63,3.042236328125,81.095
2024-07-17T05:05:07.367576,63,3.042236328125,81.095
2024-07-17T05:05:07.393540,78,3.042236328125,169.831
2024-07-17T05:05:07.418690,78,3.042236328125,169.831
2024-07-17T05:05:07.443824,78,3.042236328125,169.831
2024-07-17T05:05:07.468965,78,3.042236328125,67.373
2024-07-17T05:05:07.494118,78,3.042236328125,67.373
2024-07-17T05:05:07.520454,78,3.042236328125,67.373
2024-07-17T05:05:07.545679,78,3.042236328125,67.373
2024-07-17T05:05:07.570921,78,3.042236328125,65.84
2024-07-17T05:05:07.596077,25,3.042236328125,65.84
2024-07-17T05:05:07.621260,25,3.042236328125,65.84
2024-07-17T05:05:07.646481,25,3.042236328125,65.84
2024-07-17T05:05:07.671697,25,3.042236328125,65.84
2024-07-17T05:05:07.696937,25,3.042236328125,65.786
2024-07-17T05:05:07.722205,25,3.042236328125,65.786
2024-07-17T05:05:07.747409,25,3.042236328125,65.786
2024-07-17T05:05:07.772623,25,3.042236328125,65.786
2024-07-17T05:05:07.797841,0,3.042236328125,66.128
2024-07-17T05:05:07.823060,0,3.042236328125,66.128
2024-07-17T05:05:07.848284,0,3.042236328125,66.128
2024-07-17T05:05:07.873421,0,3.042236328125,66.128
2024-07-17T05:05:07.898584,0,3.042236328125,69.262
2024-07-17T05:05:07.923833,0,3.042236328125,69.262
2024-07-17T05:05:07.949105,0,3.042236328125,69.262
2024-07-17T05:05:07.974265,0,3.042236328125,69.765
2024-07-17T05:05:07.999509,0,3.042236328125,69.765
2024-07-17T05:05:08.024660,5,3.042236328125,69.765
2024-07-17T05:05:08.049901,5,3.042236328125,69.765
2024-07-17T05:05:08.075052,5,3.042236328125,69.765
2024-07-17T05:05:08.100204,5,3.042236328125,69.314
2024-07-17T05:05:08.125341,5,3.042236328125,69.314
2024-07-17T05:05:08.150478,5,3.042236328125,69.314
2024-07-17T05:05:08.175654,5,3.042236328125,69.101
2024-07-17T05:05:08.200819,5,3.042236328125,69.101
2024-07-17T05:05:08.225968,10,3.042236328125,69.101
2024-07-17T05:05:08.251103,10,3.042236328125,69.101
2024-07-17T05:05:08.276240,10,3.042236328125,69.101
2024-07-17T05:05:08.301470,10,3.042236328125,69.263
2024-07-17T05:05:08.326641,10,3.042236328125,69.263
2024-07-17T05:05:08.351780,10,3.042236328125,69.263
2024-07-17T05:05:08.376923,10,3.042236328125,69.263
2024-07-17T05:05:08.402167,10,3.042236328125,69.049
2024-07-17T05:05:08.427387,10,3.042236328125,69.049
2024-07-17T05:05:08.452525,10,3.042236328125,69.049
2024-07-17T05:05:08.477764,10,3.042236328125,69.049
2024-07-17T05:05:08.502945,10,3.042236328125,66.466
2024-07-17T05:05:08.528130,10,3.042236328125,66.466
2024-07-17T05:05:08.553266,10,3.042236328125,66.466
2024-07-17T05:05:08.578424,10,3.042236328125,66.466
2024-07-17T05:05:08.603599,10,3.042236328125,67.733
2024-07-17T05:05:08.628753,8,3.042236328125,67.733
2024-07-17T05:05:08.653883,8,3.042236328125,67.733
2024-07-17T05:05:08.679053,8,3.042236328125,67.733
2024-07-17T05:05:08.704209,8,3.042236328125,67.733
2024-07-17T05:05:08.729345,8,3.042236328125,67.896
2024-07-17T05:05:08.754483,8,3.042236328125,67.896
2024-07-17T05:05:08.779622,8,3.042236328125,67.896
2024-07-17T05:05:08.804771,8,3.042236328125,67.709
2024-07-17T05:05:08.829878,8,3.042236328125,67.709
2024-07-17T05:05:08.855014,7,3.042236328125,67.709
2024-07-17T05:05:08.880165,7,3.042236328125,67.709
2024-07-17T05:05:08.905300,7,3.042236328125,67.709
2024-07-17T05:05:08.930436,7,3.042236328125,67.158
2024-07-17T05:05:08.955609,7,3.042236328125,67.158
2024-07-17T05:05:08.980744,7,3.042236328125,67.158
2024-07-17T05:05:09.005866,7,3.042236328125,67.611
2024-07-17T05:05:09.031120,7,3.042236328125,67.611
2024-07-17T05:05:09.056254,7,3.042236328125,67.611
2024-07-17T05:05:09.081390,7,3.042236328125,67.611
2024-07-17T05:05:09.106526,7,3.046142578125,67.611
2024-07-17T05:05:09.131664,7,3.046142578125,67.806
2024-07-17T05:05:09.156820,7,3.046142578125,67.806
2024-07-17T05:05:09.181960,7,3.046142578125,67.806
2024-07-17T05:05:09.207125,7,3.046142578125,69.093
2024-07-17T05:05:09.232284,7,3.046142578125,69.093
2024-07-17T05:05:09.257419,7,3.046142578125,69.093
2024-07-17T05:05:09.282555,7,3.046142578125,69.093
2024-07-17T05:05:09.307711,7,3.046142578125,69.093
2024-07-17T05:05:09.332870,7,3.046142578125,69.333
2024-07-17T05:05:09.358062,7,3.046142578125,69.333
2024-07-17T05:05:09.383218,7,3.046142578125,69.333
2024-07-17T05:05:09.408504,7,3.046142578125,69.333
2024-07-17T05:05:09.433639,7,3.046142578125,69.333
2024-07-17T05:05:09.458788,11,3.046142578125,69.289
2024-07-17T05:05:09.483938,11,3.046142578125,69.289
2024-07-17T05:05:09.509074,11,3.046142578125,69.289
2024-07-17T05:05:09.534250,11,3.046142578125,69.269
2024-07-17T05:05:09.559385,11,3.046142578125,69.269
2024-07-17T05:05:09.584582,11,3.046142578125,69.269
2024-07-17T05:05:09.609719,11,3.046142578125,69.269
2024-07-17T05:05:09.634865,11,3.046142578125,68.899
2024-07-17T05:05:09.660023,10,3.046142578125,68.899
2024-07-17T05:05:09.685240,10,3.046142578125,68.899
2024-07-17T05:05:09.710375,10,3.046142578125,68.899
2024-07-17T05:05:09.735524,10,3.046142578125,68.899
2024-07-17T05:05:09.760783,10,3.046142578125,68.843
2024-07-17T05:05:09.785922,10,3.046142578125,68.843
2024-07-17T05:05:09.811071,10,3.046142578125,68.843
2024-07-17T05:05:09.836235,10,3.046142578125,67.21
2024-07-17T05:05:09.861369,10,3.046142578125,67.21
2024-07-17T05:05:09.886527,10,3.046142578125,67.21
2024-07-17T05:05:09.911763,10,3.046142578125,67.21
2024-07-17T05:05:09.936932,10,3.046142578125,67.21
2024-07-17T05:05:09.962120,10,3.046142578125,67.404
2024-07-17T05:05:09.987255,10,3.046142578125,67.404
2024-07-17T05:05:10.012394,10,3.046142578125,67.404
2024-07-17T05:05:10.037585,10,3.046142578125,67.832
2024-07-17T05:05:10.062828,10,3.046142578125,67.832
2024-07-17T05:05:10.088003,7,3.046142578125,67.832
2024-07-17T05:05:10.113158,7,3.046142578125,67.832
2024-07-17T05:05:10.138404,7,3.046142578125,67.832
2024-07-17T05:05:10.163541,7,3.046142578125,67.863
2024-07-17T05:05:10.188678,7,3.046142578125,67.863
2024-07-17T05:05:10.213849,7,3.046142578125,67.863
2024-07-17T05:05:10.238984,7,3.046142578125,67.863
2024-07-17T05:05:10.264167,7,3.046142578125,67.792
2024-07-17T05:05:10.289320,7,3.046142578125,67.792
2024-07-17T05:05:10.314476,7,3.046142578125,67.792
2024-07-17T05:05:10.339729,7,3.046142578125,67.792
2024-07-17T05:05:10.369891,7,3.048095703125,67.747
2024-07-17T05:05:10.395025,7,3.048095703125,67.747
2024-07-17T05:05:10.420173,7,3.048095703125,67.747
2024-07-17T05:05:10.445343,7,3.048095703125,67.747
2024-07-17T05:05:10.470519,7,3.048095703125,67.747
2024-07-17T05:05:10.495739,7,3.048095703125,67.747
2024-07-17T05:05:10.520867,7,3.048095703125,67.747
2024-07-17T05:05:10.546019,7,3.048095703125,67.747
2024-07-17T05:05:10.571167,7,3.048095703125,69.056
2024-07-17T05:05:10.596311,7,3.048095703125,69.056
2024-07-17T05:05:10.621478,7,3.048095703125,69.056
2024-07-17T05:05:10.646639,7,3.048095703125,69.056
2024-07-17T05:05:10.671797,7,3.048095703125,69.056
2024-07-17T05:05:10.697105,10,3.048095703125,69.056
2024-07-17T05:05:10.722240,10,3.048095703125,69.056
2024-07-17T05:05:10.747400,10,3.048095703125,69.056
2024-07-17T05:05:10.772536,10,3.048095703125,69.056
2024-07-17T05:05:10.797676,10,3.048095703125,68.815
2024-07-17T05:05:10.822911,10,3.048095703125,68.815
2024-07-17T05:05:10.848046,10,3.048095703125,68.815
2024-07-17T05:05:10.873274,10,3.048095703125,68.7
2024-07-17T05:05:10.898411,10,3.048095703125,68.7
2024-07-17T05:05:10.923548,10,3.048095703125,68.7
2024-07-17T05:05:10.948685,10,3.048095703125,68.7
2024-07-17T05:05:10.973838,10,3.048095703125,68.7
2024-07-17T05:05:10.998978,10,3.048095703125,68.552
2024-07-17T05:05:11.027878,10,3.048095703125,68.552
2024-07-17T05:05:11.053011,10,3.048095703125,68.552
2024-07-17T05:05:11.078147,10,3.048095703125,67.015
2024-07-17T05:05:11.103324,10,3.048095703125,67.015
2024-07-17T05:05:11.128587,10,3.048095703125,67.015
2024-07-17T05:05:11.153723,10,3.048095703125,67.015
2024-07-17T05:05:11.178906,10,3.048095703125,67.015
2024-07-17T05:05:11.204138,10,3.048095703125,67.236
2024-07-17T05:05:11.229277,10,3.048095703125,67.236
2024-07-17T05:05:11.254467,10,3.048095703125,67.236
2024-07-17T05:05:11.279615,10,3.048095703125,67.45
2024-07-17T05:05:11.304775,10,3.048095703125,67.45
2024-07-17T05:05:11.329937,8,3.048095703125,67.45
2024-07-17T05:05:11.355115,8,3.048095703125,67.45
2024-07-17T05:05:11.380264,8,3.048095703125,67.094
2024-07-17T05:05:11.405418,8,3.048095703125,67.094
2024-07-17T05:05:11.430563,8,3.048095703125,67.094
2024-07-17T05:05:11.455691,8,3.048095703125,67.094
2024-07-17T05:05:11.480822,8,3.048095703125,68.596
2024-07-17T05:05:11.505937,8,3.048095703125,68.596
2024-07-17T05:05:11.531094,7,3.048095703125,68.596
2024-07-17T05:05:11.556224,7,3.048095703125,68.596
2024-07-17T05:05:11.581336,7,3.048095703125,68.596
2024-07-17T05:05:11.606450,7,3.048095703125,68.952
2024-07-17T05:05:11.631620,7,3.048095703125,68.952
2024-07-17T05:05:11.656742,7,3.048095703125,68.952
2024-07-17T05:05:11.681857,7,3.048095703125,68.952
2024-07-17T05:05:11.706991,7,3.048095703125,71.066
2024-07-17T05:05:11.732128,8,3.048095703125,71.066
2024-07-17T05:05:11.757240,8,3.048095703125,71.066
2024-07-17T05:05:11.782362,8,3.048095703125,71.066
2024-07-17T05:05:11.807538,8,3.048095703125,71.066
2024-07-17T05:05:11.832713,8,3.048095703125,70.726
2024-07-17T05:05:11.857834,8,3.048095703125,70.726
2024-07-17T05:05:11.882949,8,3.048095703125,70.726
2024-07-17T05:05:11.908091,8,3.048095703125,70.654
2024-07-17T05:05:11.933216,16,3.048095703125,70.654
2024-07-17T05:05:11.958353,16,3.048095703125,70.654
2024-07-17T05:05:11.983472,16,3.048095703125,70.654
2024-07-17T05:05:12.008597,16,3.048095703125,70.654
2024-07-17T05:05:12.033775,16,3.048095703125,70.04
2024-07-17T05:05:12.058930,16,3.048095703125,70.04
2024-07-17T05:05:12.084077,16,3.048095703125,70.04
2024-07-17T05:05:12.109189,16,3.048095703125,68.26
2024-07-17T05:05:12.134324,16,3.048095703125,68.26
2024-07-17T05:05:12.159469,12,3.048095703125,68.26
2024-07-17T05:05:12.184581,12,3.048095703125,68.26
2024-07-17T05:05:12.209695,12,3.048095703125,68.26
2024-07-17T05:05:12.234833,12,3.048095703125,68.718
2024-07-17T05:05:12.259946,12,3.048095703125,68.718
2024-07-17T05:05:12.285058,12,3.048095703125,68.718
2024-07-17T05:05:12.310196,12,3.048095703125,68.427
2024-07-17T05:05:12.335325,12,3.048095703125,68.427
2024-07-17T05:05:12.360438,10,3.048095703125,68.427
2024-07-17T05:05:12.385568,10,3.048095703125,68.427
2024-07-17T05:05:12.410733,10,3.048095703125,68.912
2024-07-17T05:05:12.435885,10,3.048095703125,68.912
2024-07-17T05:05:12.460996,10,3.048095703125,68.912
2024-07-17T05:05:12.486110,10,3.048095703125,68.912
2024-07-17T05:05:12.511290,10,3.048095703125,71.288
2024-07-17T05:05:12.536427,10,3.048095703125,71.288
2024-07-17T05:05:12.561540,14,3.048095703125,71.288
2024-07-17T05:05:12.586665,14,3.048095703125,71.288
2024-07-17T05:05:12.611786,14,3.048095703125,71.288
2024-07-17T05:05:12.636942,14,3.048095703125,70.823
2024-07-17T05:05:12.662055,14,3.048095703125,70.823
2024-07-17T05:05:12.687178,14,3.048095703125,70.823
2024-07-17T05:05:12.712302,14,3.048095703125,70.823
2024-07-17T05:05:12.737455,14,3.048095703125,70.822
2024-07-17T05:05:12.762589,16,3.048095703125,70.822
2024-07-17T05:05:12.787701,16,3.048095703125,70.822
2024-07-17T05:05:12.812814,16,3.048095703125,70.822
2024-07-17T05:05:12.837931,16,3.048095703125,70.822
2024-07-17T05:05:12.863054,16,3.048095703125,70.434
2024-07-17T05:05:12.888204,16,3.048095703125,70.434
2024-07-17T05:05:12.913367,16,3.048095703125,70.434
2024-07-17T05:05:12.938506,16,3.048095703125,68.349
2024-07-17T05:05:12.963619,12,3.048095703125,68.349
2024-07-17T05:05:12.988733,12,3.048095703125,68.349
2024-07-17T05:05:13.013908,12,3.048095703125,68.349
2024-07-17T05:05:13.039028,12,3.048095703125,68.349
2024-07-17T05:05:13.064196,12,3.048095703125,68.7
2024-07-17T05:05:13.089365,12,3.048095703125,68.7
2024-07-17T05:05:13.114530,12,3.048095703125,68.7
2024-07-17T05:05:13.139650,12,3.048095703125,68.038
2024-07-17T05:05:13.164789,12,3.048095703125,68.038
2024-07-17T05:05:13.189859,10,3.048095703125,68.038
2024-07-17T05:05:13.214977,10,3.048095703125,68.038
2024-07-17T05:05:13.240100,10,3.048095703125,68.038
2024-07-17T05:05:13.265217,10,3.048095703125,68.745
2024-07-17T05:05:13.290339,10,3.048095703125,68.745
2024-07-17T05:05:13.315451,10,3.048095703125,68.745
2024-07-17T05:05:13.340565,10,3.048095703125,70.967
2024-07-17T05:05:13.365697,13,3.048095703125,70.967
2024-07-17T05:05:13.390864,13,3.048095703125,70.967
2024-07-17T05:05:13.415998,13,3.048095703125,70.967
2024-07-17T05:05:13.441128,13,3.048095703125,71.067
2024-07-17T05:05:13.466243,13,3.048095703125,71.067
2024-07-17T05:05:13.491365,13,3.048095703125,71.067
2024-07-17T05:05:13.516493,13,3.048095703125,71.067
2024-07-17T05:05:13.541619,13,3.048095703125,71.067
2024-07-17T05:05:13.566743,13,3.048095703125,71.067
2024-07-17T05:05:13.591872,16,3.048095703125,71.067
2024-07-17T05:05:13.617044,16,3.048095703125,71.067
2024-07-17T05:05:13.642247,16,3.048095703125,71.067
2024-07-17T05:05:13.667402,16,3.048095703125,70.636
2024-07-17T05:05:13.692516,16,3.048095703125,70.636
2024-07-17T05:05:13.717660,16,3.048095703125,70.636
2024-07-17T05:05:13.742819,16,3.048095703125,70.636
2024-07-17T05:05:13.768007,16,3.048095703125,70.074
2024-07-17T05:05:13.793127,13,3.048095703125,70.074
2024-07-17T05:05:13.818308,13,3.048095703125,70.074
2024-07-17T05:05:13.843437,13,3.048095703125,70.074
2024-07-17T05:05:13.868548,13,3.048095703125,70.074
2024-07-17T05:05:13.893674,13,3.048095703125,68.427
2024-07-17T05:05:13.918786,13,3.048095703125,68.427
2024-07-17T05:05:13.943891,13,3.048095703125,68.427
2024-07-17T05:05:13.969003,13,3.048095703125,69.482
2024-07-17T05:05:13.994125,13,3.048095703125,69.482
2024-07-17T05:05:14.019246,10,3.048095703125,69.482
2024-07-17T05:05:14.044374,10,3.048095703125,69.482
2024-07-17T05:05:14.069499,10,3.048095703125,69.482
2024-07-17T05:05:14.094627,10,3.048095703125,69.101
2024-07-17T05:05:14.119751,10,3.048095703125,69.101
2024-07-17T05:05:14.144912,10,3.048095703125,69.101
2024-07-17T05:05:14.170026,10,3.048095703125,69.101
2024-07-17T05:05:14.195155,10,3.048095703125,69.101
2024-07-17T05:05:14.220293,12,3.048095703125,69.101
2024-07-17T05:05:14.245431,12,3.048095703125,69.101
2024-07-17T05:05:14.270558,12,3.048095703125,69.101
2024-07-17T05:05:14.295681,12,3.048095703125,70.574
2024-07-17T05:05:14.320801,12,3.048095703125,70.574
2024-07-17T05:05:14.345927,12,3.048095703125,70.574
2024-07-17T05:05:14.371047,12,3.048095703125,70.574
2024-07-17T05:05:14.396198,16,3.048095703125,70.278
2024-07-17T05:05:14.421343,16,3.048095703125,70.278
2024-07-17T05:05:14.446456,16,3.048095703125,70.278
2024-07-17T05:05:14.471584,16,3.048095703125,70.278
2024-07-17T05:05:14.496698,16,3.048095703125,70.278
2024-07-17T05:05:14.521850,16,3.048095703125,70.278
2024-07-17T05:05:14.546960,16,3.048095703125,70.278
2024-07-17T05:05:14.572073,16,3.048095703125,70.278
2024-07-17T05:05:14.597247,16,3.048095703125,70.674
2024-07-17T05:05:14.622395,15,3.048095703125,70.674
2024-07-17T05:05:14.647514,15,3.048095703125,70.674
2024-07-17T05:05:14.672646,15,3.048095703125,70.674
2024-07-17T05:05:14.697789,15,3.048095703125,70.674
2024-07-17T05:05:14.722941,15,3.048095703125,68.771
2024-07-17T05:05:14.748053,15,3.048095703125,68.771
2024-07-17T05:05:14.773236,15,3.048095703125,68.771
2024-07-17T05:05:14.798366,15,3.048095703125,68.232
2024-07-17T05:05:14.823491,10,3.048095703125,68.232
2024-07-17T05:05:14.848620,10,3.048095703125,68.232
2024-07-17T05:05:14.873741,10,3.048095703125,68.232
2024-07-17T05:05:14.898855,10,3.048095703125,68.232
2024-07-17T05:05:14.929858,10,3.048095703125,68.81
2024-07-17T05:05:14.954976,10,3.048095703125,68.81
2024-07-17T05:05:14.980087,10,3.048095703125,68.81
2024-07-17T05:05:15.005256,10,3.048095703125,71.504
2024-07-17T05:05:15.030379,10,3.048095703125,71.504
2024-07-17T05:05:15.055550,11,3.048095703125,71.504
2024-07-17T05:05:15.080721,11,3.048095703125,71.504
2024-07-17T05:05:15.105842,11,3.048095703125,71.504
2024-07-17T05:05:15.130980,11,3.048095703125,71.305
2024-07-17T05:05:15.156114,11,3.048095703125,71.305
2024-07-17T05:05:15.181265,11,3.048095703125,71.305
2024-07-17T05:05:15.206377,11,3.048095703125,70.678
2024-07-17T05:05:15.231491,11,3.048095703125,70.678
2024-07-17T05:05:15.256616,16,3.048095703125,70.678
2024-07-17T05:05:15.281747,16,3.048095703125,70.678
2024-07-17T05:05:15.306859,16,3.048095703125,70.678
2024-07-17T05:05:15.331971,16,3.048095703125,70.281
2024-07-17T05:05:15.357121,16,3.048095703125,70.281
2024-07-17T05:05:15.382321,16,3.048095703125,70.281
2024-07-17T05:05:15.407484,16,3.048095703125,70.281
2024-07-17T05:05:15.432604,16,3.048095703125,68.11
2024-07-17T05:05:15.457748,16,3.048095703125,68.11
2024-07-17T05:05:15.482859,16,3.048095703125,68.11
2024-07-17T05:05:15.507980,16,3.048095703125,68.11
2024-07-17T05:05:15.533092,16,3.048095703125,68.77
2024-07-17T05:05:15.558252,16,3.048095703125,68.77
2024-07-17T05:05:15.583416,16,3.048095703125,68.77
2024-07-17T05:05:15.608537,16,3.048095703125,68.77
2024-07-17T05:05:15.633657,16,3.048095703125,67.941
2024-07-17T05:05:15.658783,10,3.048095703125,67.941
2024-07-17T05:05:15.683899,10,3.048095703125,67.941
2024-07-17T05:05:15.709018,10,3.048095703125,67.941
2024-07-17T05:05:15.734137,10,3.048095703125,68.498
2024-07-17T05:05:15.767860,10,3.048095703125,68.498
2024-07-17T05:05:15.792975,10,3.048095703125,68.498
2024-07-17T05:05:15.818118,10,3.048095703125,70.772
2024-07-17T05:05:15.843268,10,3.048095703125,70.772
2024-07-17T05:05:15.868391,10,3.048095703125,70.772
2024-07-17T05:05:15.893514,10,3.048095703125,70.772
2024-07-17T05:05:15.918637,10,3.048095703125,70.772
2024-07-17T05:05:15.943749,10,3.048095703125,71.039
2024-07-17T05:05:15.968880,10,3.048095703125,71.039
2024-07-17T05:05:15.994015,10,3.048095703125,71.039
2024-07-17T05:05:16.019187,10,3.048095703125,71.039
2024-07-17T05:05:16.044299,10,3.048095703125,70.725
2024-07-17T05:05:16.069414,16,3.048095703125,70.725
2024-07-17T05:05:16.094555,16,3.048095703125,70.725
2024-07-17T05:05:16.119712,16,3.048095703125,70.725
2024-07-17T05:05:16.144849,16,3.048095703125,70.725
2024-07-17T05:05:16.170015,16,3.048095703125,70.24
2024-07-17T05:05:16.195128,16,3.048095703125,70.24
2024-07-17T05:05:16.220300,16,3.048095703125,70.24
2024-07-17T05:05:16.245479,16,3.048095703125,70.383
2024-07-17T05:05:16.270644,16,3.048095703125,70.383
2024-07-17T05:05:16.295765,16,3.048095703125,70.383
2024-07-17T05:05:16.320859,16,3.048095703125,70.383
2024-07-17T05:05:16.346046,16,3.048095703125,68.524
2024-07-17T05:05:16.371158,16,3.048095703125,68.524
2024-07-17T05:05:16.396286,16,3.048095703125,68.524
2024-07-17T05:05:16.421435,16,3.048095703125,68.524
2024-07-17T05:05:16.446601,16,3.048095703125,69.049
2024-07-17T05:05:16.471725,16,3.048095703125,69.049
2024-07-17T05:05:16.496838,11,3.048095703125,69.049
2024-07-17T05:05:16.521977,11,3.048095703125,69.049
2024-07-17T05:05:16.547089,11,3.048095703125,69.049
2024-07-17T05:05:16.572212,11,3.048095703125,68.461
2024-07-17T05:05:16.597324,11,3.048095703125,68.461
2024-07-17T05:05:16.622495,11,3.048095703125,68.461
2024-07-17T05:05:16.647623,11,3.048095703125,69.16
2024-07-17T05:05:16.672743,11,3.048095703125,69.16
2024-07-17T05:05:16.697858,10,3.048095703125,69.16
2024-07-17T05:05:16.723010,10,3.048095703125,69.16
2024-07-17T05:05:16.748133,10,3.048095703125,69.16
2024-07-17T05:05:16.773287,10,3.048095703125,71.066
2024-07-17T05:05:16.798399,10,3.048095703125,71.066
2024-07-17T05:05:16.823518,10,3.048095703125,71.066
2024-07-17T05:05:16.848652,10,3.048095703125,71.066
2024-07-17T05:05:16.873776,10,3.048095703125,70.581
2024-07-17T05:05:16.898871,15,3.048095703125,70.581
2024-07-17T05:05:16.924002,15,3.048095703125,70.581
2024-07-17T05:05:16.949113,15,3.048095703125,70.581
2024-07-17T05:05:16.974248,15,3.048095703125,70.628
2024-07-17T05:05:16.999361,15,3.048095703125,70.628
2024-07-17T05:05:17.024500,15,3.048095703125,70.628
2024-07-17T05:05:17.049614,15,3.048095703125,70.628
2024-07-17T05:05:17.074752,15,3.048095703125,70.079
2024-07-17T05:05:17.099859,16,3.048095703125,70.079
2024-07-17T05:05:17.125012,16,3.048095703125,70.079
2024-07-17T05:05:17.150181,16,3.048095703125,70.079
2024-07-17T05:05:17.175304,16,3.048095703125,70.079
2024-07-17T05:05:17.200416,16,3.048095703125,68.357
2024-07-17T05:05:17.225540,16,3.048095703125,68.357
2024-07-17T05:05:17.250661,16,3.048095703125,68.357
2024-07-17T05:05:17.275780,16,3.048095703125,69.107
2024-07-17T05:05:17.300927,16,3.048095703125,69.107
2024-07-17T05:05:17.326046,11,3.048095703125,69.107
2024-07-17T05:05:17.351188,11,3.048095703125,69.107
2024-07-17T05:05:17.376343,11,3.048095703125,69.107
2024-07-17T05:05:17.401462,11,3.048095703125,68.454
2024-07-17T05:05:17.426594,11,3.048095703125,68.454
2024-07-17T05:05:17.451715,11,3.048095703125,68.454
2024-07-17T05:05:17.476870,11,3.048095703125,69.172
2024-07-17T05:05:17.501992,11,3.048095703125,69.172
2024-07-17T05:05:17.527148,9,3.048095703125,69.172
2024-07-17T05:05:17.552280,9,3.048095703125,69.172
2024-07-17T05:05:17.577474,9,3.048095703125,69.172
2024-07-17T05:05:17.602594,9,3.048095703125,68.7
2024-07-17T05:05:17.627717,9,3.048095703125,68.7
2024-07-17T05:05:17.652847,9,3.048095703125,68.7
2024-07-17T05:05:17.678007,9,3.048095703125,68.427
2024-07-17T05:05:17.703168,9,3.048095703125,68.427
2024-07-17T05:05:17.728303,9,3.048095703125,68.427
2024-07-17T05:05:17.753427,9,3.048095703125,68.427
2024-07-17T05:05:17.778538,9,3.048095703125,68.427
2024-07-17T05:05:17.803732,9,3.048095703125,68.057
2024-07-17T05:05:17.828856,9,3.048095703125,68.057
2024-07-17T05:05:17.853968,9,3.048095703125,68.057
2024-07-17T05:05:17.879099,9,3.048095703125,68.057
2024-07-17T05:05:17.904209,9,3.048095703125,68.057
2024-07-17T05:05:17.929322,9,3.048095703125,68.057
2024-07-17T05:05:17.954491,9,3.048095703125,68.057
2024-07-17T05:05:17.979616,9,3.048095703125,68.057
2024-07-17T05:05:18.004754,9,3.048095703125,68.057
2024-07-17T05:05:18.029921,9,3.048095703125,67.844
2024-07-17T05:05:18.055070,9,3.048095703125,67.844
2024-07-17T05:05:18.080182,9,3.048095703125,67.844
2024-07-17T05:05:18.105342,9,3.048095703125,67.844
2024-07-17T05:05:18.130467,9,3.048095703125,67.844
2024-07-17T05:05:18.155579,9,3.048095703125,67.844
2024-07-17T05:05:18.180704,9,3.048095703125,67.844
2024-07-17T05:05:18.205817,9,3.048095703125,67.844
2024-07-17T05:05:18.230940,9,3.048095703125,67.993
2024-07-17T05:05:18.256051,9,3.048095703125,67.993
2024-07-17T05:05:18.281163,9,3.048095703125,67.993
2024-07-17T05:05:18.306303,9,3.048095703125,67.993
2024-07-17T05:05:18.331432,9,3.048095703125,67.993
2024-07-17T05:05:18.356555,9,3.048095703125,67.993
2024-07-17T05:05:18.381669,9,3.048095703125,67.993
2024-07-17T05:05:18.406840,9,3.048095703125,68.181
2024-07-17T05:05:18.432027,9,3.048095703125,68.181
2024-07-17T05:05:18.457148,9,3.048095703125,68.181
2024-07-17T05:05:18.482259,9,3.048095703125,68.181
2024-07-17T05:05:18.507372,9,3.048095703125,68.815
2024-07-17T05:05:18.532493,9,3.048095703125,68.815
2024-07-17T05:05:18.557613,9,3.048095703125,68.815
2024-07-17T05:05:18.582735,9,3.048095703125,68.815
2024-07-17T05:05:18.607871,9,3.048095703125,68.815
2024-07-17T05:05:18.632982,9,3.048095703125,68.232
2024-07-17T05:05:18.658341,9,3.048095703125,68.232
2024-07-17T05:05:18.683452,9,3.048095703125,68.232
2024-07-17T05:05:18.708564,9,3.048095703125,68.232
2024-07-17T05:05:18.733687,9,3.048095703125,69.021
2024-07-17T05:05:18.758864,9,3.048095703125,69.021
2024-07-17T05:05:18.784059,9,3.048095703125,69.021
2024-07-17T05:05:18.809170,9,3.048095703125,69.021
2024-07-17T05:05:18.834281,9,3.048095703125,69.021
2024-07-17T05:05:18.859460,9,3.048095703125,68.454
2024-07-17T05:05:18.884584,9,3.048095703125,68.454
2024-07-17T05:05:18.909706,9,3.048095703125,68.454
2024-07-17T05:05:18.934820,9,3.048095703125,68.843
2024-07-17T05:05:18.959947,9,3.048095703125,68.843
2024-07-17T05:05:18.985086,9,3.048095703125,68.843
2024-07-17T05:05:19.010206,9,3.048095703125,68.843
2024-07-17T05:05:19.035336,9,3.048095703125,68.843
2024-07-17T05:05:19.060514,9,3.048095703125,68.576
2024-07-17T05:05:19.085646,9,3.048095703125,68.576
2024-07-17T05:05:19.110820,9,3.048095703125,68.576
2024-07-17T05:05:19.135982,9,3.048095703125,68.764
2024-07-17T05:05:19.161102,9,3.048095703125,68.764
2024-07-17T05:05:19.186305,9,3.048095703125,68.764
2024-07-17T05:05:19.211417,9,3.048095703125,68.764
2024-07-17T05:05:19.236539,9,3.048095703125,68.764
2024-07-17T05:05:19.261658,9,3.048095703125,68.551
2024-07-17T05:05:19.286789,9,3.048095703125,68.551
2024-07-17T05:05:19.311859,9,3.048095703125,68.551
2024-07-17T05:05:19.336980,9,3.048095703125,67.923
2024-07-17T05:05:19.362103,9,3.048095703125,67.923
2024-07-17T05:05:19.387225,9,3.048095703125,67.923
2024-07-17T05:05:19.412360,9,3.048095703125,67.923
2024-07-17T05:05:19.437506,9,3.048095703125,68.621
2024-07-17T05:05:19.462659,9,3.048095703125,68.621
2024-07-17T05:05:19.487771,9,3.048095703125,68.621
2024-07-17T05:05:19.512879,9,3.048095703125,68.621
2024-07-17T05:05:19.537999,9,3.048095703125,68.065
2024-07-17T05:05:19.563116,9,3.048095703125,68.065
2024-07-17T05:05:19.588229,9,3.048095703125,68.065
2024-07-17T05:05:19.613425,9,3.048095703125,68.065
2024-07-17T05:05:19.638614,9,3.048095703125,68.065
2024-07-17T05:05:19.663740,9,3.048095703125,68.596
2024-07-17T05:05:19.688854,9,3.048095703125,68.596
2024-07-17T05:05:19.713976,9,3.048095703125,68.596
2024-07-17T05:05:19.739151,9,3.048095703125,68.596
2024-07-17T05:05:19.764279,9,3.048095703125,67.941
2024-07-17T05:05:19.789405,9,3.048095703125,67.941
2024-07-17T05:05:19.814516,9,3.048095703125,67.941
2024-07-17T05:05:19.939147,9,3.048095703125,68.693
2024-07-17T05:05:19.964342,9,3.048095703125,64.911
2024-07-17T05:05:19.989520,4,3.048095703125,64.911
2024-07-17T05:05:20.014646,4,3.048095703125,64.911
2024-07-17T05:05:20.039795,4,3.048095703125,64.911
2024-07-17T05:05:20.064953,4,3.048095703125,64.911
2024-07-17T05:05:20.090125,4,3.048095703125,67.831
2024-07-17T05:05:20.115237,4,3.048095703125,67.831
2024-07-17T05:05:20.140451,4,3.048095703125,67.831
2024-07-17T05:05:20.165583,4,3.048095703125,68.621
2024-07-17T05:05:20.190709,4,3.048095703125,68.621
2024-07-17T05:05:20.215822,8,3.048095703125,68.621
2024-07-17T05:05:20.240988,8,3.048095703125,68.621
2024-07-17T05:05:20.266173,8,3.048095703125,68.621
2024-07-17T05:05:20.291285,8,3.048095703125,68.038
2024-07-17T05:05:20.316442,8,3.048095703125,68.038
2024-07-17T05:05:20.341607,8,3.048095703125,68.038
2024-07-17T05:05:20.366751,8,3.050048828125,68.861
2024-07-17T05:05:20.391859,8,3.050048828125,68.861
2024-07-17T05:05:20.416971,9,3.050048828125,68.861
2024-07-17T05:05:20.442143,9,3.050048828125,68.861
2024-07-17T05:05:20.467291,9,3.050048828125,68.861
2024-07-17T05:05:20.492432,9,3.050048828125,68.117
2024-07-17T05:05:20.517543,9,3.050048828125,68.117
2024-07-17T05:05:20.542665,9,3.050048828125,68.117
2024-07-17T05:05:20.567787,9,3.050048828125,68.117
2024-07-17T05:05:20.592872,9,3.050048828125,68.79
2024-07-17T05:05:20.617982,9,3.050048828125,68.79
2024-07-17T05:05:20.643131,9,3.050048828125,68.79
2024-07-17T05:05:20.668281,9,3.050048828125,68.79
2024-07-17T05:05:20.693415,9,3.050048828125,68.409
2024-07-17T05:05:20.718547,9,3.050048828125,68.409
2024-07-17T05:05:20.743677,9,3.050048828125,68.409
2024-07-17T05:05:20.768813,9,3.050048828125,68.409
2024-07-17T05:05:20.793991,9,3.050048828125,68.843
2024-07-17T05:05:20.819130,9,3.050048828125,68.843
2024-07-17T05:05:20.844269,9,3.050048828125,68.843
2024-07-17T05:05:20.869392,9,3.050048828125,68.843
2024-07-17T05:05:20.894503,9,3.050048828125,68.843
2024-07-17T05:05:20.919616,9,3.050048828125,68.329
2024-07-17T05:05:20.944732,9,3.050048828125,68.329
2024-07-17T05:05:20.969906,9,3.050048828125,68.329
2024-07-17T05:05:20.995067,9,3.050048828125,69.191
2024-07-17T05:05:21.020268,9,3.050048828125,69.191
2024-07-17T05:05:21.045380,9,3.050048828125,69.191
2024-07-17T05:05:21.070504,9,3.050048828125,69.191
2024-07-17T05:05:21.095654,9,3.050048828125,69.191
2024-07-17T05:05:21.120778,9,3.050048828125,68.524
2024-07-17T05:05:21.145868,9,3.050048828125,68.524
2024-07-17T05:05:21.170991,9,3.050048828125,68.524
2024-07-17T05:05:21.196129,9,3.050048828125,68.278
2024-07-17T05:05:21.221292,9,3.050048828125,68.278
2024-07-17T05:05:21.246458,9,3.050048828125,68.278
2024-07-17T05:05:21.271582,9,3.050048828125,68.278
2024-07-17T05:05:21.296695,9,3.050048828125,68.278
2024-07-17T05:05:21.321831,9,3.050048828125,68.718
2024-07-17T05:05:21.347005,9,3.050048828125,68.718
2024-07-17T05:05:21.372130,9,3.050048828125,68.718
2024-07-17T05:05:21.397304,9,3.050048828125,68.718
2024-07-17T05:05:21.422436,9,3.050048828125,68.621
2024-07-17T05:05:21.447574,9,3.050048828125,68.621
2024-07-17T05:05:21.472713,9,3.050048828125,68.621
2024-07-17T05:05:21.497824,9,3.050048828125,68.621
2024-07-17T05:05:21.522959,9,3.050048828125,68.621
2024-07-17T05:05:21.548102,9,3.050048828125,68.621
2024-07-17T05:05:21.573222,9,3.050048828125,68.621
2024-07-17T05:05:21.598341,9,3.050048828125,68.621
2024-07-17T05:05:21.623455,9,3.050048828125,67.986
2024-07-17T05:05:21.648575,9,3.050048828125,67.986
2024-07-17T05:05:21.673699,9,3.050048828125,67.986
2024-07-17T05:05:21.698876,9,3.050048828125,67.986
2024-07-17T05:05:21.724027,9,3.050048828125,67.986
2024-07-17T05:05:21.749139,9,3.050048828125,67.941
2024-07-17T05:05:21.774250,9,3.050048828125,67.941
2024-07-17T05:05:21.799384,9,3.050048828125,67.941
2024-07-17T05:05:21.824497,9,3.050048828125,67.941
2024-07-17T05:05:21.849629,9,3.050048828125,67.941
2024-07-17T05:05:21.874752,9,3.050048828125,67.941
2024-07-17T05:05:21.899891,9,3.050048828125,67.941
2024-07-17T05:05:21.925001,9,3.050048828125,67.941
2024-07-17T05:05:21.950157,9,3.050048828125,67.986
2024-07-17T05:05:21.975296,9,3.050048828125,67.986
2024-07-17T05:05:22.000430,9,3.050048828125,67.986
2024-07-17T05:05:22.025625,9,3.050048828125,67.986
2024-07-17T05:05:22.050782,9,3.050048828125,67.986
2024-07-17T05:05:22.075900,9,3.050048828125,67.986
2024-07-17T05:05:22.101011,9,3.050048828125,67.986
2024-07-17T05:05:22.126147,9,3.050048828125,67.986
2024-07-17T05:05:22.151257,9,3.050048828125,68.11
2024-07-17T05:05:22.176429,9,3.050048828125,68.11
2024-07-17T05:05:22.201563,9,3.050048828125,68.11
2024-07-17T05:05:22.226682,9,3.050048828125,68.11
2024-07-17T05:05:22.251894,9,3.050048828125,68.746
2024-07-17T05:05:22.277024,9,3.050048828125,68.746
2024-07-17T05:05:22.302135,9,3.050048828125,68.746
2024-07-17T05:05:22.327256,9,3.050048828125,68.746
2024-07-17T05:05:22.352368,9,3.050048828125,68.285
2024-07-17T05:05:22.377509,9,3.050048828125,68.285
2024-07-17T05:05:22.402672,9,3.050048828125,68.285
2024-07-17T05:05:22.427807,9,3.050048828125,68.285
2024-07-17T05:05:22.452953,9,3.050048828125,68.79
2024-07-17T05:05:22.478131,9,3.050048828125,68.79
2024-07-17T05:05:22.503281,9,3.050048828125,68.79
2024-07-17T05:05:22.528391,9,3.050048828125,68.79
2024-07-17T05:05:22.553503,9,3.050048828125,68.79
2024-07-17T05:05:22.578635,9,3.050048828125,68.232
2024-07-17T05:05:22.603760,9,3.050048828125,68.232
2024-07-17T05:05:22.628926,9,3.050048828125,68.232
2024-07-17T05:05:22.654036,9,3.050048828125,69.049
2024-07-17T05:05:22.679165,9,3.050048828125,69.049
2024-07-17T05:05:22.704311,9,3.050048828125,69.049
2024-07-17T05:05:22.729452,9,3.050048828125,69.049
2024-07-17T05:05:22.754587,9,3.050048828125,69.049
2024-07-17T05:05:22.779698,9,3.050048828125,68.472
2024-07-17T05:05:22.804847,9,3.050048828125,68.472
2024-07-17T05:05:22.830008,9,3.050048828125,68.472
2024-07-17T05:05:22.855128,9,3.050048828125,67.896
2024-07-17T05:05:22.880239,9,3.050048828125,67.896
2024-07-17T05:05:22.905352,9,3.050048828125,67.896
2024-07-17T05:05:22.930490,9,3.050048828125,67.896
2024-07-17T05:05:22.955613,9,3.050048828125,67.896
2024-07-17T05:05:22.980736,9,3.050048828125,68.499
2024-07-17T05:05:23.005869,9,3.050048828125,68.499
2024-07-17T05:05:23.031023,9,3.050048828125,68.499
2024-07-17T05:05:23.056133,9,3.050048828125,67.859
2024-07-17T05:05:23.081254,9,3.050048828125,67.859
2024-07-17T05:05:23.106366,9,3.050048828125,67.859
2024-07-17T05:05:23.131542,9,3.050048828125,67.859
2024-07-17T05:05:23.156694,9,3.050048828125,67.859
2024-07-17T05:05:23.181822,9,3.050048828125,68.596
2024-07-17T05:05:23.207005,9,3.050048828125,68.596
2024-07-17T05:05:23.232126,9,3.050048828125,68.596
2024-07-17T05:05:23.257292,9,3.050048828125,68.596
2024-07-17T05:05:23.282431,9,3.050048828125,67.916
2024-07-17T05:05:23.307553,9,3.050048828125,67.916
2024-07-17T05:05:23.332665,9,3.050048828125,67.916
2024-07-17T05:05:23.357816,9,3.050048828125,67.916
2024-07-17T05:05:23.382940,9,3.050048828125,68.693
2024-07-17T05:05:23.408099,9,3.050048828125,68.693
2024-07-17T05:05:23.433220,9,3.050048828125,68.693
2024-07-17T05:05:23.458396,9,3.050048828125,68.693
2024-07-17T05:05:23.483522,9,3.050048828125,67.968
2024-07-17T05:05:23.508648,9,3.050048828125,67.968
2024-07-17T05:05:23.533822,9,3.050048828125,67.968
2024-07-17T05:05:23.558956,9,3.050048828125,67.968
2024-07-17T05:05:23.584121,9,3.050048828125,67.968
2024-07-17T05:05:23.609272,9,3.050048828125,68.693
2024-07-17T05:05:23.634384,9,3.050048828125,68.693
2024-07-17T05:05:23.659508,9,3.050048828125,68.693
2024-07-17T05:05:23.684643,9,3.050048828125,68.091
2024-07-17T05:05:23.709812,9,3.050048828125,68.091
2024-07-17T05:05:23.734927,9,3.050048828125,68.091
2024-07-17T05:05:23.760058,9,3.050048828125,68.091
2024-07-17T05:05:23.785196,9,3.050048828125,68.091
2024-07-17T05:05:23.810322,9,3.050048828125,68.79
2024-07-17T05:05:23.835491,9,3.050048828125,68.79
2024-07-17T05:05:23.860651,9,3.050048828125,68.79
2024-07-17T05:05:23.885775,9,3.050048828125,68.207
2024-07-17T05:05:23.910898,9,3.050048828125,68.207
2024-07-17T05:05:23.936032,9,3.050048828125,68.207
2024-07-17T05:05:23.961144,9,3.050048828125,68.207
2024-07-17T05:05:23.986256,9,3.050048828125,68.207
2024-07-17T05:05:24.011369,9,3.050048828125,68.666
2024-07-17T05:05:24.036496,9,3.050048828125,68.666
2024-07-17T05:05:24.061618,9,3.050048828125,68.666
2024-07-17T05:05:24.086763,9,3.050048828125,68.349
2024-07-17T05:05:24.111919,9,3.050048828125,68.349
2024-07-17T05:05:24.137050,9,3.050048828125,68.349
2024-07-17T05:05:24.162169,9,3.050048828125,68.349
2024-07-17T05:05:24.187327,9,3.050048828125,68.349
2024-07-17T05:05:24.212474,9,3.050048828125,68.912
2024-07-17T05:05:24.237631,9,3.050048828125,68.912
2024-07-17T05:05:24.262743,9,3.050048828125,68.912
2024-07-17T05:05:24.287858,9,3.050048828125,68.912
2024-07-17T05:05:24.313036,9,3.050048828125,68.135
2024-07-17T05:05:24.338184,8,3.050048828125,68.135
2024-07-17T05:05:24.363304,8,3.050048828125,68.135
2024-07-17T05:05:24.388417,8,3.050048828125,68.135
2024-07-17T05:05:24.413557,8,3.050048828125,68.924
2024-07-17T05:05:24.438724,8,3.050048828125,68.924
2024-07-17T05:05:24.463882,8,3.050048828125,68.924
2024-07-17T05:05:24.489090,8,3.050048828125,68.924
2024-07-17T05:05:24.514275,8,3.050048828125,68.26
2024-07-17T05:05:24.539394,9,3.050048828125,68.26
2024-07-17T05:05:24.564588,9,3.050048828125,68.26
2024-07-17T05:05:24.589723,9,3.050048828125,68.26
2024-07-17T05:05:24.614838,9,3.050048828125,68.26
2024-07-17T05:05:24.639999,9,3.050048828125,67.896
2024-07-17T05:05:24.665168,9,3.050048828125,67.896
2024-07-17T05:05:24.690287,9,3.050048828125,67.896
2024-07-17T05:05:24.715399,9,3.050048828125,68.576
2024-07-17T05:05:24.740521,9,3.050048828125,68.576
2024-07-17T05:05:24.765646,9,3.050048828125,68.576
2024-07-17T05:05:24.790757,9,3.050048828125,68.576
2024-07-17T05:05:24.815874,9,3.050048828125,68.576
2024-07-17T05:05:24.840984,9,3.050048828125,67.968
2024-07-17T05:05:24.866107,9,3.050048828125,67.968
2024-07-17T05:05:24.891276,9,3.050048828125,67.968
2024-07-17T05:05:24.916388,9,3.050048828125,68.797
2024-07-17T05:05:24.941552,9,3.050048828125,68.797
2024-07-17T05:05:24.966682,9,3.050048828125,68.797
2024-07-17T05:05:24.991793,9,3.050048828125,68.797
2024-07-17T05:05:25.016918,9,3.050048828125,68.797
2024-07-17T05:05:25.042050,9,3.050048828125,67.941
2024-07-17T05:05:25.067187,9,3.050048828125,67.941
2024-07-17T05:05:25.092300,9,3.050048828125,67.941
2024-07-17T05:05:25.117470,9,3.050048828125,67.941
2024-07-17T05:05:25.142590,9,3.050048828125,68.834
2024-07-17T05:05:25.167745,9,3.050048828125,68.834
2024-07-17T05:05:25.192902,9,3.050048828125,68.834
2024-07-17T05:05:25.218025,9,3.050048828125,68.834
2024-07-17T05:05:25.243147,9,3.050048828125,68.648
2024-07-17T05:05:25.268267,9,3.050048828125,68.648
2024-07-17T05:05:25.293378,9,3.050048828125,68.648
2024-07-17T05:05:25.318533,9,3.050048828125,68.648
2024-07-17T05:05:25.343686,9,3.050048828125,68.648
2024-07-17T05:05:25.368834,9,3.050048828125,68.648
2024-07-17T05:05:25.393955,9,3.050048828125,68.648
2024-07-17T05:05:25.419079,9,3.050048828125,68.648
2024-07-17T05:05:25.444215,9,3.050048828125,68.083
2024-07-17T05:05:25.469346,9,3.050048828125,68.083
2024-07-17T05:05:25.494467,9,3.050048828125,68.083
2024-07-17T05:05:25.519589,9,3.050048828125,68.083
2024-07-17T05:05:25.544726,9,3.050048828125,68.924
2024-07-17T05:05:25.569867,9,3.050048828125,68.924
2024-07-17T05:05:25.594976,9,3.050048828125,68.924
2024-07-17T05:05:25.620094,9,3.050048828125,68.924
2024-07-17T05:05:25.645217,9,3.050048828125,68.924
2024-07-17T05:05:25.670396,9,3.050048828125,68.7
2024-07-17T05:05:25.695507,9,3.050048828125,68.7
2024-07-17T05:05:25.720681,9,3.050048828125,68.7
2024-07-17T05:05:25.745879,9,3.050048828125,68.7
2024-07-17T05:05:25.770997,9,3.050048828125,68.7
2024-07-17T05:05:25.796118,9,3.050048828125,68.7
2024-07-17T05:05:25.821241,9,3.050048828125,68.7
2024-07-17T05:05:25.846365,9,3.050048828125,68.7
2024-07-17T05:05:25.871507,9,3.050048828125,68.79
2024-07-17T05:05:25.896644,9,3.050048828125,68.79
2024-07-17T05:05:25.921768,9,3.050048828125,68.79
2024-07-17T05:05:25.946948,9,3.050048828125,68.305
2024-07-17T05:05:25.972068,9,3.050048828125,68.305
2024-07-17T05:05:25.997231,9,3.050048828125,68.305
2024-07-17T05:05:26.022344,9,3.050048828125,68.305
2024-07-17T05:05:26.047500,9,3.050048828125,68.305
2024-07-17T05:05:26.072623,9,3.050048828125,68.815
2024-07-17T05:05:26.097768,9,3.050048828125,68.815
2024-07-17T05:05:26.122860,9,3.050048828125,68.815
2024-07-17T05:05:26.148021,9,3.050048828125,68.815
2024-07-17T05:05:26.173214,9,3.050048828125,68.382
2024-07-17T05:05:26.198334,9,3.050048828125,68.382
2024-07-17T05:05:26.223457,9,3.050048828125,68.382
2024-07-17T05:05:26.248614,9,3.050048828125,68.382
2024-07-17T05:05:26.273743,9,3.050048828125,67.806
2024-07-17T05:05:26.298941,9,3.050048828125,67.806
2024-07-17T05:05:26.324052,9,3.050048828125,67.806
2024-07-17T05:05:26.349188,9,3.050048828125,67.806
2024-07-17T05:05:26.374375,9,3.050048828125,68.402
2024-07-17T05:05:26.399485,9,3.050048828125,68.402
2024-07-17T05:05:26.424598,9,3.050048828125,68.402
2024-07-17T05:05:26.449723,9,3.050048828125,68.402
2024-07-17T05:05:26.474889,9,3.050048828125,67.844
2024-07-17T05:05:26.499999,9,3.050048828125,67.844
2024-07-17T05:05:26.525111,9,3.050048828125,67.844
2024-07-17T05:05:26.550238,9,3.050048828125,67.844
2024-07-17T05:05:26.575371,9,3.050048828125,68.479
2024-07-17T05:05:26.600521,9,3.050048828125,68.479
2024-07-17T05:05:26.625640,9,3.050048828125,68.479
2024-07-17T05:05:26.650808,9,3.050048828125,68.479
2024-07-17T05:05:26.675995,9,3.050048828125,68.479
2024-07-17T05:05:26.701176,9,3.050048828125,67.915
2024-07-17T05:05:26.726315,9,3.050048828125,67.915
2024-07-17T05:05:26.751427,9,3.050048828125,67.915
2024-07-17T05:05:26.776551,9,3.050048828125,68.614
2024-07-17T05:05:26.801673,9,3.050048828125,68.614
2024-07-17T05:05:26.826814,9,3.050048828125,68.614
2024-07-17T05:05:26.851950,9,3.050048828125,68.614
2024-07-17T05:05:26.877061,9,3.050048828125,68.614
2024-07-17T05:05:26.902189,9,3.050048828125,67.941
2024-07-17T05:05:26.927326,9,3.050048828125,67.941
2024-07-17T05:05:26.952447,9,3.050048828125,67.941
2024-07-17T05:05:26.977560,9,3.050048828125,68.674
2024-07-17T05:05:27.002686,9,3.050048828125,68.674
2024-07-17T05:05:27.027798,9,3.050048828125,68.674
2024-07-17T05:05:27.052922,9,3.050048828125,68.674
2024-07-17T05:05:27.078083,9,3.050048828125,68.674
2024-07-17T05:05:27.103254,9,3.050048828125,67.708
2024-07-17T05:05:27.128383,9,3.050048828125,67.708
2024-07-17T05:05:27.153505,9,3.050048828125,67.708
2024-07-17T05:05:27.178647,9,3.050048828125,67.708
2024-07-17T05:05:27.203788,9,3.050048828125,68.603
2024-07-17T05:05:27.228867,9,3.050048828125,68.603
2024-07-17T05:05:27.253987,9,3.050048828125,68.603
2024-07-17T05:05:27.279153,9,3.050048828125,68.603
2024-07-17T05:05:27.304315,9,3.050048828125,68.135
2024-07-17T05:05:27.329427,9,3.050048828125,68.135
2024-07-17T05:05:27.354539,9,3.050048828125,68.135
2024-07-17T05:05:27.379651,9,3.050048828125,68.135
2024-07-17T05:05:27.404787,9,3.050048828125,68.135
2024-07-17T05:05:27.429868,9,3.050048828125,68.648
2024-07-17T05:05:27.455012,9,3.050048828125,68.648
2024-07-17T05:05:27.480197,9,3.050048828125,68.648
2024-07-17T05:05:27.505346,9,3.050048828125,68.214
2024-07-17T05:05:27.530467,9,3.050048828125,68.214
2024-07-17T05:05:27.555605,9,3.050048828125,68.214
2024-07-17T05:05:27.580764,9,3.050048828125,68.214
2024-07-17T05:05:27.605870,9,3.050048828125,68.621
2024-07-17T05:05:27.630988,9,3.050048828125,68.621
2024-07-17T05:05:27.656100,9,3.050048828125,68.621
2024-07-17T05:05:27.681271,9,3.050048828125,68.621
2024-07-17T05:05:27.706410,9,3.050048828125,68.621
2024-07-17T05:05:27.731542,9,3.050048828125,68.232
2024-07-17T05:05:27.756667,9,3.050048828125,68.232
2024-07-17T05:05:27.781780,9,3.050048828125,68.232
2024-07-17T05:05:27.806867,9,3.050048828125,68.94
2024-07-17T05:05:27.831977,9,3.050048828125,68.94
2024-07-17T05:05:27.857087,9,3.050048828125,68.94
2024-07-17T05:05:27.882199,9,3.050048828125,68.94
2024-07-17T05:05:27.907319,9,3.050048828125,68.94
2024-07-17T05:05:27.932479,9,3.050048828125,68.304
2024-07-17T05:05:27.957629,9,3.050048828125,68.304
2024-07-17T05:05:27.982775,9,3.050048828125,68.304
2024-07-17T05:05:28.007859,9,3.050048828125,67.961
2024-07-17T05:05:28.032971,9,3.050048828125,67.961
2024-07-17T05:05:28.058090,9,3.050048828125,67.961
2024-07-17T05:05:28.083225,9,3.050048828125,67.961
2024-07-17T05:05:28.108336,9,3.050048828125,67.961
2024-07-17T05:05:28.133464,9,3.050048828125,68.454
2024-07-17T05:05:28.158591,9,3.050048828125,68.454
2024-07-17T05:05:28.183723,9,3.050048828125,68.454
2024-07-17T05:05:28.208874,9,3.050048828125,68.454
2024-07-17T05:05:28.234044,9,3.050048828125,67.799
2024-07-17T05:05:28.259161,9,3.050048828125,67.799
2024-07-17T05:05:28.284274,9,3.050048828125,67.799
2024-07-17T05:05:28.309396,9,3.050048828125,67.799
2024-07-17T05:05:28.334538,9,3.050048828125,67.799
2024-07-17T05:05:28.359667,9,3.050048828125,68.479
2024-07-17T05:05:28.384805,9,3.050048828125,68.479
2024-07-17T05:05:28.409919,9,3.050048828125,68.479
2024-07-17T05:05:28.435069,9,3.050048828125,68.479
2024-07-17T05:05:28.460180,9,3.050048828125,67.844
2024-07-17T05:05:28.485312,9,3.050048828125,67.844
2024-07-17T05:05:28.510432,9,3.050048828125,67.844
2024-07-17T05:05:28.535579,9,3.050048828125,68.543
2024-07-17T05:05:28.560691,9,3.050048828125,68.543
2024-07-17T05:05:28.585825,9,3.050048828125,68.543
2024-07-17T05:05:28.610946,9,3.050048828125,68.543
2024-07-17T05:05:28.636072,9,3.050048828125,67.871
2024-07-17T05:05:28.661196,9,3.050048828125,67.871
2024-07-17T05:05:28.686319,9,3.050048828125,67.871
2024-07-17T05:05:28.711492,9,3.050048828125,67.871
2024-07-17T05:05:28.736604,9,3.050048828125,67.871
2024-07-17T05:05:28.761742,9,3.050048828125,68.498
2024-07-17T05:05:28.786889,9,3.050048828125,68.498
2024-07-17T05:05:28.812033,9,3.050048828125,68.498
2024-07-17T05:05:28.837143,9,3.050048828125,68.065
2024-07-17T05:05:28.862267,9,3.050048828125,68.065
2024-07-17T05:05:28.887393,9,3.050048828125,68.065
2024-07-17T05:05:28.912521,9,3.050048828125,68.065
2024-07-17T05:05:28.937640,9,3.050048828125,68.065
2024-07-17T05:05:28.962764,9,3.050048828125,67.968
2024-07-17T05:05:28.987910,9,3.050048828125,67.968
2024-07-17T05:05:29.013039,9,3.050048828125,67.968
2024-07-17T05:05:29.038151,9,3.050048828125,67.968
2024-07-17T05:05:29.063297,9,3.050048828125,67.968
2024-07-17T05:05:29.088467,9,3.050048828125,67.968
2024-07-17T05:05:29.113579,9,3.050048828125,67.968
2024-07-17T05:05:29.138713,9,3.050048828125,67.968
2024-07-17T05:05:29.163852,9,3.050048828125,68.038
2024-07-17T05:05:29.188981,9,3.050048828125,68.038
2024-07-17T05:05:29.214104,9,3.050048828125,68.038
2024-07-17T05:05:29.239216,9,3.050048828125,68.038
2024-07-17T05:05:29.264344,9,3.050048828125,68.038
2024-07-17T05:05:29.289497,9,3.050048828125,68.038
2024-07-17T05:05:29.314609,9,3.050048828125,68.038
2024-07-17T05:05:29.339721,9,3.050048828125,68.038
2024-07-17T05:05:29.364833,9,3.050048828125,68.718
2024-07-17T05:05:29.389969,9,3.050048828125,68.718
2024-07-17T05:05:29.415107,9,3.050048828125,68.718
2024-07-17T05:05:29.440219,9,3.050048828125,68.718
2024-07-17T05:05:29.465333,9,3.050048828125,68.666
2024-07-17T05:05:29.490470,9,3.050048828125,68.666
2024-07-17T05:05:29.515582,9,3.050048828125,68.666
2024-07-17T05:05:29.540694,9,3.050048828125,68.666
2024-07-17T05:05:29.565819,9,3.050048828125,68.666
2024-07-17T05:05:29.590986,9,3.050048828125,68.349
2024-07-17T05:05:29.616106,9,3.050048828125,68.349
2024-07-17T05:05:29.641225,9,3.050048828125,68.349
2024-07-17T05:05:29.666363,9,3.050048828125,67.826
2024-07-17T05:05:29.691536,9,3.050048828125,67.826
2024-07-17T05:05:29.716664,9,3.050048828125,67.826
2024-07-17T05:05:29.741776,9,3.050048828125,67.826
2024-07-17T05:05:29.766859,9,3.050048828125,67.826
2024-07-17T05:05:29.792007,9,3.050048828125,68.311
2024-07-17T05:05:29.817117,9,3.050048828125,68.311
2024-07-17T05:05:29.842230,9,3.050048828125,68.311
2024-07-17T05:05:29.867387,9,3.050048828125,67.747
2024-07-17T05:05:29.892580,9,3.050048828125,67.747
2024-07-17T05:05:29.917711,9,3.050048828125,67.747
2024-07-17T05:05:29.942824,9,3.050048828125,67.747
2024-07-17T05:05:29.967986,9,3.050048828125,67.747
2024-07-17T05:05:29.993112,9,3.050048828125,68.375
2024-07-17T05:05:30.018238,9,3.050048828125,68.375
2024-07-17T05:05:30.043374,9,3.050048828125,68.375
2024-07-17T05:05:30.068495,9,3.050048828125,68.375
2024-07-17T05:05:30.093608,9,3.050048828125,67.683
2024-07-17T05:05:30.118763,9,3.050048828125,67.683
2024-07-17T05:05:30.143859,9,3.050048828125,67.683
2024-07-17T05:05:30.168985,9,3.050048828125,67.683
2024-07-17T05:05:30.194135,9,3.050048828125,67.683
2024-07-17T05:05:30.219246,9,3.050048828125,68.576
2024-07-17T05:05:30.244392,9,3.050048828125,68.576
2024-07-17T05:05:30.269516,9,3.050048828125,68.576
2024-07-17T05:05:30.294638,9,3.050048828125,67.747
2024-07-17T05:05:30.319812,9,3.050048828125,67.747
2024-07-17T05:05:30.344938,9,3.050048828125,67.747
2024-07-17T05:05:30.370139,9,3.050048828125,67.747
2024-07-17T05:05:30.395284,9,3.050048828125,68.506
2024-07-17T05:05:30.420425,9,3.050048828125,68.506
2024-07-17T05:05:30.445539,9,3.050048828125,68.506
2024-07-17T05:05:30.470665,9,3.050048828125,68.506
2024-07-17T05:05:30.495776,9,3.050048828125,67.735
2024-07-17T05:05:30.520878,9,3.050048828125,67.735
2024-07-17T05:05:30.545988,8,3.050048828125,67.735
2024-07-17T05:05:30.571100,8,3.050048828125,67.735
2024-07-17T05:05:30.596220,8,3.050048828125,67.735
2024-07-17T05:05:30.621359,8,3.050048828125,68.454
2024-07-17T05:05:30.646505,8,3.050048828125,68.454
2024-07-17T05:05:30.671627,8,3.050048828125,68.454
2024-07-17T05:05:30.696773,8,3.050048828125,67.871
2024-07-17T05:05:30.721887,8,3.050048828125,67.871
2024-07-17T05:05:30.747010,9,3.050048828125,67.871
2024-07-17T05:05:30.772122,9,3.050048828125,67.871
2024-07-17T05:05:30.797233,9,3.050048828125,67.871
2024-07-17T05:05:30.822417,9,3.050048828125,68.569
2024-07-17T05:05:30.847549,9,3.050048828125,68.569
2024-07-17T05:05:30.872661,9,3.050048828125,68.569
2024-07-17T05:05:30.897775,9,3.050048828125,68.083
2024-07-17T05:05:30.922873,9,3.050048828125,68.083
2024-07-17T05:05:30.948002,9,3.050048828125,68.083
2024-07-17T05:05:30.973114,9,3.050048828125,68.083
2024-07-17T05:05:30.998227,9,3.050048828125,68.083
2024-07-17T05:05:31.023339,9,3.050048828125,68.569
2024-07-17T05:05:31.048460,9,3.050048828125,68.569
2024-07-17T05:05:31.073596,9,3.050048828125,68.569
2024-07-17T05:05:31.098718,9,3.050048828125,68.569
2024-07-17T05:05:31.123829,9,3.050048828125,68.135
2024-07-17T05:05:31.148983,9,3.050048828125,68.135
2024-07-17T05:05:31.174112,9,3.050048828125,68.135
2024-07-17T05:05:31.199222,9,3.050048828125,68.135
2024-07-17T05:05:31.224362,9,3.050048828125,68.135
2024-07-17T05:05:31.249498,9,3.050048828125,68.693
2024-07-17T05:05:31.274611,9,3.050048828125,68.693
2024-07-17T05:05:31.299735,9,3.050048828125,68.693
2024-07-17T05:05:31.324888,9,3.050048828125,68.232
2024-07-17T05:05:31.350028,9,3.050048828125,68.232
2024-07-17T05:05:31.375181,9,3.050048828125,68.232
2024-07-17T05:05:31.400292,9,3.050048828125,68.232
2024-07-17T05:05:31.425414,9,3.050048828125,69.049
2024-07-17T05:05:31.450567,9,3.050048828125,69.049
2024-07-17T05:05:31.475701,9,3.050048828125,69.049
2024-07-17T05:05:31.500813,9,3.050048828125,69.049
2024-07-17T05:05:31.525928,9,3.050048828125,68.181
2024-07-17T05:05:31.551053,9,3.050048828125,68.181
2024-07-17T05:05:31.576191,9,3.050048828125,68.181
2024-07-17T05:05:31.601368,9,3.050048828125,68.181
2024-07-17T05:05:31.626534,9,3.050048828125,68.181
2024-07-17T05:05:31.651646,9,3.050048828125,67.729
2024-07-17T05:05:31.676805,9,3.050048828125,67.729
2024-07-17T05:05:31.701957,9,3.050048828125,67.729
2024-07-17T05:05:31.727119,9,3.050048828125,68.382
2024-07-17T05:05:31.752231,9,3.050048828125,68.382
2024-07-17T05:05:31.777427,9,3.050048828125,68.382
2024-07-17T05:05:31.802569,9,3.050048828125,68.382
2024-07-17T05:05:31.827680,9,3.050048828125,68.382
2024-07-17T05:05:31.852830,9,3.050048828125,67.889
2024-07-17T05:05:31.877954,9,3.050048828125,67.889
2024-07-17T05:05:31.903097,9,3.050048828125,67.889
2024-07-17T05:05:31.928251,9,3.050048828125,67.889
2024-07-17T05:05:31.953362,9,3.050048828125,68.402
2024-07-17T05:05:31.978499,9,3.050048828125,68.402
2024-07-17T05:05:32.003618,9,3.050048828125,68.402
2024-07-17T05:05:32.028804,9,3.050048828125,68.402
2024-07-17T05:05:32.053926,9,3.050048828125,67.631
2024-07-17T05:05:32.079057,9,3.050048828125,67.631
2024-07-17T05:05:32.104236,9,3.050048828125,67.631
2024-07-17T05:05:32.129533,9,3.050048828125,67.631
2024-07-17T05:05:32.154646,9,3.050048828125,68.596
2024-07-17T05:05:32.179805,9,3.050048828125,68.596
2024-07-17T05:05:32.204953,9,3.050048828125,68.596
2024-07-17T05:05:32.230122,9,3.050048828125,68.596
2024-07-17T05:05:32.255234,9,3.050048828125,68.596
2024-07-17T05:05:32.280398,9,3.050048828125,67.792
2024-07-17T05:05:32.305554,9,3.050048828125,67.792
2024-07-17T05:05:32.330681,9,3.050048828125,67.792
2024-07-17T05:05:32.355806,9,3.050048828125,68.596
2024-07-17T05:05:32.380919,9,3.050048828125,68.596
2024-07-17T05:05:32.406059,9,3.050048828125,68.596
2024-07-17T05:05:32.431217,9,3.050048828125,68.596
2024-07-17T05:05:32.456336,9,3.050048828125,67.826
2024-07-17T05:05:32.481449,9,3.050048828125,67.826
2024-07-17T05:05:32.506584,9,3.050048828125,67.826
2024-07-17T05:05:32.531698,9,3.050048828125,67.826
2024-07-17T05:05:32.556891,9,3.050048828125,68.498
2024-07-17T05:05:32.582002,9,3.050048828125,68.498
2024-07-17T05:05:32.607125,9,3.050048828125,68.498
2024-07-17T05:05:32.632272,9,3.050048828125,68.498
2024-07-17T05:05:32.657384,9,3.050048828125,68.498
2024-07-17T05:05:32.682497,9,3.050048828125,68.11
2024-07-17T05:05:32.707665,9,3.050048828125,68.11
2024-07-17T05:05:32.732789,9,3.050048828125,68.11
2024-07-17T05:05:32.757872,9,3.050048828125,69.004
2024-07-17T05:05:32.783030,9,3.050048828125,69.004
2024-07-17T05:05:32.808163,9,3.050048828125,69.004
2024-07-17T05:05:32.918340,9,3.050048828125,64.663
2024-07-17T05:05:32.943533,9,3.050048828125,64.663
2024-07-17T05:05:32.968680,9,3.050048828125,64.663
2024-07-17T05:05:32.993795,9,3.050048828125,64.663
2024-07-17T05:05:33.018953,8,3.050048828125,64.663
2024-07-17T05:05:33.044078,8,3.050048828125,64.663
2024-07-17T05:05:33.069200,8,3.050048828125,64.663
2024-07-17T05:05:33.094314,8,3.050048828125,67.916
2024-07-17T05:05:33.119449,8,3.050048828125,67.916
2024-07-17T05:05:33.144562,8,3.050048828125,67.916
2024-07-17T05:05:33.169726,8,3.050048828125,67.916
2024-07-17T05:05:33.194850,8,3.050048828125,67.916
2024-07-17T05:05:33.220007,5,3.050048828125,67.916
2024-07-17T05:05:33.245131,5,3.050048828125,67.916
2024-07-17T05:05:33.270280,5,3.050048828125,67.916
2024-07-17T05:05:33.295392,5,3.050048828125,68.304
2024-07-17T05:05:33.320532,5,3.050048828125,68.304
2024-07-17T05:05:33.345705,5,3.050048828125,68.304
2024-07-17T05:05:33.370826,5,3.050048828125,68.304
2024-07-17T05:05:33.395940,9,3.050048828125,68.977
2024-07-17T05:05:33.421078,9,3.050048828125,68.977
2024-07-17T05:05:33.446190,9,3.050048828125,68.977
2024-07-17T05:05:33.471302,9,3.050048828125,68.977
2024-07-17T05:05:33.496422,9,3.050048828125,68.285
2024-07-17T05:05:33.521534,9,3.050048828125,68.285
2024-07-17T05:05:33.546748,9,3.050048828125,68.285
2024-07-17T05:05:33.571859,9,3.050048828125,68.285
2024-07-17T05:05:33.596970,9,3.050048828125,67.735
2024-07-17T05:05:33.622154,9,3.050048828125,67.735
2024-07-17T05:05:33.647353,9,3.050048828125,67.735
2024-07-17T05:05:33.672465,9,3.050048828125,67.735
2024-07-17T05:05:33.697578,9,3.050048828125,67.735
2024-07-17T05:05:33.722739,9,3.050048828125,68.304
2024-07-17T05:05:33.747890,9,3.050048828125,68.304
2024-07-17T05:05:33.773012,9,3.050048828125,68.304
2024-07-17T05:05:33.798138,9,3.050048828125,67.806
2024-07-17T05:05:33.823249,9,3.050048828125,67.806
2024-07-17T05:05:33.848386,9,3.050048828125,67.806
2024-07-17T05:05:33.873511,9,3.050048828125,67.806
2024-07-17T05:05:33.898633,9,3.050048828125,67.806
2024-07-17T05:05:33.923767,9,3.050048828125,68.402
2024-07-17T05:05:33.948860,9,3.050048828125,68.402
2024-07-17T05:05:33.973983,9,3.050048828125,68.402
2024-07-17T05:05:33.999106,9,3.050048828125,67.657
2024-07-17T05:05:34.024261,9,3.050048828125,67.657
2024-07-17T05:05:34.049372,9,3.050048828125,67.657
2024-07-17T05:05:34.074497,9,3.050048828125,67.657
2024-07-17T05:05:34.099609,9,3.050048828125,67.657
2024-07-17T05:05:34.124750,9,3.050048828125,68.401
2024-07-17T05:05:34.149871,9,3.050048828125,68.401
2024-07-17T05:05:34.174993,9,3.050048828125,68.401
2024-07-17T05:05:34.200104,9,3.050048828125,67.611
2024-07-17T05:05:34.225217,9,3.050048828125,67.611
2024-07-17T05:05:34.250416,9,3.050048828125,67.611
2024-07-17T05:05:34.275569,9,3.050048828125,67.611
2024-07-17T05:05:34.300688,9,3.050048828125,67.611
2024-07-17T05:05:34.325800,9,3.050048828125,68.382
2024-07-17T05:05:34.350929,9,3.050048828125,68.382
2024-07-17T05:05:34.376063,9,3.050048828125,68.382
2024-07-17T05:05:34.401198,9,3.050048828125,68.382
2024-07-17T05:05:34.426356,9,3.050048828125,67.755
2024-07-17T05:05:34.451482,9,3.050048828125,67.755
2024-07-17T05:05:34.476605,9,3.050048828125,67.755
2024-07-17T05:05:34.501737,9,3.050048828125,67.755
2024-07-17T05:05:34.526883,9,3.050048828125,68.499
2024-07-17T05:05:34.552001,9,3.050048828125,68.499
2024-07-17T05:05:34.577136,9,3.050048828125,68.499
2024-07-17T05:05:34.602258,9,3.050048828125,68.499
2024-07-17T05:05:34.627398,9,3.050048828125,67.916
2024-07-17T05:05:34.652518,9,3.050048828125,67.916
2024-07-17T05:05:34.677639,9,3.050048828125,67.916
2024-07-17T05:05:34.702797,9,3.050048828125,67.916
2024-07-17T05:05:34.727983,9,3.050048828125,67.916
2024-07-17T05:05:34.753094,9,3.050048828125,68.402
2024-07-17T05:05:34.778213,9,3.050048828125,68.402
2024-07-17T05:05:34.803409,9,3.050048828125,68.402
2024-07-17T05:05:34.828599,9,3.050048828125,68.135
2024-07-17T05:05:34.853727,9,3.050048828125,68.135
2024-07-17T05:05:34.878856,9,3.050048828125,68.135
2024-07-17T05:05:34.904009,9,3.050048828125,68.135
2024-07-17T05:05:34.929121,9,3.050048828125,68.135
2024-07-17T05:05:34.954235,9,3.050048828125,68.479
2024-07-17T05:05:34.979348,9,3.050048828125,68.479
2024-07-17T05:05:35.004482,9,3.050048828125,68.479
2024-07-17T05:05:35.029659,9,3.050048828125,68.304
2024-07-17T05:05:35.054779,9,3.050048828125,68.304
2024-07-17T05:05:35.079869,9,3.050048828125,68.304
2024-07-17T05:05:35.104994,9,3.050048828125,68.304
2024-07-17T05:05:35.130106,9,3.050048828125,68.304
2024-07-17T05:05:35.155226,9,3.050048828125,68.924
2024-07-17T05:05:35.180345,9,3.050048828125,68.924
2024-07-17T05:05:35.205542,9,3.050048828125,68.924
2024-07-17T05:05:35.230653,9,3.050048828125,68.162
2024-07-17T05:05:35.255814,9,3.050048828125,68.162
2024-07-17T05:05:35.281001,9,3.050048828125,68.162
2024-07-17T05:05:35.306188,9,3.050048828125,68.162
2024-07-17T05:05:35.331314,9,3.050048828125,68.162
2024-07-17T05:05:35.356512,9,3.050048828125,67.708
2024-07-17T05:05:35.381634,9,3.050048828125,67.708
2024-07-17T05:05:35.406745,9,3.050048828125,67.708
2024-07-17T05:05:35.431873,9,3.050048828125,67.708
2024-07-17T05:05:35.457019,9,3.050048828125,67.708
2024-07-17T05:05:35.482131,9,3.050048828125,68.382
2024-07-17T05:05:35.507288,9,3.050048828125,68.382
2024-07-17T05:05:35.532399,9,3.050048828125,68.382
2024-07-17T05:05:35.557563,9,3.050048828125,67.529
2024-07-17T05:05:35.582675,9,3.050048828125,67.529
2024-07-17T05:05:35.607796,9,3.050048828125,67.529
2024-07-17T05:05:35.632916,9,3.050048828125,67.529
2024-07-17T05:05:35.658037,9,3.050048828125,68.33
2024-07-17T05:05:35.683152,9,3.050048828125,68.33
2024-07-17T05:05:35.708293,9,3.050048828125,68.33
2024-07-17T05:05:35.733415,9,3.050048828125,68.33
2024-07-17T05:05:35.758546,9,3.050048828125,68.33
2024-07-17T05:05:35.783658,9,3.050048828125,67.889
2024-07-17T05:05:35.808838,9,3.050048828125,67.889
2024-07-17T05:05:35.833960,9,3.050048828125,67.889
2024-07-17T05:05:35.859119,9,3.050048828125,68.498
2024-07-17T05:05:35.884229,9,3.050048828125,68.498
2024-07-17T05:05:35.909341,9,3.050048828125,68.498
2024-07-17T05:05:35.934461,9,3.050048828125,68.498
2024-07-17T05:05:35.959574,9,3.050048828125,68.498
2024-07-17T05:05:35.984719,9,3.050048828125,67.71
2024-07-17T05:05:36.009873,9,3.050048828125,67.71
2024-07-17T05:05:36.034994,9,3.050048828125,67.71
2024-07-17T05:05:36.060105,9,3.050048828125,68.472
2024-07-17T05:05:36.085250,9,3.050048828125,68.472
2024-07-17T05:05:36.110362,8,3.050048828125,68.472
2024-07-17T05:05:36.135525,8,3.050048828125,68.472
2024-07-17T05:05:36.160637,8,3.050048828125,68.472
2024-07-17T05:05:36.185810,8,3.050048828125,67.799
2024-07-17T05:05:36.210924,8,3.050048828125,67.799
2024-07-17T05:05:36.236065,8,3.050048828125,67.799
2024-07-17T05:05:36.261192,8,3.050048828125,67.799
2024-07-17T05:05:36.286352,8,3.050048828125,68.569
2024-07-17T05:05:36.311498,9,3.050048828125,68.569
2024-07-17T05:05:36.336613,9,3.050048828125,68.569
2024-07-17T05:05:36.361746,9,3.050048828125,68.569
2024-07-17T05:05:36.386886,9,3.050048828125,67.747
2024-07-17T05:05:36.412008,9,3.050048828125,67.747
2024-07-17T05:05:36.437120,9,3.050048828125,67.747
2024-07-17T05:05:36.462256,9,3.050048828125,67.747
2024-07-17T05:05:36.487394,9,3.050048828125,68.427
2024-07-17T05:05:36.512505,9,3.050048828125,68.427
2024-07-17T05:05:36.537625,9,3.050048828125,68.427
2024-07-17T05:05:36.562768,9,3.050048828125,68.427
2024-07-17T05:05:36.587859,9,3.050048828125,68.427
2024-07-17T05:05:36.613015,9,3.050048828125,67.96
2024-07-17T05:05:36.638126,9,3.050048828125,67.96
2024-07-17T05:05:36.663285,9,3.050048828125,67.96
2024-07-17T05:05:36.688396,9,3.050048828125,68.834
2024-07-17T05:05:36.713508,9,3.050048828125,68.834
2024-07-17T05:05:36.738641,9,3.050048828125,68.834
2024-07-17T05:05:36.763837,9,3.050048828125,68.834
2024-07-17T05:05:36.788968,9,3.050048828125,68.834
2024-07-17T05:05:36.814092,9,3.050048828125,68.673
2024-07-17T05:05:36.839204,9,3.050048828125,68.673
2024-07-17T05:05:36.864335,9,3.050048828125,68.673
2024-07-17T05:05:36.889447,9,3.050048828125,68.673
2024-07-17T05:05:36.914605,9,3.050048828125,68.673
2024-07-17T05:05:36.939731,9,3.050048828125,68.673
2024-07-17T05:05:36.964843,9,3.050048828125,68.673
2024-07-17T05:05:36.989979,9,3.050048828125,68.673
2024-07-17T05:05:37.015115,9,3.050048828125,67.889
2024-07-17T05:05:37.040227,9,3.050048828125,67.889
2024-07-17T05:05:37.065363,9,3.050048828125,67.889
2024-07-17T05:05:37.090481,9,3.050048828125,67.889
2024-07-17T05:05:37.115592,9,3.050048828125,67.889
2024-07-17T05:05:37.140706,9,3.050048828125,67.889
2024-07-17T05:05:37.165910,9,3.050048828125,67.889
2024-07-17T05:05:37.191020,9,3.050048828125,67.889
2024-07-17T05:05:37.216186,9,3.050048828125,67.638
2024-07-17T05:05:37.241347,9,3.050048828125,67.638
2024-07-17T05:05:37.266469,9,3.050048828125,67.638
2024-07-17T05:05:37.291594,9,3.050048828125,67.638
2024-07-17T05:05:37.316741,9,3.050048828125,68.454
2024-07-17T05:05:37.341941,9,3.050048828125,68.454
2024-07-17T05:05:37.367059,9,3.050048828125,68.454
2024-07-17T05:05:37.392184,9,3.050048828125,68.454
2024-07-17T05:05:37.417335,9,3.050048828125,67.567
2024-07-17T05:05:37.442478,9,3.050048828125,67.567
2024-07-17T05:05:37.467606,9,3.050048828125,67.567
2024-07-17T05:05:37.492730,9,3.050048828125,67.567
2024-07-17T05:05:37.517857,9,3.050048828125,68.26
2024-07-17T05:05:37.543030,9,3.050048828125,68.26
2024-07-17T05:05:37.568140,9,3.050048828125,68.26
2024-07-17T05:05:37.593297,9,3.050048828125,68.26
2024-07-17T05:05:37.618476,9,3.050048828125,68.26
2024-07-17T05:05:37.643621,9,3.050048828125,67.762
2024-07-17T05:05:37.668732,9,3.050048828125,67.762
2024-07-17T05:05:37.693891,9,3.050048828125,67.762
2024-07-17T05:05:37.719008,9,3.050048828125,68.427
2024-07-17T05:05:37.744119,9,3.050048828125,68.427
2024-07-17T05:05:37.769239,9,3.050048828125,68.427
2024-07-17T05:05:37.794453,9,3.050048828125,68.427
2024-07-17T05:05:37.819575,9,3.050048828125,68.427
2024-07-17T05:05:37.844686,9,3.050048828125,67.871
2024-07-17T05:05:37.869812,9,3.050048828125,67.871
2024-07-17T05:05:37.894995,9,3.050048828125,67.871
2024-07-17T05:05:37.920174,9,3.050048828125,68.285
2024-07-17T05:05:37.945286,9,3.050048828125,68.285
2024-07-17T05:05:37.970399,9,3.050048828125,68.285
2024-07-17T05:05:37.995549,9,3.050048828125,68.285
2024-07-17T05:05:38.020681,9,3.050048828125,68.285
2024-07-17T05:05:38.045813,9,3.050048828125,67.818
2024-07-17T05:05:38.070926,9,3.050048828125,67.818
2024-07-17T05:05:38.096061,9,3.050048828125,67.818
2024-07-17T05:05:38.121203,9,3.050048828125,68.614
2024-07-17T05:05:38.146356,9,3.050048828125,68.614
2024-07-17T05:05:38.171467,9,3.050048828125,68.614
2024-07-17T05:05:38.196600,9,3.050048828125,68.614
2024-07-17T05:05:38.221725,9,3.050048828125,68.614
2024-07-17T05:05:38.246923,9,3.050048828125,67.889
2024-07-17T05:05:38.272032,9,3.050048828125,67.889
2024-07-17T05:05:38.297145,9,3.050048828125,67.889
2024-07-17T05:05:38.322282,9,3.050048828125,67.889
2024-07-17T05:05:38.347396,9,3.050048828125,68.576
2024-07-17T05:05:38.372587,9,3.050048828125,68.576
2024-07-17T05:05:38.397711,9,3.050048828125,68.576
2024-07-17T05:05:38.422823,9,3.050048828125,68.576
2024-07-17T05:05:38.447996,9,3.050048828125,67.993
2024-07-17T05:05:38.473107,9,3.050048828125,67.993
2024-07-17T05:05:38.498264,9,3.050048828125,67.993
2024-07-17T05:05:38.523375,9,3.050048828125,67.993
2024-07-17T05:05:38.548526,9,3.050048828125,68.603
2024-07-17T05:05:38.573651,9,3.050048828125,68.603
2024-07-17T05:05:38.598820,9,3.050048828125,68.603
2024-07-17T05:05:38.623934,9,3.050048828125,68.603
2024-07-17T05:05:38.649113,9,3.050048828125,68.603
2024-07-17T05:05:38.674274,9,3.050048828125,68.065
2024-07-17T05:05:38.699393,9,3.050048828125,68.065
2024-07-17T05:05:38.724505,9,3.050048828125,68.065
2024-07-17T05:05:38.749661,9,3.050048828125,68.692
2024-07-17T05:05:38.774782,9,3.050048828125,68.692
2024-07-17T05:05:38.799888,9,3.050048828125,68.692
2024-07-17T05:05:38.825009,9,3.050048828125,68.692
2024-07-17T05:05:38.850168,9,3.050048828125,68.692
2024-07-17T05:05:38.875314,9,3.050048828125,68.11
2024-07-17T05:05:38.900425,9,3.050048828125,68.11
2024-07-17T05:05:38.925554,9,3.050048828125,68.11
2024-07-17T05:05:38.950753,9,3.050048828125,67.613
2024-07-17T05:05:38.975859,9,3.050048828125,67.613
2024-07-17T05:05:39.000988,9,3.050048828125,67.613
2024-07-17T05:05:39.026128,9,3.050048828125,67.613
2024-07-17T05:05:39.051273,9,3.050048828125,67.613
2024-07-17T05:05:39.076393,9,3.050048828125,68.162
2024-07-17T05:05:39.101514,9,3.050048828125,68.162
2024-07-17T05:05:39.126692,9,3.050048828125,68.162
2024-07-17T05:05:39.151860,9,3.050048828125,68.162
2024-07-17T05:05:39.176980,9,3.050048828125,67.502
2024-07-17T05:05:39.202092,9,3.050048828125,67.502
2024-07-17T05:05:39.227252,9,3.050048828125,67.502
2024-07-17T05:05:39.252405,9,3.050048828125,67.502
2024-07-17T05:05:39.277525,9,3.050048828125,68.401
2024-07-17T05:05:39.302636,9,3.050048828125,68.401
2024-07-17T05:05:39.327759,9,3.050048828125,68.401
2024-07-17T05:05:39.352923,9,3.050048828125,68.401
2024-07-17T05:05:39.378053,9,3.050048828125,67.516
2024-07-17T05:05:39.403165,9,3.050048828125,67.516
2024-07-17T05:05:39.428293,9,3.050048828125,67.516
2024-07-17T05:05:39.453414,9,3.050048828125,67.516
2024-07-17T05:05:39.478541,9,3.050048828125,67.516
2024-07-17T05:05:39.503654,9,3.050048828125,68.26
2024-07-17T05:05:39.528766,9,3.050048828125,68.26
2024-07-17T05:05:39.553884,9,3.050048828125,68.26
2024-07-17T05:05:39.579070,9,3.050048828125,67.69
2024-07-17T05:05:39.604181,9,3.050048828125,67.69
2024-07-17T05:05:39.629293,9,3.050048828125,67.69
2024-07-17T05:05:39.654415,9,3.050048828125,67.69
2024-07-17T05:05:39.679530,9,3.050048828125,67.69
2024-07-17T05:05:39.704694,9,3.050048828125,68.498
2024-07-17T05:05:39.729806,9,3.050048828125,68.498
2024-07-17T05:05:39.754927,9,3.050048828125,68.498
2024-07-17T05:05:39.780063,9,3.050048828125,67.819
2024-07-17T05:05:39.805186,9,3.050048828125,67.819
2024-07-17T05:05:39.830358,8,3.050048828125,67.819
2024-07-17T05:05:39.855486,8,3.050048828125,67.819
2024-07-17T05:05:39.880609,8,3.050048828125,67.819
2024-07-17T05:05:39.905774,8,3.050048828125,68.357
2024-07-17T05:05:39.930890,8,3.050048828125,68.357
2024-07-17T05:05:39.956027,8,3.050048828125,68.357
2024-07-17T05:05:39.981151,8,3.050048828125,67.896
2024-07-17T05:05:40.006300,8,3.050048828125,67.896
2024-07-17T05:05:40.031412,9,3.050048828125,67.896
2024-07-17T05:05:40.056547,9,3.050048828125,67.896
2024-07-17T05:05:40.081668,9,3.050048828125,67.896
2024-07-17T05:05:40.106854,9,3.050048828125,68.499
2024-07-17T05:05:40.132004,9,3.050048828125,68.499
2024-07-17T05:05:40.157116,9,3.050048828125,68.499
2024-07-17T05:05:40.182229,9,3.050048828125,68.499
2024-07-17T05:05:40.207372,9,3.050048828125,68.031
2024-07-17T05:05:40.232483,9,3.050048828125,68.031
2024-07-17T05:05:40.257603,9,3.050048828125,68.031
2024-07-17T05:05:40.282717,9,3.050048828125,68.031
2024-07-17T05:05:40.307829,9,3.050048828125,68.031
2024-07-17T05:05:40.332954,9,3.050048828125,68.648
2024-07-17T05:05:40.358127,9,3.050048828125,68.648
2024-07-17T05:05:40.383258,9,3.050048828125,68.648
2024-07-17T05:05:40.408369,9,3.050048828125,68.648
2024-07-17T05:05:40.433481,9,3.050048828125,68.673
2024-07-17T05:05:40.458612,9,3.050048828125,68.673
2024-07-17T05:05:40.483740,9,3.050048828125,68.673
2024-07-17T05:05:40.508892,9,3.050048828125,68.673
2024-07-17T05:05:40.534003,9,3.050048828125,68.673
2024-07-17T05:05:40.559141,9,3.050048828125,68.673
2024-07-17T05:05:40.584300,9,3.050048828125,68.673
2024-07-17T05:05:40.609424,9,3.050048828125,68.233
2024-07-17T05:05:40.634537,9,3.050048828125,68.233
2024-07-17T05:05:40.659688,9,3.050048828125,68.233
2024-07-17T05:05:40.684847,9,3.050048828125,68.233
2024-07-17T05:05:40.709987,9,3.050048828125,68.233
2024-07-17T05:05:40.735098,9,3.050048828125,68.284
2024-07-17T05:05:40.760234,9,3.050048828125,68.284
2024-07-17T05:05:40.785430,9,3.050048828125,68.284
2024-07-17T05:05:40.810542,9,3.050048828125,68.284
2024-07-17T05:05:40.835675,9,3.050048828125,68.284
2024-07-17T05:05:40.860809,9,3.050048828125,68.284
2024-07-17T05:05:40.885943,9,3.050048828125,68.284
2024-07-17T05:05:40.911054,9,3.050048828125,68.284
2024-07-17T05:05:40.936190,9,3.050048828125,68.427
2024-07-17T05:05:40.961312,9,3.050048828125,68.427
2024-07-17T05:05:40.986424,9,3.050048828125,68.427
2024-07-17T05:05:41.011540,9,3.050048828125,68.427
2024-07-17T05:05:41.036652,9,3.050048828125,67.567
2024-07-17T05:05:41.061775,9,3.050048828125,67.567
2024-07-17T05:05:41.086859,9,3.050048828125,67.567
2024-07-17T05:05:41.111996,9,3.050048828125,67.567
2024-07-17T05:05:41.137150,9,3.050048828125,68.285
2024-07-17T05:05:41.162280,9,3.050048828125,68.285
2024-07-17T05:05:41.187392,9,3.050048828125,68.285
2024-07-17T05:05:41.212514,9,3.050048828125,68.285
2024-07-17T05:05:41.237659,9,3.050048828125,67.689
2024-07-17T05:05:41.262786,9,3.050048828125,67.689
2024-07-17T05:05:41.287921,9,3.050048828125,67.689
2024-07-17T05:05:41.313066,9,3.050048828125,67.689
2024-07-17T05:05:41.338208,9,3.050048828125,67.689
2024-07-17T05:05:41.363336,9,3.050048828125,68.312
2024-07-17T05:05:41.388455,9,3.050048828125,68.312
2024-07-17T05:05:41.413569,9,3.050048828125,68.312
2024-07-17T05:05:41.438732,9,3.050048828125,68.312
2024-07-17T05:05:41.463843,9,3.050048828125,67.871
2024-07-17T05:05:41.488990,9,3.050048828125,67.871
2024-07-17T05:05:41.514112,9,3.050048828125,67.871
2024-07-17T05:05:41.539295,9,3.050048828125,68.479
2024-07-17T05:05:41.564427,9,3.050048828125,68.479
2024-07-17T05:05:41.589548,9,3.050048828125,68.479
2024-07-17T05:05:41.614660,9,3.050048828125,68.479
2024-07-17T05:05:41.639894,9,3.050048828125,67.709
2024-07-17T05:05:41.665028,9,3.050048828125,67.709
2024-07-17T05:05:41.690141,9,3.050048828125,67.709
2024-07-17T05:05:41.715260,9,3.050048828125,67.709
2024-07-17T05:05:41.740389,9,3.050048828125,67.709
2024-07-17T05:05:41.765541,9,3.050048828125,68.621
2024-07-17T05:05:41.790675,9,3.050048828125,68.621
2024-07-17T05:05:41.815786,9,3.050048828125,68.621
2024-07-17T05:05:41.840909,9,3.050048828125,68.621
2024-07-17T05:05:41.866019,9,3.050048828125,67.844
2024-07-17T05:05:41.891183,9,3.050048828125,67.844
2024-07-17T05:05:41.916294,9,3.050048828125,67.844
2024-07-17T05:05:41.941439,9,3.050048828125,67.844
2024-07-17T05:05:41.966576,9,3.050048828125,68.357
2024-07-17T05:05:41.991697,9,3.050048828125,68.357
2024-07-17T05:05:42.016878,9,3.050048828125,68.357
2024-07-17T05:05:42.042018,9,3.050048828125,68.357
2024-07-17T05:05:42.067142,9,3.050048828125,67.884
2024-07-17T05:05:42.092278,9,3.050048828125,67.884
2024-07-17T05:05:42.117389,9,3.050048828125,67.884
2024-07-17T05:05:42.142546,9,3.050048828125,67.884
2024-07-17T05:05:42.167657,9,3.050048828125,67.884
2024-07-17T05:05:42.192789,9,3.050048828125,68.57
2024-07-17T05:05:42.217870,9,3.050048828125,68.57
2024-07-17T05:05:42.243052,9,3.050048828125,68.57
2024-07-17T05:05:42.268192,9,3.050048828125,68.135
2024-07-17T05:05:42.293316,9,3.050048828125,68.135
2024-07-17T05:05:42.318429,9,3.050048828125,68.135
2024-07-17T05:05:42.343542,9,3.050048828125,68.135
2024-07-17T05:05:42.368664,9,3.050048828125,68.621
2024-07-17T05:05:42.393841,9,3.050048828125,68.621
2024-07-17T05:05:42.418954,9,3.050048828125,68.621
2024-07-17T05:05:42.444066,9,3.050048828125,68.621
2024-07-17T05:05:42.469191,9,3.050048828125,68.135
2024-07-17T05:05:42.494338,9,3.050048828125,68.135
2024-07-17T05:05:42.519450,9,3.050048828125,68.135
2024-07-17T05:05:42.544589,9,3.050048828125,68.135
2024-07-17T05:05:42.569722,9,3.050048828125,68.135
2024-07-17T05:05:42.594857,9,3.050048828125,67.657
2024-07-17T05:05:42.619991,9,3.050048828125,67.657
2024-07-17T05:05:42.645128,9,3.050048828125,67.657
2024-07-17T05:05:42.670268,9,3.050048828125,68.26
2024-07-17T05:05:42.695409,9,3.050048828125,68.26
2024-07-17T05:05:42.720521,9,3.050048828125,68.26
2024-07-17T05:05:42.745650,9,3.050048828125,68.26
2024-07-17T05:05:42.770805,9,3.050048828125,68.26
2024-07-17T05:05:42.795938,9,3.050048828125,67.582
2024-07-17T05:05:42.821055,9,3.050048828125,67.582
2024-07-17T05:05:42.846175,9,3.050048828125,67.582
2024-07-17T05:05:42.871345,9,3.050048828125,67.582
2024-07-17T05:05:42.896469,9,3.050048828125,68.285
2024-07-17T05:05:42.921590,9,3.050048828125,68.285
2024-07-17T05:05:42.946701,9,3.050048828125,68.285
2024-07-17T05:05:42.971813,9,3.050048828125,68.285
2024-07-17T05:05:42.996928,9,3.050048828125,67.889
2024-07-17T05:05:43.022041,9,3.050048828125,67.889
2024-07-17T05:05:43.047167,9,3.050048828125,67.889
2024-07-17T05:05:43.072295,9,3.050048828125,67.889
2024-07-17T05:05:43.097407,9,3.050048828125,68.517
2024-07-17T05:05:43.122579,9,3.050048828125,68.517
2024-07-17T05:05:43.147690,9,3.050048828125,68.517
2024-07-17T05:05:43.172803,9,3.050048828125,68.517
2024-07-17T05:05:43.197967,9,3.050048828125,68.517
2024-07-17T05:05:43.223097,9,3.050048828125,67.637
2024-07-17T05:05:43.248227,9,3.050048828125,67.637
2024-07-17T05:05:43.273340,9,3.050048828125,67.637
2024-07-17T05:05:43.298473,9,3.050048828125,68.446
2024-07-17T05:05:43.323607,9,3.050048828125,68.446
2024-07-17T05:05:43.348789,8,3.050048828125,68.446
2024-07-17T05:05:43.373860,8,3.050048828125,68.446
2024-07-17T05:05:43.399002,8,3.050048828125,67.665
2024-07-17T05:05:43.424124,8,3.050048828125,67.665
2024-07-17T05:05:43.449286,8,3.050048828125,67.665
2024-07-17T05:05:43.474398,8,3.050048828125,67.665
2024-07-17T05:05:43.499540,8,3.050048828125,68.454
2024-07-17T05:05:43.524692,8,3.050048828125,68.454
2024-07-17T05:05:43.549862,9,3.050048828125,68.454
2024-07-17T05:05:43.574990,9,3.050048828125,68.454
2024-07-17T05:05:43.600137,9,3.050048828125,68.454
2024-07-17T05:05:43.625269,9,3.050048828125,67.896
2024-07-17T05:05:43.650388,9,3.050048828125,67.896
2024-07-17T05:05:43.675550,9,3.050048828125,67.896
2024-07-17T05:05:43.700746,9,3.050048828125,68.666
2024-07-17T05:05:43.725911,9,3.050048828125,68.666
2024-07-17T05:05:43.751047,9,3.050048828125,68.666
2024-07-17T05:05:43.776160,9,3.050048828125,68.666
2024-07-17T05:05:43.801311,9,3.050048828125,68.666
2024-07-17T05:05:43.826422,9,3.050048828125,68.09
2024-07-17T05:05:43.851533,9,3.050048828125,68.09
2024-07-17T05:05:43.876680,9,3.050048828125,68.09
2024-07-17T05:05:43.901791,9,3.050048828125,68.09
2024-07-17T05:05:43.926880,9,3.050048828125,68.674
2024-07-17T05:05:43.952015,9,3.050048828125,68.674
2024-07-17T05:05:43.977126,9,3.050048828125,68.674
2024-07-17T05:05:44.002261,9,3.050048828125,68.674
2024-07-17T05:05:44.027372,9,3.050048828125,68.128
2024-07-17T05:05:44.052516,9,3.050048828125,68.128
2024-07-17T05:05:44.077634,9,3.050048828125,68.128
2024-07-17T05:05:44.102838,9,3.050048828125,68.128
2024-07-17T05:05:44.127984,9,3.050048828125,68.944
2024-07-17T05:05:44.153107,9,3.050048828125,68.944
2024-07-17T05:05:44.178280,9,3.050048828125,68.944
2024-07-17T05:05:44.203399,9,3.050048828125,68.944
2024-07-17T05:05:44.228528,9,3.050048828125,68.944
2024-07-17T05:05:44.253659,9,3.050048828125,67.611
2024-07-17T05:05:44.278803,9,3.050048828125,67.611
2024-07-17T05:05:44.303915,9,3.050048828125,67.611
2024-07-17T05:05:44.329024,9,3.050048828125,67.611
2024-07-17T05:05:44.354147,9,3.050048828125,67.611
2024-07-17T05:05:44.379306,9,3.050048828125,67.611
2024-07-17T05:05:44.404475,9,3.050048828125,67.611
2024-07-17T05:05:44.429632,9,3.050048828125,68.225
2024-07-17T05:05:44.454745,9,3.050048828125,68.225
2024-07-17T05:05:44.479859,9,3.050048828125,68.225
2024-07-17T05:05:44.505001,9,3.050048828125,68.225
2024-07-17T05:05:44.530111,9,3.050048828125,67.844
2024-07-17T05:05:44.555231,9,3.050048828125,67.844
2024-07-17T05:05:44.580364,9,3.050048828125,67.844
2024-07-17T05:05:44.605505,9,3.050048828125,67.844
2024-07-17T05:05:44.630617,9,3.050048828125,67.844
2024-07-17T05:05:44.655730,9,3.050048828125,67.482
2024-07-17T05:05:44.680855,9,3.050048828125,67.482
2024-07-17T05:05:44.705966,9,3.050048828125,67.482
2024-07-17T05:05:44.731121,9,3.050048828125,67.482
2024-07-17T05:05:44.756244,9,3.050048828125,67.482
2024-07-17T05:05:44.781421,9,3.050048828125,67.482
2024-07-17T05:05:44.806533,9,3.050048828125,67.482
2024-07-17T05:05:44.831656,9,3.050048828125,67.482
2024-07-17T05:05:44.856784,9,3.050048828125,67.638
2024-07-17T05:05:44.881991,9,3.050048828125,67.638
2024-07-17T05:05:44.907140,9,3.050048828125,67.638
2024-07-17T05:05:44.932262,9,3.050048828125,67.638
2024-07-17T05:05:44.957383,9,3.050048828125,68.349
2024-07-17T05:05:44.982506,9,3.050048828125,68.349
2024-07-17T05:05:45.007670,9,3.050048828125,68.349
2024-07-17T05:05:45.032866,9,3.050048828125,68.349
2024-07-17T05:05:45.058022,9,3.050048828125,67.689
2024-07-17T05:05:45.083146,9,3.050048828125,67.689
2024-07-17T05:05:45.108259,9,3.050048828125,67.689
2024-07-17T05:05:45.133430,9,3.050048828125,67.689
2024-07-17T05:05:45.158574,9,3.050048828125,68.446
2024-07-17T05:05:45.183687,9,3.050048828125,68.446
2024-07-17T05:05:45.208818,9,3.050048828125,68.446
2024-07-17T05:05:45.233962,9,3.050048828125,68.446
2024-07-17T05:05:45.259090,9,3.050048828125,68.446
2024-07-17T05:05:45.284202,9,3.050048828125,67.747
2024-07-17T05:05:45.309314,9,3.050048828125,67.747
2024-07-17T05:05:45.334526,9,3.050048828125,67.747
2024-07-17T05:05:45.359637,9,3.050048828125,68.426
2024-07-17T05:05:45.384783,9,3.050048828125,68.426
2024-07-17T05:05:45.409859,9,3.050048828125,68.426
2024-07-17T05:05:45.434981,9,3.050048828125,68.426
2024-07-17T05:05:45.460092,9,3.050048828125,68.09
2024-07-17T05:05:45.485232,9,3.050048828125,68.09
2024-07-17T05:05:45.510419,9,3.050048828125,68.09
2024-07-17T05:05:45.535530,9,3.050048828125,68.09
2024-07-17T05:05:45.560703,9,3.050048828125,68.454
2024-07-17T05:05:45.585814,9,3.050048828125,68.454
2024-07-17T05:05:45.610929,9,3.050048828125,68.454
2024-07-17T05:05:45.636081,9,3.050048828125,68.454
2024-07-17T05:05:45.661192,9,3.050048828125,68.454
2024-07-17T05:05:45.686304,9,3.050048828125,68.013
2024-07-17T05:05:45.711446,9,3.050048828125,68.013
2024-07-17T05:05:45.736602,9,3.050048828125,68.013
2024-07-17T05:05:45.761714,9,3.050048828125,68.524
2024-07-17T05:05:45.786841,9,3.050048828125,68.524
2024-07-17T05:05:45.812017,9,3.050048828125,68.524
2024-07-17T05:05:45.837137,9,3.050048828125,68.524
2024-07-17T05:05:45.862249,9,3.050048828125,68.524
2024-07-17T05:05:45.887383,9,3.050048828125,68.09
2024-07-17T05:05:45.912554,9,3.050048828125,68.09
2024-07-17T05:05:45.937679,9,3.050048828125,68.09
2024-07-17T05:05:45.962791,9,3.050048828125,68.09
2024-07-17T05:05:45.987870,9,3.050048828125,68.084
2024-07-17T05:05:46.013003,9,3.050048828125,68.084
2024-07-17T05:05:46.038124,9,3.050048828125,68.084
2024-07-17T05:05:46.063236,9,3.050048828125,68.084
2024-07-17T05:05:46.088360,9,3.050048828125,68.084
2024-07-17T05:05:46.113514,9,3.050048828125,67.994
2024-07-17T05:05:46.138689,9,3.050048828125,67.994
2024-07-17T05:05:46.163801,9,3.050048828125,67.994
2024-07-17T05:05:46.188937,9,3.050048828125,67.54
2024-07-17T05:05:46.214066,9,3.050048828125,67.54
2024-07-17T05:05:46.239226,9,3.050048828125,67.54
2024-07-17T05:05:46.264395,9,3.050048828125,67.54
2024-07-17T05:05:46.289507,9,3.050048828125,67.54
2024-07-17T05:05:46.314630,9,3.050048828125,68.278
2024-07-17T05:05:46.339777,9,3.050048828125,68.278
2024-07-17T05:05:46.364870,9,3.050048828125,68.278
2024-07-17T05:05:46.390024,9,3.050048828125,68.278
2024-07-17T05:05:46.415135,9,3.050048828125,67.599
2024-07-17T05:05:46.440247,9,3.050048828125,67.599
2024-07-17T05:05:46.465358,9,3.050048828125,67.599
2024-07-17T05:05:46.490481,9,3.050048828125,68.181
2024-07-17T05:05:46.515647,9,3.050048828125,68.181
2024-07-17T05:05:46.540789,9,3.050048828125,68.181
2024-07-17T05:05:46.565859,9,3.050048828125,68.181
2024-07-17T05:05:46.590977,9,3.050048828125,67.638
2024-07-17T05:05:46.616095,9,3.050048828125,67.638
2024-07-17T05:05:46.641208,9,3.050048828125,67.638
2024-07-17T05:05:46.666356,9,3.050048828125,67.638
2024-07-17T05:05:46.691467,9,3.050048828125,67.638
2024-07-17T05:05:46.716602,9,3.050048828125,68.285
2024-07-17T05:05:46.741723,9,3.050048828125,68.285
2024-07-17T05:05:46.766835,9,3.050048828125,68.285
2024-07-17T05:05:46.791948,9,3.050048828125,68.285
2024-07-17T05:05:46.817060,9,3.050048828125,67.611
2024-07-17T05:05:46.842245,8,3.050048828125,67.611
2024-07-17T05:05:46.867368,8,3.050048828125,67.611
2024-07-17T05:05:46.892518,8,3.050048828125,67.611
2024-07-17T05:05:46.917630,8,3.050048828125,68.499
2024-07-17T05:05:46.942742,8,3.050048828125,68.499
2024-07-17T05:05:46.967867,8,3.050048828125,68.499
2024-07-17T05:05:46.993022,8,3.050048828125,68.499
2024-07-17T05:05:47.018175,8,3.050048828125,67.657
2024-07-17T05:05:47.043286,9,3.050048828125,67.657
2024-07-17T05:05:47.068406,9,3.050048828125,67.657
2024-07-17T05:05:47.093586,9,3.050048828125,67.657
2024-07-17T05:05:47.118706,9,3.050048828125,67.657
2024-07-17T05:05:47.143828,9,3.050048828125,68.499
2024-07-17T05:05:47.168953,9,3.050048828125,68.499
2024-07-17T05:05:47.194073,9,3.050048828125,68.499
2024-07-17T05:05:47.219184,9,3.050048828125,67.994
2024-07-17T05:05:47.244295,9,3.050048828125,67.994
2024-07-17T05:05:47.269473,9,3.050048828125,67.994
2024-07-17T05:05:47.294584,9,3.050048828125,67.994
2024-07-17T05:05:47.319741,9,3.050048828125,67.994
2024-07-17T05:05:47.344891,9,3.050048828125,68.402
2024-07-17T05:05:47.370012,9,3.050048828125,68.402
2024-07-17T05:05:47.395138,9,3.050048828125,68.402
2024-07-17T05:05:47.420345,9,3.050048828125,68.402
2024-07-17T05:05:47.445456,9,3.050048828125,67.949
2024-07-17T05:05:47.470576,9,3.050048828125,67.949
2024-07-17T05:05:47.495710,9,3.050048828125,67.949
2024-07-17T05:05:47.520876,9,3.050048828125,68.649
2024-07-17T05:05:47.546010,9,3.050048828125,68.649
2024-07-17T05:05:47.571160,9,3.050048828125,68.649
2024-07-17T05:05:47.596283,9,3.050048828125,68.649
2024-07-17T05:05:47.621406,9,3.050048828125,68.013
2024-07-17T05:05:47.646517,9,3.050048828125,68.013
2024-07-17T05:05:47.671655,9,3.050048828125,68.013
2024-07-17T05:05:47.696766,9,3.050048828125,68.013
2024-07-17T05:05:47.721859,9,3.050048828125,68.013
2024-07-17T05:05:47.747037,9,3.050048828125,68.543
2024-07-17T05:05:47.772201,9,3.050048828125,68.543
2024-07-17T05:05:47.797325,9,3.050048828125,68.543
2024-07-17T05:05:47.822437,9,3.050048828125,68.543
2024-07-17T05:05:47.847585,9,3.050048828125,68.26
2024-07-17T05:05:47.872728,9,3.050048828125,68.26
2024-07-17T05:05:47.897916,9,3.050048828125,68.26
2024-07-17T05:05:47.923079,9,3.050048828125,68.26
2024-07-17T05:05:47.948190,9,3.050048828125,68.26
2024-07-17T05:05:47.973315,9,3.050048828125,68.207
2024-07-17T05:05:47.998434,9,3.050048828125,68.207
2024-07-17T05:05:48.023549,9,3.050048828125,68.207
2024-07-17T05:05:48.048671,9,3.050048828125,68.207
2024-07-17T05:05:48.073792,9,3.050048828125,68.207
2024-07-17T05:05:48.098947,9,3.050048828125,68.207
2024-07-17T05:05:48.193883,9,3.050048828125,64.717
2024-07-17T05:05:48.219095,9,3.050048828125,64.717
2024-07-17T05:05:48.244264,9,3.050048828125,64.717
2024-07-17T05:05:48.269389,9,3.050048828125,64.717
2024-07-17T05:05:48.294505,9,3.050048828125,64.717
2024-07-17T05:05:48.319678,9,3.050048828125,64.717
2024-07-17T05:05:48.344791,9,3.050048828125,64.717
2024-07-17T05:05:48.369869,9,3.050048828125,67.502
2024-07-17T05:05:48.394991,9,3.050048828125,67.502
2024-07-17T05:05:48.420119,9,3.050048828125,67.502
2024-07-17T05:05:48.445241,9,3.050048828125,67.502
2024-07-17T05:05:48.470376,9,3.050048828125,67.502
2024-07-17T05:05:48.495488,5,3.050048828125,67.502
2024-07-17T05:05:48.520601,5,3.050048828125,67.502
2024-07-17T05:05:48.545722,5,3.050048828125,67.502
2024-07-17T05:05:48.570850,5,3.050048828125,67.638
2024-07-17T05:05:48.595961,5,3.050048828125,67.638
2024-07-17T05:05:48.621107,5,3.050048828125,67.638
2024-07-17T05:05:48.646263,5,3.050048828125,67.638
2024-07-17T05:05:48.671385,5,3.050048828125,68.117
2024-07-17T05:05:48.696511,8,3.050048828125,68.117
2024-07-17T05:05:48.721680,8,3.050048828125,68.117
2024-07-17T05:05:48.746883,8,3.050048828125,68.117
2024-07-17T05:05:48.772014,8,3.050048828125,68.117
2024-07-17T05:05:48.797133,8,3.050048828125,67.657
2024-07-17T05:05:48.822244,8,3.050048828125,67.657
2024-07-17T05:05:48.847371,8,3.050048828125,67.657
2024-07-17T05:05:48.872572,8,3.050048828125,68.163
2024-07-17T05:05:48.897684,8,3.050048828125,68.163
2024-07-17T05:05:48.922795,9,3.050048828125,68.163
2024-07-17T05:05:48.947943,9,3.050048828125,68.163
2024-07-17T05:05:48.973098,9,3.050048828125,68.163
2024-07-17T05:05:48.998220,9,3.050048828125,67.889
2024-07-17T05:05:49.023341,9,3.050048828125,67.889
2024-07-17T05:05:49.048499,9,3.050048828125,67.889
2024-07-17T05:05:49.073626,9,3.050048828125,68.472
2024-07-17T05:05:49.098782,9,3.050048828125,68.472
2024-07-17T05:05:49.123871,9,3.050048828125,68.472
2024-07-17T05:05:49.149016,9,3.050048828125,68.472
2024-07-17T05:05:49.174127,9,3.050048828125,68.472
2024-07-17T05:05:49.199265,9,3.050048828125,67.986
2024-07-17T05:05:49.224414,9,3.050048828125,67.986
2024-07-17T05:05:49.249525,9,3.050048828125,67.986
2024-07-17T05:05:49.274637,9,3.050048828125,68.621
2024-07-17T05:05:49.299795,9,3.050048828125,68.621
2024-07-17T05:05:49.324860,9,3.050048828125,68.621
2024-07-17T05:05:49.349970,9,3.050048828125,68.621
2024-07-17T05:05:49.375095,9,3.050048828125,68.621
2024-07-17T05:05:49.400247,9,3.050048828125,68.128
2024-07-17T05:05:49.425372,9,3.050048828125,68.128
2024-07-17T05:05:49.450505,9,3.050048828125,68.128
2024-07-17T05:05:49.475635,9,3.050048828125,68.128
2024-07-17T05:05:49.500789,9,3.050048828125,67.844
2024-07-17T05:05:49.525873,9,3.050048828125,67.844
2024-07-17T05:05:49.551028,9,3.050048828125,67.844
2024-07-17T05:05:49.576214,9,3.050048828125,67.844
2024-07-17T05:05:49.601337,9,3.050048828125,68.065
2024-07-17T05:05:49.626483,9,3.050048828125,68.065
2024-07-17T05:05:49.651677,9,3.050048828125,68.065
2024-07-17T05:05:49.676812,9,3.050048828125,68.065
2024-07-17T05:05:49.701983,9,3.050048828125,67.683
2024-07-17T05:05:49.727105,9,3.050048828125,67.683
2024-07-17T05:05:49.752216,9,3.050048828125,67.683
2024-07-17T05:05:49.777358,9,3.050048828125,67.683
2024-07-17T05:05:49.802469,9,3.050048828125,67.683
2024-07-17T05:05:49.827667,9,3.050048828125,68.252
2024-07-17T05:05:49.852779,9,3.050048828125,68.252
2024-07-17T05:05:49.877921,9,3.050048828125,68.252
2024-07-17T05:05:49.903074,9,3.050048828125,67.637
2024-07-17T05:05:49.928193,9,3.050048828125,67.637
2024-07-17T05:05:49.953304,9,3.050048828125,67.637
2024-07-17T05:05:49.978448,9,3.050048828125,67.637
2024-07-17T05:05:50.003572,9,3.050048828125,67.637
2024-07-17T05:05:50.028716,9,3.050048828125,68.26
2024-07-17T05:05:50.053855,9,3.050048828125,68.26
2024-07-17T05:05:50.078965,9,3.050048828125,68.26
2024-07-17T05:05:50.104076,9,3.050048828125,67.592
2024-07-17T05:05:50.129188,9,3.050048828125,67.592
2024-07-17T05:05:50.154338,9,3.050048828125,67.592
2024-07-17T05:05:50.179508,9,3.050048828125,67.592
2024-07-17T05:05:50.204619,9,3.050048828125,67.592
2024-07-17T05:05:50.229793,9,3.050048828125,68.285
2024-07-17T05:05:50.254859,9,3.050048828125,68.285
2024-07-17T05:05:50.279980,9,3.050048828125,68.285
2024-07-17T05:05:50.305092,9,3.050048828125,68.285
2024-07-17T05:05:50.330205,9,3.050048828125,67.529
2024-07-17T05:05:50.355327,9,3.050048828125,67.529
2024-07-17T05:05:50.380501,9,3.050048828125,67.529
2024-07-17T05:05:50.405644,9,3.050048828125,67.529
2024-07-17T05:05:50.430755,9,3.050048828125,68.162
2024-07-17T05:05:50.455867,9,3.050048828125,68.162
2024-07-17T05:05:50.481059,9,3.050048828125,68.162
2024-07-17T05:05:50.506196,9,3.050048828125,68.162
2024-07-17T05:05:50.531318,9,3.050048828125,67.573
2024-07-17T05:05:50.556430,9,3.050048828125,67.573
2024-07-17T05:05:50.581542,9,3.050048828125,67.573
2024-07-17T05:05:50.606717,9,3.050048828125,67.573
2024-07-17T05:05:50.631883,9,3.050048828125,67.573
2024-07-17T05:05:50.656994,9,3.050048828125,68.285
2024-07-17T05:05:50.682116,9,3.050048828125,68.285
2024-07-17T05:05:50.707327,9,3.050048828125,68.285
2024-07-17T05:05:50.732465,9,3.050048828125,67.844
2024-07-17T05:05:50.757601,9,3.050048828125,67.844
2024-07-17T05:05:50.782723,9,3.050048828125,67.844
2024-07-17T05:05:50.807917,9,3.050048828125,67.844
2024-07-17T05:05:50.833051,9,3.050048828125,67.844
2024-07-17T05:05:50.858202,9,3.050048828125,68.532
2024-07-17T05:05:50.883337,9,3.050048828125,68.532
2024-07-17T05:05:50.908467,9,3.050048828125,68.532
2024-07-17T05:05:50.933588,9,3.050048828125,67.986
2024-07-17T05:05:50.958729,9,3.050048828125,67.986
2024-07-17T05:05:50.983925,9,3.050048828125,67.986
2024-07-17T05:05:51.009059,9,3.050048828125,67.986
2024-07-17T05:05:51.034170,9,3.050048828125,67.986
2024-07-17T05:05:51.059283,9,3.050048828125,68.499
2024-07-17T05:05:51.084395,9,3.050048828125,68.499
2024-07-17T05:05:51.109562,9,3.050048828125,68.499
2024-07-17T05:05:51.134697,9,3.050048828125,68.135
2024-07-17T05:05:51.159817,9,3.050048828125,68.135
2024-07-17T05:05:51.184931,9,3.050048828125,68.135
2024-07-17T05:05:51.210050,9,3.050048828125,68.135
2024-07-17T05:05:51.235184,9,3.050048828125,68.135
2024-07-17T05:05:51.260357,9,3.050048828125,68.629
2024-07-17T05:05:51.285501,9,3.050048828125,68.629
2024-07-17T05:05:51.310662,9,3.050048828125,68.629
2024-07-17T05:05:51.335836,9,3.050048828125,68.629
2024-07-17T05:05:51.360950,9,3.050048828125,68.278
2024-07-17T05:05:51.386092,9,3.050048828125,68.278
2024-07-17T05:05:51.411279,9,3.050048828125,68.278
2024-07-17T05:05:51.436452,9,3.050048828125,68.278
2024-07-17T05:05:51.461563,9,3.050048828125,67.502
2024-07-17T05:05:51.486691,9,3.050048828125,67.502
2024-07-17T05:05:51.511879,9,3.050048828125,67.502
2024-07-17T05:05:51.537016,9,3.050048828125,67.502
2024-07-17T05:05:51.562150,9,3.050048828125,68.135
2024-07-17T05:05:51.587327,9,3.050048828125,68.135
2024-07-17T05:05:51.612466,9,3.050048828125,68.135
2024-07-17T05:05:51.637600,9,3.050048828125,68.135
2024-07-17T05:05:51.662710,9,3.050048828125,68.135
2024-07-17T05:05:51.687823,9,3.050048828125,67.612
2024-07-17T05:05:51.712937,9,3.050048828125,67.612
2024-07-17T05:05:51.738089,9,3.050048828125,67.612
2024-07-17T05:05:51.763221,9,3.050048828125,68.357
2024-07-17T05:05:51.788342,9,3.050048828125,68.357
2024-07-17T05:05:51.813453,9,3.050048828125,68.357
2024-07-17T05:05:51.838573,9,3.050048828125,68.357
2024-07-17T05:05:51.863685,9,3.050048828125,68.357
2024-07-17T05:05:51.888797,9,3.050048828125,68.135
2024-07-17T05:05:51.913950,9,3.050048828125,68.135
2024-07-17T05:05:51.939069,9,3.050048828125,68.135
2024-07-17T05:05:51.964181,9,3.050048828125,68.135
2024-07-17T05:05:51.989293,9,3.050048828125,68.135
2024-07-17T05:05:52.014426,9,3.050048828125,68.135
2024-07-17T05:05:52.039547,9,3.050048828125,68.135
2024-07-17T05:05:52.064667,9,3.050048828125,68.135
2024-07-17T05:05:52.089779,9,3.050048828125,68.357
2024-07-17T05:05:52.114871,9,3.050048828125,68.357
2024-07-17T05:05:52.139981,9,3.050048828125,68.357
2024-07-17T05:05:52.165113,9,3.050048828125,68.357
2024-07-17T05:05:52.190224,9,3.050048828125,68.357
2024-07-17T05:05:52.215406,8,3.050048828125,68.357
2024-07-17T05:05:52.240529,8,3.050048828125,68.357
2024-07-17T05:05:52.265666,8,3.050048828125,68.357
2024-07-17T05:05:52.290795,8,3.050048828125,68.135
2024-07-17T05:05:52.315909,8,3.050048828125,68.135
2024-07-17T05:05:52.341019,8,3.050048828125,68.135
2024-07-17T05:05:52.366180,8,3.050048828125,68.135
2024-07-17T05:05:52.391299,8,3.050048828125,68.135
2024-07-17T05:05:52.416412,9,3.050048828125,68.135
2024-07-17T05:05:52.441545,9,3.050048828125,68.135
2024-07-17T05:05:52.466698,9,3.050048828125,68.135
2024-07-17T05:05:52.491880,9,3.050048828125,68.446
2024-07-17T05:05:52.516998,9,3.050048828125,68.446
2024-07-17T05:05:52.542166,9,3.050048828125,68.446
2024-07-17T05:05:52.567353,9,3.050048828125,68.446
2024-07-17T05:05:52.592476,9,3.050048828125,67.599
2024-07-17T05:05:52.617588,8,3.050048828125,67.599
2024-07-17T05:05:52.642764,8,3.050048828125,67.599
2024-07-17T05:05:52.667870,8,3.050048828125,67.599
2024-07-17T05:05:52.693051,8,3.050048828125,67.599
2024-07-17T05:05:52.718162,8,3.050048828125,68.357
2024-07-17T05:05:52.743287,8,3.050048828125,68.357
2024-07-17T05:05:52.768398,8,3.050048828125,68.357
2024-07-17T05:05:52.793518,8,3.050048828125,67.916
2024-07-17T05:05:52.818630,8,3.050048828125,67.916
2024-07-17T05:05:52.843768,9,3.050048828125,67.916
2024-07-17T05:05:52.868872,9,3.050048828125,67.916
2024-07-17T05:05:52.894008,9,3.050048828125,67.916
2024-07-17T05:05:52.919120,9,3.050048828125,68.621
2024-07-17T05:05:52.944243,9,3.050048828125,68.621
2024-07-17T05:05:52.969411,9,3.050048828125,68.621
2024-07-17T05:05:52.994551,9,3.050048828125,68.09
2024-07-17T05:05:53.019698,9,3.050048828125,68.09
2024-07-17T05:05:53.044894,9,3.050048828125,68.09
2024-07-17T05:05:53.070006,9,3.050048828125,68.09
2024-07-17T05:05:53.095154,9,3.050048828125,68.09
2024-07-17T05:05:53.120275,9,3.050048828125,67.78
2024-07-17T05:05:53.145437,9,3.050048828125,67.78
2024-07-17T05:05:53.170629,9,3.050048828125,67.78
2024-07-17T05:05:53.195776,9,3.050048828125,67.78
2024-07-17T05:05:53.220876,9,3.050048828125,67.916
2024-07-17T05:05:53.246000,9,3.050048828125,67.916
2024-07-17T05:05:53.271111,9,3.050048828125,67.916
2024-07-17T05:05:53.296260,9,3.050048828125,67.916
2024-07-17T05:05:53.321387,9,3.050048828125,67.431
2024-07-17T05:05:53.346514,9,3.050048828125,67.431
2024-07-17T05:05:53.371626,9,3.050048828125,67.431
2024-07-17T05:05:53.396777,9,3.050048828125,67.431
2024-07-17T05:05:53.421868,9,3.050048828125,67.431
2024-07-17T05:05:53.447007,9,3.050048828125,68.304
2024-07-17T05:05:53.472118,9,3.050048828125,68.304
2024-07-17T05:05:53.497261,9,3.050048828125,68.304
2024-07-17T05:05:53.522389,9,3.050048828125,67.475
2024-07-17T05:05:53.547508,9,3.050048828125,67.475
2024-07-17T05:05:53.572650,9,3.050048828125,67.475
2024-07-17T05:05:53.597814,9,3.050048828125,67.475
2024-07-17T05:05:53.622952,9,3.050048828125,68.084
2024-07-17T05:05:53.648063,9,3.050048828125,68.084
2024-07-17T05:05:53.673174,9,3.050048828125,68.084
2024-07-17T05:05:53.698295,9,3.050048828125,68.084
2024-07-17T05:05:53.723444,9,3.050048828125,68.084
2024-07-17T05:05:53.748556,9,3.050048828125,67.436
2024-07-17T05:05:53.773729,9,3.050048828125,67.436
2024-07-17T05:05:53.798890,9,3.050048828125,67.436
2024-07-17T05:05:53.824070,9,3.050048828125,68.285
2024-07-17T05:05:53.849220,9,3.050048828125,68.285
2024-07-17T05:05:53.874342,9,3.050048828125,68.285
2024-07-17T05:05:53.899518,9,3.050048828125,68.285
2024-07-17T05:05:53.924688,9,3.050048828125,68.285
2024-07-17T05:05:53.949798,9,3.050048828125,67.573
2024-07-17T05:05:53.975002,9,3.050048828125,67.573
2024-07-17T05:05:54.000112,9,3.050048828125,67.573
2024-07-17T05:05:54.025274,9,3.050048828125,68.207
2024-07-17T05:05:54.050404,9,3.050048828125,68.207
2024-07-17T05:05:54.075528,9,3.050048828125,68.207
2024-07-17T05:05:54.100652,9,3.050048828125,68.207
2024-07-17T05:05:54.125773,9,3.050048828125,68.207
2024-07-17T05:05:54.150887,9,3.050048828125,67.546
2024-07-17T05:05:54.176009,9,3.050048828125,67.546
2024-07-17T05:05:54.201144,9,3.050048828125,67.546
2024-07-17T05:05:54.226256,9,3.050048828125,67.546
2024-07-17T05:05:54.251420,9,3.050048828125,68.409
2024-07-17T05:05:54.276545,9,3.050048828125,68.409
2024-07-17T05:05:54.301660,9,3.050048828125,68.409
2024-07-17T05:05:54.326784,9,3.050048828125,68.409
2024-07-17T05:05:54.351903,9,3.050048828125,68.409
2024-07-17T05:05:54.377022,9,3.050048828125,67.734
2024-07-17T05:05:54.402134,9,3.050048828125,67.734
2024-07-17T05:05:54.427272,9,3.050048828125,67.734
2024-07-17T05:05:54.452466,9,3.050048828125,67.734
2024-07-17T05:05:54.477630,9,3.050048828125,68.569
2024-07-17T05:05:54.502742,9,3.050048828125,68.569
2024-07-17T05:05:54.527899,9,3.050048828125,68.569
2024-07-17T05:05:54.553059,9,3.050048828125,67.986
2024-07-17T05:05:54.578177,9,3.050048828125,67.986
2024-07-17T05:05:54.603307,9,3.050048828125,67.986
2024-07-17T05:05:54.628419,9,3.050048828125,67.986
2024-07-17T05:05:54.653543,9,3.050048828125,68.551
2024-07-17T05:05:54.678663,9,3.050048828125,68.551
2024-07-17T05:05:54.703775,9,3.050048828125,68.551
2024-07-17T05:05:54.728860,9,3.050048828125,68.551
2024-07-17T05:05:54.753971,9,3.050048828125,68.551
2024-07-17T05:05:54.779085,9,3.050048828125,68.065
2024-07-17T05:05:54.804267,9,3.050048828125,68.065
2024-07-17T05:05:54.829392,9,3.050048828125,68.065
2024-07-17T05:05:54.854504,9,3.050048828125,68.738
2024-07-17T05:05:54.879628,9,3.050048828125,68.738
2024-07-17T05:05:54.904794,9,3.050048828125,68.738
2024-07-17T05:05:54.929893,9,3.050048828125,68.738
2024-07-17T05:05:54.955023,9,3.050048828125,68.738
2024-07-17T05:05:54.980179,9,3.050048828125,67.923
2024-07-17T05:05:55.005299,9,3.050048828125,67.923
2024-07-17T05:05:55.030433,9,3.050048828125,67.923
2024-07-17T05:05:55.055544,9,3.050048828125,67.923
2024-07-17T05:05:55.080672,9,3.050048828125,67.657
2024-07-17T05:05:55.105809,9,3.050048828125,67.657
2024-07-17T05:05:55.130973,9,3.050048828125,67.657
2024-07-17T05:05:55.156085,9,3.050048828125,67.657
2024-07-17T05:05:55.181222,9,3.050048828125,68.083
2024-07-17T05:05:55.206341,9,3.050048828125,68.083
2024-07-17T05:05:55.231489,9,3.050048828125,68.083
2024-07-17T05:05:55.256601,9,3.050048828125,68.083
2024-07-17T05:05:55.281783,9,3.050048828125,67.689
2024-07-17T05:05:55.306909,9,3.050048828125,67.689
2024-07-17T05:05:55.332043,9,3.050048828125,67.689
2024-07-17T05:05:55.357154,9,3.050048828125,67.689
2024-07-17T05:05:55.382296,9,3.050048828125,68.163
2024-07-17T05:05:55.407463,9,3.050048828125,68.163
2024-07-17T05:05:55.432624,9,3.050048828125,68.163
2024-07-17T05:05:55.457745,9,3.050048828125,68.163
2024-07-17T05:05:55.482869,9,3.050048828125,67.559
2024-07-17T05:05:55.508006,9,3.050048828125,67.559
2024-07-17T05:05:55.533117,9,3.050048828125,67.559
2024-07-17T05:05:55.558237,9,3.050048828125,67.559
2024-07-17T05:05:55.583357,9,3.050048828125,67.559
2024-07-17T05:05:55.608488,9,3.050048828125,67.45
2024-07-17T05:05:55.633625,9,3.050048828125,67.45
2024-07-17T05:05:55.658751,9,3.050048828125,67.45
2024-07-17T05:05:55.683866,9,3.050048828125,67.45
2024-07-17T05:05:55.708996,9,3.050048828125,67.45
2024-07-17T05:05:55.734108,9,3.050048828125,67.45
2024-07-17T05:05:55.759268,9,3.050048828125,67.45
2024-07-17T05:05:55.784391,9,3.050048828125,67.45
2024-07-17T05:05:55.809515,9,3.050048828125,67.573
2024-07-17T05:05:55.834627,9,3.050048828125,67.573
2024-07-17T05:05:55.859741,9,3.050048828125,67.573
2024-07-17T05:05:55.884863,9,3.050048828125,67.573
2024-07-17T05:05:55.910040,9,3.050048828125,67.573
2024-07-17T05:05:55.935175,8,3.050048828125,67.573
2024-07-17T05:05:55.960288,8,3.050048828125,67.573
2024-07-17T05:05:55.985418,8,3.050048828125,67.573
2024-07-17T05:05:56.010563,8,3.050048828125,67.818
2024-07-17T05:05:56.035737,8,3.050048828125,67.818
2024-07-17T05:05:56.060889,8,3.050048828125,67.818
2024-07-17T05:05:56.086045,8,3.050048828125,67.818
2024-07-17T05:05:56.111180,8,3.050048828125,68.357
2024-07-17T05:05:56.136299,9,3.050048828125,68.357
2024-07-17T05:05:56.161428,9,3.050048828125,68.357
2024-07-17T05:05:56.186613,9,3.050048828125,68.357
2024-07-17T05:05:56.211736,9,3.050048828125,67.819
2024-07-17T05:05:56.236851,9,3.050048828125,67.819
2024-07-17T05:05:56.261984,9,3.050048828125,67.819
2024-07-17T05:05:56.287111,9,3.050048828125,67.819
2024-07-17T05:05:56.312234,9,3.050048828125,68.232
2024-07-17T05:05:56.337359,9,3.050048828125,68.232
2024-07-17T05:05:56.362517,9,3.050048828125,68.232
2024-07-17T05:05:56.387722,9,3.050048828125,68.232
2024-07-17T05:05:56.412833,9,3.050048828125,67.915
2024-07-17T05:05:56.437960,9,3.050048828125,67.915
2024-07-17T05:05:56.463070,9,3.050048828125,67.915
2024-07-17T05:05:56.488190,9,3.050048828125,67.915
2024-07-17T05:05:56.513359,9,3.050048828125,68.666
2024-07-17T05:05:56.538493,9,3.050048828125,68.666
2024-07-17T05:05:56.563643,9,3.050048828125,68.666
2024-07-17T05:05:56.588764,9,3.050048828125,68.666
2024-07-17T05:05:56.613894,9,3.050048828125,68.666
2024-07-17T05:05:56.639031,9,3.050048828125,67.897
2024-07-17T05:05:56.664185,9,3.050048828125,67.897
2024-07-17T05:05:56.689352,9,3.050048828125,67.897
2024-07-17T05:05:56.714470,9,3.050048828125,67.54
2024-07-17T05:05:56.739601,9,3.050048828125,67.54
2024-07-17T05:05:56.764720,9,3.050048828125,67.54
2024-07-17T05:05:56.789832,9,3.050048828125,67.54
2024-07-17T05:05:56.814960,9,3.050048828125,67.54
2024-07-17T05:05:56.840103,9,3.050048828125,68.11
2024-07-17T05:05:56.865224,9,3.050048828125,68.11
2024-07-17T05:05:56.890343,9,3.050048828125,68.11
2024-07-17T05:05:56.915478,9,3.050048828125,67.585
2024-07-17T05:05:56.940648,9,3.050048828125,67.585
2024-07-17T05:05:56.965770,9,3.050048828125,67.585
2024-07-17T05:05:56.990912,9,3.050048828125,67.585
2024-07-17T05:05:57.016071,9,3.050048828125,67.585
2024-07-17T05:05:57.041205,9,3.050048828125,68.091
2024-07-17T05:05:57.066317,9,3.050048828125,68.091
2024-07-17T05:05:57.091428,9,3.050048828125,68.091
2024-07-17T05:05:57.116540,9,3.050048828125,68.091
2024-07-17T05:05:57.141652,9,3.050048828125,67.431
2024-07-17T05:05:57.166795,9,3.050048828125,67.431
2024-07-17T05:05:57.191868,9,3.050048828125,67.431
2024-07-17T05:05:57.216988,9,3.050048828125,67.431
2024-07-17T05:05:57.242112,9,3.050048828125,68.207
2024-07-17T05:05:57.267279,9,3.050048828125,68.207
2024-07-17T05:05:57.292402,9,3.050048828125,68.207
2024-07-17T05:05:57.317512,9,3.050048828125,68.207
2024-07-17T05:05:57.342641,9,3.050048828125,67.683
2024-07-17T05:05:57.367779,9,3.050048828125,67.683
2024-07-17T05:05:57.392859,9,3.050048828125,67.683
2024-07-17T05:05:57.417977,9,3.050048828125,67.683
2024-07-17T05:05:57.443096,9,3.050048828125,68.382
2024-07-17T05:05:57.468208,9,3.050048828125,68.382
2024-07-17T05:05:57.493389,9,3.050048828125,68.382
2024-07-17T05:05:57.518542,9,3.050048828125,68.382
2024-07-17T05:05:57.543653,9,3.050048828125,67.54
2024-07-17T05:05:57.568790,9,3.050048828125,67.54
2024-07-17T05:05:57.593859,9,3.050048828125,67.54
2024-07-17T05:05:57.618977,9,3.050048828125,67.54
2024-07-17T05:05:57.644116,9,3.050048828125,67.54
2024-07-17T05:05:57.669281,9,3.050048828125,68.401
2024-07-17T05:05:57.694392,9,3.050048828125,68.401
2024-07-17T05:05:57.719514,9,3.050048828125,68.401
2024-07-17T05:05:57.744687,9,3.050048828125,67.762
2024-07-17T05:05:57.769888,9,3.050048828125,67.762
2024-07-17T05:05:57.795031,9,3.050048828125,67.762
2024-07-17T05:05:57.820142,9,3.050048828125,67.762
2024-07-17T05:05:57.845253,9,3.050048828125,67.762
2024-07-17T05:05:57.870365,9,3.050048828125,68.375
2024-07-17T05:05:57.895487,9,3.050048828125,68.375
2024-07-17T05:05:57.920607,9,3.050048828125,68.375
2024-07-17T05:05:57.945729,9,3.050048828125,67.638
2024-07-17T05:05:57.970858,9,3.050048828125,67.638
2024-07-17T05:05:57.996004,9,3.050048828125,67.638
2024-07-17T05:05:58.021114,9,3.050048828125,67.638
2024-07-17T05:05:58.046235,9,3.050048828125,67.638
2024-07-17T05:05:58.071397,9,3.050048828125,68.401
2024-07-17T05:05:58.096520,9,3.050048828125,68.401
2024-07-17T05:05:58.121634,9,3.050048828125,68.401
2024-07-17T05:05:58.146779,9,3.050048828125,68.401
2024-07-17T05:05:58.171860,9,3.050048828125,67.792
2024-07-17T05:05:58.196998,9,3.050048828125,67.792
2024-07-17T05:05:58.222118,9,3.050048828125,67.792
2024-07-17T05:05:58.247253,9,3.050048828125,67.792
2024-07-17T05:05:58.272375,9,3.050048828125,67.792
2024-07-17T05:05:58.297525,9,3.050048828125,68.479
2024-07-17T05:05:58.322637,9,3.050048828125,68.479
2024-07-17T05:05:58.347789,9,3.050048828125,68.479
2024-07-17T05:05:58.372873,9,3.050048828125,67.929
2024-07-17T05:05:58.397993,9,3.050048828125,67.929
2024-07-17T05:05:58.423164,9,3.050048828125,67.929
2024-07-17T05:05:58.448306,9,3.050048828125,67.929
2024-07-17T05:05:58.473427,9,3.050048828125,68.401
2024-07-17T05:05:58.498552,9,3.050048828125,68.401
2024-07-17T05:05:58.523716,9,3.050048828125,68.401
2024-07-17T05:05:58.548837,9,3.050048828125,68.401
2024-07-17T05:05:58.574035,9,3.050048828125,67.986
2024-07-17T05:05:58.599171,9,3.050048828125,67.986
2024-07-17T05:05:58.624316,9,3.050048828125,67.986
2024-07-17T05:05:58.649435,9,3.050048828125,67.986
2024-07-17T05:05:58.674592,9,3.050048828125,67.986
2024-07-17T05:05:58.699703,9,3.050048828125,67.496
2024-07-17T05:05:58.724814,9,3.050048828125,67.496
2024-07-17T05:05:58.749970,9,3.050048828125,67.496
2024-07-17T05:05:58.775080,9,3.050048828125,68.135
2024-07-17T05:05:58.800218,9,3.050048828125,68.135
2024-07-17T05:05:58.825386,9,3.050048828125,68.135
2024-07-17T05:05:58.850511,9,3.050048828125,68.135
2024-07-17T05:05:58.875631,9,3.050048828125,68.135
2024-07-17T05:05:58.900750,9,3.050048828125,67.502
2024-07-17T05:05:58.925860,9,3.050048828125,67.502
2024-07-17T05:05:58.950996,9,3.050048828125,67.502
2024-07-17T05:05:58.976121,9,3.050048828125,68.382
2024-07-17T05:05:59.001304,9,3.050048828125,68.382
2024-07-17T05:05:59.026430,9,3.050048828125,68.382
2024-07-17T05:05:59.051557,9,3.050048828125,68.382
2024-07-17T05:05:59.076677,9,3.050048828125,68.382
2024-07-17T05:05:59.101838,9,3.050048828125,67.515
2024-07-17T05:05:59.126979,9,3.050048828125,67.515
2024-07-17T05:05:59.152180,9,3.050048828125,67.515
2024-07-17T05:05:59.177291,9,3.050048828125,67.515
2024-07-17T05:05:59.202410,9,3.050048828125,68.33
2024-07-17T05:05:59.227583,9,3.050048828125,68.33
2024-07-17T05:05:59.252694,9,3.050048828125,68.33
2024-07-17T05:05:59.277807,9,3.050048828125,68.33
2024-07-17T05:05:59.302923,9,3.050048828125,68.33
2024-07-17T05:05:59.406865,9,3.050048828125,67.599
2024-07-17T05:05:59.432069,7,3.050048828125,64.456
2024-07-17T05:05:59.457224,7,3.050048828125,64.456
2024-07-17T05:05:59.482353,7,3.050048828125,64.456
2024-07-17T05:05:59.507466,7,3.050048828125,64.456
2024-07-17T05:05:59.532578,7,3.050048828125,64.456
2024-07-17T05:05:59.557701,7,3.050048828125,64.456
2024-07-17T05:05:59.582821,7,3.050048828125,64.456
2024-07-17T05:05:59.607972,7,3.050048828125,67.844
2024-07-17T05:05:59.633084,6,3.050048828125,67.844
2024-07-17T05:05:59.658243,6,3.050048828125,67.844
2024-07-17T05:05:59.683372,6,3.050048828125,67.844
2024-07-17T05:05:59.708493,6,3.050048828125,67.844
2024-07-17T05:05:59.733614,6,3.050048828125,67.896
2024-07-17T05:05:59.758725,6,3.050048828125,67.896
2024-07-17T05:05:59.783850,6,3.050048828125,67.896
2024-07-17T05:05:59.808982,6,3.050048828125,67.896
2024-07-17T05:05:59.834124,6,3.050048828125,67.896
2024-07-17T05:05:59.859248,9,3.050048828125,67.896
2024-07-17T05:05:59.884359,9,3.050048828125,67.896
2024-07-17T05:05:59.909484,9,3.050048828125,67.896
2024-07-17T05:05:59.934596,9,3.050048828125,67.844
2024-07-17T05:05:59.960804,9,3.050048828125,67.844
2024-07-17T05:05:59.986004,9,3.050048828125,67.844
2024-07-17T05:06:00.011127,9,3.050048828125,67.844
2024-07-17T05:06:00.036248,9,3.050048828125,67.844
2024-07-17T05:06:00.061361,8,3.050048828125,67.844
2024-07-17T05:06:00.086488,8,3.050048828125,67.844
2024-07-17T05:06:00.111609,8,3.050048828125,67.844
2024-07-17T05:06:00.136732,8,3.050048828125,67.889
2024-07-17T05:06:00.161859,8,3.050048828125,67.889
2024-07-17T05:06:00.187028,8,3.050048828125,67.889
2024-07-17T05:06:00.212139,8,3.050048828125,67.889
2024-07-17T05:06:00.237280,8,3.050048828125,68.065
2024-07-17T05:06:00.262391,9,3.050048828125,68.065
2024-07-17T05:06:00.287504,9,3.050048828125,68.065
2024-07-17T05:06:00.312616,9,3.050048828125,68.065
2024-07-17T05:06:00.337750,9,3.050048828125,68.09
2024-07-17T05:06:00.362859,9,3.050048828125,68.09
2024-07-17T05:06:00.387969,9,3.050048828125,68.09
2024-07-17T05:06:00.413171,9,3.050048828125,68.09
2024-07-17T05:06:00.438282,9,3.050048828125,68.09
2024-07-17T05:06:00.463432,9,3.050048828125,67.45
2024-07-17T05:06:00.488544,9,3.050048828125,67.45
2024-07-17T05:06:00.513669,9,3.050048828125,67.45
2024-07-17T05:06:00.538780,9,3.050048828125,68.031
2024-07-17T05:06:00.563859,9,3.050048828125,68.031
2024-07-17T05:06:00.588971,9,3.050048828125,68.031
2024-07-17T05:06:00.614086,9,3.050048828125,68.031
2024-07-17T05:06:00.639209,9,3.050048828125,67.333
2024-07-17T05:06:00.664347,9,3.050048828125,67.333
2024-07-17T05:06:00.689485,9,3.050048828125,67.333
2024-07-17T05:06:00.714608,9,3.050048828125,67.333
2024-07-17T05:06:00.739749,9,3.050048828125,67.333
2024-07-17T05:06:00.764888,9,3.050048828125,68.038
2024-07-17T05:06:00.789999,9,3.050048828125,68.038
2024-07-17T05:06:00.815119,9,3.050048828125,68.038
2024-07-17T05:06:00.840230,9,3.050048828125,67.556
2024-07-17T05:06:00.865342,9,3.050048828125,67.556
2024-07-17T05:06:00.890533,9,3.050048828125,67.556
2024-07-17T05:06:00.915675,9,3.050048828125,67.556
2024-07-17T05:06:00.940814,9,3.050048828125,67.556
2024-07-17T05:06:00.965928,9,3.050048828125,68.285
2024-07-17T05:06:00.991053,9,3.050048828125,68.285
2024-07-17T05:06:01.016236,9,3.050048828125,68.285
2024-07-17T05:06:01.041413,9,3.050048828125,67.58
2024-07-17T05:06:01.066609,9,3.050048828125,67.58
2024-07-17T05:06:01.091740,9,3.050048828125,67.58
2024-07-17T05:06:01.116901,9,3.050048828125,67.58
2024-07-17T05:06:01.142019,9,3.050048828125,67.58
2024-07-17T05:06:01.167131,9,3.050048828125,68.181
2024-07-17T05:06:01.192321,9,3.050048828125,68.181
2024-07-17T05:06:01.217445,9,3.050048828125,68.181
2024-07-17T05:06:01.242584,9,3.050048828125,68.181
2024-07-17T05:06:01.267711,9,3.050048828125,67.54
2024-07-17T05:06:01.292833,8,3.050048828125,67.54
2024-07-17T05:06:01.317956,8,3.050048828125,67.54
2024-07-17T05:06:01.343113,8,3.050048828125,67.54
2024-07-17T05:06:01.368248,8,3.050048828125,68.232
2024-07-17T05:06:01.393391,8,3.050048828125,68.232
2024-07-17T05:06:01.418552,8,3.050048828125,68.232
2024-07-17T05:06:01.443719,8,3.050048828125,68.232
2024-07-17T05:06:01.468879,8,3.050048828125,68.232
2024-07-17T05:06:01.493989,9,3.050048828125,67.638
2024-07-17T05:06:01.519121,9,3.050048828125,67.638
2024-07-17T05:06:01.544233,9,3.050048828125,67.638
2024-07-17T05:06:01.569349,9,3.050048828125,68.375
2024-07-17T05:06:01.594474,9,3.050048828125,68.375
2024-07-17T05:06:01.619661,9,3.050048828125,68.375
2024-07-17T05:06:01.644805,9,3.050048828125,68.375
2024-07-17T05:06:01.669931,9,3.050048828125,67.889
2024-07-17T05:06:01.695042,9,3.050048828125,67.889
2024-07-17T05:06:01.720164,9,3.050048828125,67.889
2024-07-17T05:06:01.745276,9,3.050048828125,67.889
2024-07-17T05:06:01.770388,9,3.050048828125,67.889
2024-07-17T05:06:01.795500,9,3.050048828125,68.479
2024-07-17T05:06:01.820675,9,3.050048828125,68.479
2024-07-17T05:06:01.845786,9,3.050048828125,68.479
2024-07-17T05:06:01.870916,9,3.050048828125,67.986
2024-07-17T05:06:01.896064,9,3.050048828125,67.986
2024-07-17T05:06:01.921196,9,3.050048828125,67.986
2024-07-17T05:06:01.946325,9,3.050048828125,67.986
2024-07-17T05:06:01.971437,9,3.050048828125,67.986
2024-07-17T05:06:01.996550,9,3.050048828125,68.427
2024-07-17T05:06:02.021678,9,3.050048828125,68.427
2024-07-17T05:06:02.046800,9,3.050048828125,68.427
2024-07-17T05:06:02.071935,9,3.050048828125,67.916
2024-07-17T05:06:02.097046,9,3.050048828125,67.916
2024-07-17T05:06:02.122166,9,3.050048828125,67.916
2024-07-17T05:06:02.147285,9,3.050048828125,67.916
2024-07-17T05:06:02.172446,9,3.050048828125,67.916
2024-07-17T05:06:02.197558,9,3.050048828125,67.747
2024-07-17T05:06:02.222689,9,3.050048828125,67.747
2024-07-17T05:06:02.247823,9,3.050048828125,67.747
2024-07-17T05:06:02.272937,9,3.050048828125,67.747
2024-07-17T05:06:02.298077,9,3.050048828125,68.11
2024-07-17T05:06:02.323188,9,3.050048828125,68.11
2024-07-17T05:06:02.348312,9,3.050048828125,68.11
2024-07-17T05:06:02.373423,9,3.050048828125,68.11
2024-07-17T05:06:02.398587,9,3.050048828125,67.475
2024-07-17T05:06:02.423698,9,3.050048828125,67.475
2024-07-17T05:06:02.448830,9,3.050048828125,67.475
2024-07-17T05:06:02.473978,9,3.050048828125,67.475
2024-07-17T05:06:02.499100,9,3.050048828125,68.013
2024-07-17T05:06:02.524231,9,3.050048828125,68.013
2024-07-17T05:06:02.549354,9,3.050048828125,68.013
2024-07-17T05:06:02.574490,9,3.050048828125,68.013
2024-07-17T05:06:02.599613,9,3.050048828125,68.013
2024-07-17T05:06:02.624734,9,3.050048828125,67.45
2024-07-17T05:06:02.649876,9,3.050048828125,67.45
2024-07-17T05:06:02.675004,9,3.050048828125,67.45
2024-07-17T05:06:02.700155,9,3.050048828125,68.304
2024-07-17T05:06:02.725267,9,3.050048828125,68.304
2024-07-17T05:06:02.750417,9,3.050048828125,68.304
2024-07-17T05:06:02.775585,9,3.050048828125,68.304
2024-07-17T05:06:02.800717,9,3.050048828125,68.304
2024-07-17T05:06:02.825830,9,3.050048828125,67.556
2024-07-17T05:06:02.850957,9,3.050048828125,67.556
2024-07-17T05:06:02.876094,9,3.050048828125,67.556
2024-07-17T05:06:02.901234,9,3.050048828125,68.207
2024-07-17T05:06:02.926345,9,3.050048828125,68.207
2024-07-17T05:06:02.951470,9,3.050048828125,68.207
2024-07-17T05:06:02.976592,9,3.050048828125,68.207
2024-07-17T05:06:03.001732,9,3.050048828125,68.207
2024-07-17T05:06:03.026863,9,3.050048828125,67.665
2024-07-17T05:06:03.051974,9,3.050048828125,67.665
2024-07-17T05:06:03.077097,9,3.050048828125,67.665
2024-07-17T05:06:03.102210,9,3.050048828125,67.665
2024-07-17T05:06:03.127322,9,3.050048828125,68.408
2024-07-17T05:06:03.152435,9,3.050048828125,68.408
2024-07-17T05:06:03.177576,9,3.050048828125,68.408
2024-07-17T05:06:03.202734,9,3.050048828125,68.408
2024-07-17T05:06:03.227897,9,3.050048828125,68.11
2024-07-17T05:06:03.253006,9,3.050048828125,68.11
2024-07-17T05:06:03.278119,9,3.050048828125,68.11
2024-07-17T05:06:03.303250,9,3.050048828125,68.11
2024-07-17T05:06:03.328397,9,3.050048828125,68.11
2024-07-17T05:06:03.353521,9,3.050048828125,68.11
2024-07-17T05:06:03.378633,9,3.050048828125,68.11
2024-07-17T05:06:03.403756,9,3.050048828125,68.11
2024-07-17T05:06:03.428870,9,3.050048828125,67.968
2024-07-17T05:06:03.453980,9,3.050048828125,67.968
2024-07-17T05:06:03.479107,9,3.050048828125,67.968
2024-07-17T05:06:03.504279,9,3.050048828125,67.968
2024-07-17T05:06:03.529407,9,3.050048828125,68.693
2024-07-17T05:06:03.554529,9,3.050048828125,68.693
2024-07-17T05:06:03.579691,9,3.050048828125,68.693
2024-07-17T05:06:03.604813,9,3.050048828125,68.693
2024-07-17T05:06:03.629929,9,3.050048828125,68.693
2024-07-17T05:06:03.655040,9,3.050048828125,68.232
2024-07-17T05:06:03.680150,9,3.050048828125,68.232
2024-07-17T05:06:03.705316,9,3.050048828125,68.232
2024-07-17T05:06:03.730427,9,3.050048828125,68.232
2024-07-17T05:06:03.755607,9,3.050048828125,68.232
2024-07-17T05:06:03.780763,9,3.050048828125,68.232
2024-07-17T05:06:03.805878,9,3.050048828125,68.232
2024-07-17T05:06:03.830989,9,3.050048828125,68.232
2024-07-17T05:06:03.856101,9,3.050048828125,68.499
2024-07-17T05:06:03.881261,9,3.050048828125,68.499
2024-07-17T05:06:03.906385,9,3.050048828125,68.499
2024-07-17T05:06:03.931561,9,3.050048828125,68.065
2024-07-17T05:06:03.956732,9,3.050048828125,68.065
2024-07-17T05:06:03.981885,9,3.050048828125,68.065
2024-07-17T05:06:04.007011,9,3.050048828125,68.065
2024-07-17T05:06:04.032178,9,3.050048828125,68.065
2024-07-17T05:06:04.057312,9,3.050048828125,67.431
2024-07-17T05:06:04.082439,9,3.050048828125,67.431
2024-07-17T05:06:04.107593,9,3.050048828125,67.431
2024-07-17T05:06:04.132711,9,3.050048828125,67.431
2024-07-17T05:06:04.157850,9,3.050048828125,68.065
2024-07-17T05:06:04.182960,9,3.050048828125,68.065
2024-07-17T05:06:04.208072,9,3.050048828125,68.065
2024-07-17T05:06:04.233219,9,3.050048828125,68.065
2024-07-17T05:06:04.258332,9,3.050048828125,67.405
2024-07-17T05:06:04.283444,9,3.050048828125,67.405
2024-07-17T05:06:04.308566,9,3.050048828125,67.405
2024-07-17T05:06:04.333712,9,3.050048828125,67.405
2024-07-17T05:06:04.358869,9,3.050048828125,67.941
2024-07-17T05:06:04.383996,9,3.050048828125,67.941
2024-07-17T05:06:04.409108,9,3.050048828125,67.941
2024-07-17T05:06:04.434239,9,3.050048828125,67.941
2024-07-17T05:06:04.459353,9,3.050048828125,67.559
2024-07-17T05:06:04.484463,9,3.050048828125,67.559
2024-07-17T05:06:04.509597,9,3.050048828125,67.559
2024-07-17T05:06:04.534764,9,3.050048828125,67.559
2024-07-17T05:06:04.559859,9,3.050048828125,68.26
2024-07-17T05:06:04.584970,9,3.050048828125,68.26
2024-07-17T05:06:04.610089,9,3.050048828125,68.26
2024-07-17T05:06:04.635212,9,3.050048828125,68.26
2024-07-17T05:06:04.660323,9,3.050048828125,68.26
2024-07-17T05:06:04.685436,9,3.050048828125,67.612
2024-07-17T05:06:04.710592,9,3.050048828125,67.612
2024-07-17T05:06:04.735722,9,3.050048828125,67.612
2024-07-17T05:06:04.760846,9,3.050048828125,68.135
2024-07-17T05:06:04.785957,9,3.050048828125,68.135
2024-07-17T05:06:04.811069,9,3.050048828125,68.135
2024-07-17T05:06:04.836194,9,3.050048828125,68.135
2024-07-17T05:06:04.861321,9,3.050048828125,68.135
2024-07-17T05:06:04.886471,9,3.050048828125,67.559
2024-07-17T05:06:04.911607,9,3.050048828125,67.559
2024-07-17T05:06:04.936783,9,3.050048828125,67.559
2024-07-17T05:06:04.961868,9,3.050048828125,68.26
2024-07-17T05:06:04.987053,9,3.050048828125,68.26
2024-07-17T05:06:05.012179,8,3.050048828125,68.26
2024-07-17T05:06:05.037299,8,3.050048828125,68.26
2024-07-17T05:06:05.062433,8,3.050048828125,68.26
2024-07-17T05:06:05.087559,8,3.050048828125,67.599
2024-07-17T05:06:05.112732,8,3.050048828125,67.599
2024-07-17T05:06:05.137870,8,3.050048828125,67.599
2024-07-17T05:06:05.162993,8,3.050048828125,67.599
2024-07-17T05:06:05.188102,8,3.050048828125,68.232
2024-07-17T05:06:05.213233,9,3.050048828125,68.232
2024-07-17T05:06:05.238343,9,3.050048828125,68.232
2024-07-17T05:06:05.263476,9,3.050048828125,68.232
2024-07-17T05:06:05.288587,9,3.050048828125,67.871
2024-07-17T05:06:05.313710,9,3.050048828125,67.871
2024-07-17T05:06:05.338831,9,3.050048828125,67.871
2024-07-17T05:06:05.363977,9,3.050048828125,67.871
2024-07-17T05:06:05.389117,9,3.050048828125,68.569
2024-07-17T05:06:05.414229,9,3.050048828125,68.569
2024-07-17T05:06:05.439354,9,3.050048828125,68.569
2024-07-17T05:06:05.464488,9,3.050048828125,68.569
2024-07-17T05:06:05.489601,9,3.050048828125,67.818
2024-07-17T05:06:05.514734,9,3.050048828125,67.818
2024-07-17T05:06:05.539908,9,3.050048828125,67.818
2024-07-17T05:06:05.565092,9,3.050048828125,67.818
2024-07-17T05:06:05.590217,9,3.050048828125,68.427
2024-07-17T05:06:05.615345,9,3.050048828125,68.427
2024-07-17T05:06:05.640504,9,3.050048828125,68.427
2024-07-17T05:06:05.665617,9,3.050048828125,68.427
2024-07-17T05:06:05.690729,9,3.050048828125,68.427
2024-07-17T05:06:05.715862,9,3.050048828125,67.968
2024-07-17T05:06:05.740982,9,3.050048828125,67.968
2024-07-17T05:06:05.766096,9,3.050048828125,67.968
2024-07-17T05:06:05.791261,9,3.050048828125,68.648
2024-07-17T05:06:05.816387,9,3.050048828125,68.648
2024-07-17T05:06:05.841550,9,3.050048828125,68.648
2024-07-17T05:06:05.866680,9,3.050048828125,68.648
2024-07-17T05:06:05.891812,9,3.050048828125,68.648
2024-07-17T05:06:05.916958,9,3.050048828125,68.11
2024-07-17T05:06:05.942069,9,3.050048828125,68.11
2024-07-17T05:06:05.967212,9,3.050048828125,68.11
2024-07-17T05:06:05.992323,9,3.050048828125,67.529
2024-07-17T05:06:06.017469,9,3.050048828125,67.529
2024-07-17T05:06:06.042634,9,3.050048828125,67.529
2024-07-17T05:06:06.067761,9,3.050048828125,67.529
2024-07-17T05:06:06.092859,9,3.050048828125,67.529
2024-07-17T05:06:06.117992,9,3.050048828125,68.065
2024-07-17T05:06:06.143148,9,3.050048828125,68.065
2024-07-17T05:06:06.168287,9,3.050048828125,68.065
2024-07-17T05:06:06.193431,9,3.050048828125,68.065
2024-07-17T05:06:06.218582,9,3.050048828125,67.378
2024-07-17T05:06:06.243694,9,3.050048828125,67.378
2024-07-17T05:06:06.268807,9,3.050048828125,67.378
2024-07-17T05:06:06.293922,9,3.050048828125,67.378
2024-07-17T05:06:06.319049,9,3.050048828125,67.378
2024-07-17T05:06:06.344219,9,3.050048828125,68.207
2024-07-17T05:06:06.369361,9,3.050048828125,68.207
2024-07-17T05:06:06.394548,9,3.050048828125,68.207
2024-07-17T05:06:06.419682,9,3.050048828125,68.207
2024-07-17T05:06:06.444796,9,3.050048828125,67.568
2024-07-17T05:06:06.469922,9,3.050048828125,67.568
2024-07-17T05:06:06.495080,9,3.050048828125,67.568
2024-07-17T05:06:06.520191,9,3.050048828125,68.427
2024-07-17T05:06:06.545301,9,3.050048828125,68.427
2024-07-17T05:06:06.570413,9,3.050048828125,68.427
2024-07-17T05:06:06.595524,9,3.050048828125,68.427
2024-07-17T05:06:06.620648,9,3.050048828125,67.573
2024-07-17T05:06:06.645786,9,3.050048828125,67.573
2024-07-17T05:06:06.670908,9,3.050048828125,67.573
2024-07-17T05:06:06.696216,9,3.050048828125,67.573
2024-07-17T05:06:06.721328,9,3.050048828125,67.573
2024-07-17T05:06:06.746460,9,3.050048828125,68.285
2024-07-17T05:06:06.771627,9,3.050048828125,68.285
2024-07-17T05:06:06.796772,9,3.050048828125,68.285
2024-07-17T05:06:06.821860,9,3.050048828125,67.871
2024-07-17T05:06:06.847011,9,3.050048828125,67.871
2024-07-17T05:06:06.872141,9,3.050048828125,67.871
2024-07-17T05:06:06.897252,9,3.050048828125,67.871
2024-07-17T05:06:06.922416,9,3.050048828125,67.871
2024-07-17T05:06:06.947534,9,3.050048828125,68.357
2024-07-17T05:06:06.972692,9,3.050048828125,68.357
2024-07-17T05:06:06.997899,9,3.050048828125,68.357
2024-07-17T05:06:07.023020,9,3.050048828125,68.357
2024-07-17T05:06:07.048142,9,3.050048828125,67.96
2024-07-17T05:06:07.073255,9,3.050048828125,67.96
2024-07-17T05:06:07.098414,9,3.050048828125,67.96
2024-07-17T05:06:07.123554,9,3.050048828125,67.96
2024-07-17T05:06:07.148679,9,3.050048828125,67.747
2024-07-17T05:06:07.173790,9,3.050048828125,67.747
2024-07-17T05:06:07.198866,9,3.050048828125,67.747
2024-07-17T05:06:07.223978,9,3.050048828125,67.747
2024-07-17T05:06:07.249114,9,3.050048828125,67.747
2024-07-17T05:06:07.274240,9,3.050048828125,67.747
2024-07-17T05:06:07.299364,9,3.050048828125,67.747
2024-07-17T05:06:07.324487,9,3.050048828125,67.747
2024-07-17T05:06:07.349651,9,3.050048828125,67.747
2024-07-17T05:06:07.374762,9,3.050048828125,67.993
2024-07-17T05:06:07.399868,9,3.050048828125,67.993
2024-07-17T05:06:07.424977,9,3.050048828125,67.993
2024-07-17T05:06:07.450100,9,3.050048828125,67.993
2024-07-17T05:06:07.475212,9,3.050048828125,68.576
2024-07-17T05:06:07.500354,9,3.050048828125,68.576
2024-07-17T05:06:07.525477,9,3.050048828125,68.576
2024-07-17T05:06:07.550643,9,3.050048828125,68.576
2024-07-17T05:06:07.575782,9,3.050048828125,68.576
2024-07-17T05:06:07.600902,9,3.050048828125,68.576
2024-07-17T05:06:07.626012,9,3.050048828125,68.576
2024-07-17T05:06:07.651136,9,3.050048828125,68.454
2024-07-17T05:06:07.676274,9,3.050048828125,68.454
2024-07-17T05:06:07.701395,9,3.050048828125,68.454
2024-07-17T05:06:07.726533,9,3.050048828125,68.454
2024-07-17T05:06:07.751664,9,3.050048828125,68.454
2024-07-17T05:06:07.776807,9,3.050048828125,68.135
2024-07-17T05:06:07.801939,9,3.050048828125,68.135
2024-07-17T05:06:07.827074,9,3.050048828125,68.135
2024-07-17T05:06:07.852185,9,3.050048828125,68.135
2024-07-17T05:06:07.877331,9,3.050048828125,67.263
2024-07-17T05:06:07.902458,9,3.050048828125,67.263
2024-07-17T05:06:07.927590,9,3.050048828125,67.263
2024-07-17T05:06:07.952701,9,3.050048828125,67.263
2024-07-17T05:06:07.977815,9,3.050048828125,68.232
2024-07-17T05:06:08.002939,9,3.050048828125,68.232
2024-07-17T05:06:08.028091,9,3.050048828125,68.232
2024-07-17T05:06:08.053213,9,3.050048828125,68.232
2024-07-17T05:06:08.078324,9,3.050048828125,67.599
2024-07-17T05:06:08.103435,9,3.050048828125,67.599
2024-07-17T05:06:08.128547,9,3.050048828125,67.599
2024-07-17T05:06:08.153660,9,3.050048828125,67.599
2024-07-17T05:06:08.178783,9,3.050048828125,67.599
2024-07-17T05:06:08.203876,9,3.050048828125,68.162
2024-07-17T05:06:08.228986,9,3.050048828125,68.162
2024-07-17T05:06:08.254116,9,3.050048828125,68.162
2024-07-17T05:06:08.279235,9,3.050048828125,67.541
2024-07-17T05:06:08.304365,9,3.050048828125,67.541
2024-07-17T05:06:08.329485,9,3.050048828125,67.541
2024-07-17T05:06:08.354604,9,3.050048828125,67.541
2024-07-17T05:06:08.379727,9,3.050048828125,68.26
2024-07-17T05:06:08.404851,9,3.050048828125,68.26
2024-07-17T05:06:08.430021,9,3.050048828125,68.26
2024-07-17T05:06:08.455140,9,3.050048828125,68.26
2024-07-17T05:06:08.480277,9,3.050048828125,67.502
2024-07-17T05:06:08.505389,9,3.050048828125,67.502
2024-07-17T05:06:08.530540,9,3.050048828125,67.502
2024-07-17T05:06:08.555679,9,3.050048828125,67.502
2024-07-17T05:06:08.580857,9,3.050048828125,67.502
2024-07-17T05:06:08.605979,9,3.050048828125,68.155
2024-07-17T05:06:08.631113,9,3.050048828125,68.155
2024-07-17T05:06:08.656223,9,3.050048828125,68.155
2024-07-17T05:06:08.681356,9,3.050048828125,67.638
2024-07-17T05:06:08.706480,9,3.050048828125,67.638
2024-07-17T05:06:08.731633,8,3.050048828125,67.638
2024-07-17T05:06:08.756773,8,3.050048828125,67.638
2024-07-17T05:06:08.781867,8,3.050048828125,67.638
2024-07-17T05:06:08.807062,8,3.050048828125,68.26
2024-07-17T05:06:08.832174,8,3.050048828125,68.26
2024-07-17T05:06:08.857313,8,3.050048828125,68.26
2024-07-17T05:06:08.882424,8,3.050048828125,68.26
2024-07-17T05:06:08.907587,8,3.050048828125,67.708
2024-07-17T05:06:08.932742,9,3.050048828125,67.708
2024-07-17T05:06:08.957946,9,3.050048828125,67.708
2024-07-17T05:06:08.983069,9,3.050048828125,67.708
2024-07-17T05:06:09.008227,9,3.050048828125,68.252
2024-07-17T05:06:09.033349,9,3.050048828125,68.252
2024-07-17T05:06:09.058460,9,3.050048828125,68.252
2024-07-17T05:06:09.083591,9,3.050048828125,68.252
2024-07-17T05:06:09.108725,9,3.050048828125,67.941
2024-07-17T05:06:09.133846,9,3.050048828125,67.941
2024-07-17T05:06:09.158956,9,3.050048828125,67.941
2024-07-17T05:06:09.184113,9,3.050048828125,67.941
2024-07-17T05:06:09.209236,9,3.050048828125,67.941
2024-07-17T05:06:09.234349,9,3.050048828125,68.232
2024-07-17T05:06:09.259462,9,3.050048828125,68.232
2024-07-17T05:06:09.284586,9,3.050048828125,68.232
2024-07-17T05:06:09.309714,9,3.050048828125,68.013
2024-07-17T05:06:09.334834,9,3.050048828125,68.013
2024-07-17T05:06:09.359958,9,3.050048828125,68.013
2024-07-17T05:06:09.385094,9,3.050048828125,68.013
2024-07-17T05:06:09.410239,9,3.050048828125,68.013
2024-07-17T05:06:09.435371,9,3.050048828125,68.667
2024-07-17T05:06:09.460484,9,3.050048828125,68.667
2024-07-17T05:06:09.485604,9,3.050048828125,68.667
2024-07-17T05:06:09.510759,9,3.050048828125,67.916
2024-07-17T05:06:09.535859,9,3.050048828125,67.916
2024-07-17T05:06:09.560988,9,3.050048828125,67.916
2024-07-17T05:06:09.586105,9,3.050048828125,67.916
2024-07-17T05:06:09.611216,9,3.050048828125,67.916
2024-07-17T05:06:09.636341,9,3.050048828125,67.334
2024-07-17T05:06:09.661473,9,3.050048828125,67.334
2024-07-17T05:06:09.686600,9,3.050048828125,67.334
2024-07-17T05:06:09.711731,9,3.050048828125,68.013
2024-07-17T05:06:09.736856,9,3.050048828125,68.013
2024-07-17T05:06:09.761970,9,3.050048828125,68.013
2024-07-17T05:06:09.787090,9,3.050048828125,68.013
2024-07-17T05:06:09.812210,9,3.050048828125,68.013
2024-07-17T05:06:09.837333,9,3.050048828125,67.475
2024-07-17T05:06:09.862454,9,3.050048828125,67.475
2024-07-17T05:06:09.887600,9,3.050048828125,67.475
2024-07-17T05:06:09.912711,9,3.050048828125,67.475
2024-07-17T05:06:09.937879,9,3.050048828125,68.11
2024-07-17T05:06:09.963008,8,3.050048828125,68.11
2024-07-17T05:06:09.988138,8,3.050048828125,68.11
2024-07-17T05:06:10.013266,8,3.050048828125,68.11
2024-07-17T05:06:10.038400,8,3.050048828125,68.11
2024-07-17T05:06:10.063530,8,3.050048828125,67.431
2024-07-17T05:06:10.088658,8,3.050048828125,67.431
2024-07-17T05:06:10.113849,8,3.050048828125,67.431
2024-07-17T05:06:10.138977,8,3.050048828125,68.285
2024-07-17T05:06:10.164148,9,3.050048828125,68.285
2024-07-17T05:06:10.189310,9,3.050048828125,68.285
2024-07-17T05:06:10.214421,9,3.050048828125,68.285
2024-07-17T05:06:10.239544,9,3.050048828125,68.285
2024-07-17T05:06:10.264695,9,3.050048828125,67.475
2024-07-17T05:06:10.289806,9,3.050048828125,67.475
2024-07-17T05:06:10.314920,9,3.050048828125,67.475
2024-07-17T05:06:10.340040,9,3.050048828125,68.207
2024-07-17T05:06:10.365186,9,3.050048828125,68.207
2024-07-17T05:06:10.390308,9,3.050048828125,68.207
2024-07-17T05:06:10.415433,9,3.050048828125,68.207
2024-07-17T05:06:10.440558,9,3.050048828125,67.54
2024-07-17T05:06:10.465690,9,3.050048828125,67.54
2024-07-17T05:06:10.490864,9,3.050048828125,67.54
2024-07-17T05:06:10.516002,9,3.050048828125,67.54
2024-07-17T05:06:10.541139,9,3.050048828125,68.285
2024-07-17T05:06:10.566262,9,3.050048828125,68.285
2024-07-17T05:06:10.591413,9,3.050048828125,68.285
2024-07-17T05:06:10.616536,9,3.050048828125,68.285
2024-07-17T05:06:10.641650,9,3.050048828125,68.285
2024-07-17T05:06:10.666792,9,3.050048828125,67.709
2024-07-17T05:06:10.691896,9,3.050048828125,67.709
2024-07-17T05:06:10.717025,9,3.050048828125,67.709
2024-07-17T05:06:10.742153,9,3.050048828125,67.709
2024-07-17T05:06:10.767345,9,3.050048828125,68.472
2024-07-17T05:06:10.792487,9,3.050048828125,68.472
2024-07-17T05:06:10.817652,9,3.050048828125,68.472
2024-07-17T05:06:10.842774,9,3.050048828125,68.472
2024-07-17T05:06:10.867893,9,3.050048828125,68.207
2024-07-17T05:06:10.893003,9,3.050048828125,68.207
2024-07-17T05:06:10.918133,9,3.050048828125,68.207
2024-07-17T05:06:10.943243,9,3.050048828125,68.207
2024-07-17T05:06:10.968446,9,3.050048828125,68.207
2024-07-17T05:06:10.993573,9,3.050048828125,68.207
2024-07-17T05:06:11.018685,9,3.050048828125,68.207
2024-07-17T05:06:11.043861,9,3.050048828125,68.207
2024-07-17T05:06:11.069018,9,3.050048828125,68.207
2024-07-17T05:06:11.094146,9,3.050048828125,68.401
2024-07-17T05:06:11.119258,9,3.050048828125,68.401
2024-07-17T05:06:11.144377,9,3.050048828125,68.401
2024-07-17T05:06:11.169496,9,3.050048828125,68.401
2024-07-17T05:06:11.194621,9,3.050048828125,68.401
2024-07-17T05:06:11.219742,9,3.050048828125,68.401
2024-07-17T05:06:11.244917,9,3.050048828125,68.401
2024-07-17T05:06:11.270202,9,3.050048828125,68.401
2024-07-17T05:06:11.295314,9,3.050048828125,68.479
2024-07-17T05:06:11.320436,9,3.050048828125,68.479
2024-07-17T05:06:11.345594,9,3.050048828125,68.479
2024-07-17T05:06:11.370719,9,3.050048828125,68.479
2024-07-17T05:06:11.395843,9,3.050048828125,68.479
2024-07-17T05:06:11.421002,9,3.050048828125,68.479
2024-07-17T05:06:11.446154,9,3.050048828125,68.479
2024-07-17T05:06:11.471307,9,3.050048828125,67.406
2024-07-17T05:06:11.496459,9,3.050048828125,67.406
2024-07-17T05:06:11.521571,9,3.050048828125,67.406
2024-07-17T05:06:11.546683,9,3.050048828125,67.406
2024-07-17T05:06:11.571795,9,3.050048828125,67.968
2024-07-17T05:06:11.596939,9,3.050048828125,67.968
2024-07-17T05:06:11.622071,9,3.050048828125,67.968
2024-07-17T05:06:11.647190,9,3.050048828125,67.968
2024-07-17T05:06:11.672352,9,3.050048828125,67.968
2024-07-17T05:06:11.697495,9,3.050048828125,67.405
2024-07-17T05:06:11.722606,9,3.050048828125,67.405
2024-07-17T05:06:11.747743,9,3.050048828125,67.405
2024-07-17T05:06:11.772858,9,3.050048828125,67.405
2024-07-17T05:06:11.798033,9,3.050048828125,68.013
2024-07-17T05:06:11.823169,9,3.050048828125,68.013
2024-07-17T05:06:11.848281,9,3.050048828125,68.013
2024-07-17T05:06:11.873430,9,3.050048828125,68.013
2024-07-17T05:06:11.898540,9,3.050048828125,67.406
2024-07-17T05:06:11.923753,9,3.050048828125,67.406
2024-07-17T05:06:11.948860,9,3.050048828125,67.406
2024-07-17T05:06:11.974001,9,3.050048828125,67.406
2024-07-17T05:06:11.999130,9,3.050048828125,68.135
2024-07-17T05:06:12.024292,9,3.050048828125,68.135
2024-07-17T05:06:12.049404,9,3.050048828125,68.135
2024-07-17T05:06:12.074548,9,3.050048828125,68.135
2024-07-17T05:06:12.099689,9,3.050048828125,68.135
2024-07-17T05:06:12.124800,9,3.050048828125,67.573
2024-07-17T05:06:12.149916,9,3.050048828125,67.573
2024-07-17T05:06:12.175085,9,3.050048828125,67.573
2024-07-17T05:06:12.200238,9,3.050048828125,68.188
2024-07-17T05:06:12.225372,9,3.050048828125,68.188
2024-07-17T05:06:12.250498,8,3.050048828125,68.188
2024-07-17T05:06:12.275631,8,3.050048828125,68.188
2024-07-17T05:06:12.300755,8,3.050048828125,68.188
2024-07-17T05:06:12.325860,8,3.050048828125,67.413
2024-07-17T05:06:12.443831,8,3.050048828125,64.743
2024-07-17T05:06:12.469025,8,3.050048828125,64.743
2024-07-17T05:06:12.494189,8,3.050048828125,64.743
2024-07-17T05:06:12.519305,8,3.050048828125,67.657
2024-07-17T05:06:12.544422,8,3.050048828125,67.657
2024-07-17T05:06:12.569544,8,3.050048828125,67.657
2024-07-17T05:06:12.594656,8,3.050048828125,67.657
2024-07-17T05:06:12.619770,8,3.050048828125,67.559
2024-07-17T05:06:12.644859,7,3.050048828125,67.559
2024-07-17T05:06:12.669983,7,3.050048828125,67.559
2024-07-17T05:06:12.695109,7,3.050048828125,67.559
2024-07-17T05:06:12.720258,7,3.050048828125,67.559
2024-07-17T05:06:12.745392,7,3.050048828125,68.163
2024-07-17T05:06:12.770525,7,3.050048828125,68.163
2024-07-17T05:06:12.795637,7,3.050048828125,68.163
2024-07-17T05:06:12.820761,7,3.050048828125,67.786
2024-07-17T05:06:12.845900,9,3.050048828125,67.786
2024-07-17T05:06:12.871039,9,3.050048828125,67.786
2024-07-17T05:06:12.896167,9,3.050048828125,67.786
2024-07-17T05:06:12.921278,9,3.050048828125,67.786
2024-07-17T05:06:12.946391,9,3.050048828125,68.382
2024-07-17T05:06:12.971541,9,3.050048828125,68.382
2024-07-17T05:06:12.996690,9,3.050048828125,68.382
2024-07-17T05:06:13.021880,9,3.050048828125,67.889
2024-07-17T05:06:13.046989,9,3.050048828125,67.889
2024-07-17T05:06:13.072123,9,3.050048828125,67.889
2024-07-17T05:06:13.097237,9,3.050048828125,67.889
2024-07-17T05:06:13.122349,9,3.050048828125,67.889
2024-07-17T05:06:13.147498,9,3.050048828125,68.524
2024-07-17T05:06:13.172629,9,3.050048828125,68.524
2024-07-17T05:06:13.197766,9,3.050048828125,68.524
2024-07-17T05:06:13.222872,9,3.050048828125,67.638
2024-07-17T05:06:13.248041,9,3.050048828125,67.638
2024-07-17T05:06:13.273181,9,3.050048828125,67.638
2024-07-17T05:06:13.298321,9,3.050048828125,67.638
2024-07-17T05:06:13.323506,9,3.050048828125,67.638
2024-07-17T05:06:13.348655,9,3.050048828125,68.524
2024-07-17T05:06:13.373767,9,3.050048828125,68.524
2024-07-17T05:06:13.398881,9,3.050048828125,68.524
2024-07-17T05:06:13.424023,9,3.050048828125,68.524
2024-07-17T05:06:13.449133,9,3.050048828125,67.871
2024-07-17T05:06:13.474257,9,3.050048828125,67.871
2024-07-17T05:06:13.499368,9,3.050048828125,67.871
2024-07-17T05:06:13.524489,9,3.050048828125,67.871
2024-07-17T05:06:13.549609,9,3.050048828125,67.682
2024-07-17T05:06:13.574748,9,3.050048828125,67.682
2024-07-17T05:06:13.599904,9,3.050048828125,67.682
2024-07-17T05:06:13.625014,9,3.050048828125,67.682
2024-07-17T05:06:13.650147,9,3.050048828125,67.986
2024-07-17T05:06:13.675289,9,3.050048828125,67.986
2024-07-17T05:06:13.700456,9,3.050048828125,67.986
2024-07-17T05:06:13.725568,9,3.050048828125,67.986
2024-07-17T05:06:13.750680,9,3.050048828125,67.986
2024-07-17T05:06:13.775802,9,3.050048828125,67.483
2024-07-17T05:06:13.800943,9,3.050048828125,67.483
2024-07-17T05:06:13.826062,9,3.050048828125,67.483
2024-07-17T05:06:13.851182,9,3.050048828125,68.163
2024-07-17T05:06:13.876321,9,3.050048828125,68.163
2024-07-17T05:06:13.901445,9,3.050048828125,68.163
2024-07-17T05:06:13.926584,9,3.050048828125,68.163
2024-07-17T05:06:13.951724,9,3.050048828125,68.163
2024-07-17T05:06:13.976872,9,3.050048828125,67.333
2024-07-17T05:06:14.002003,9,3.050048828125,67.333
2024-07-17T05:06:14.027158,9,3.050048828125,67.333
2024-07-17T05:06:14.052345,9,3.050048828125,68.135
2024-07-17T05:06:14.077475,9,3.050048828125,68.135
2024-07-17T05:06:14.102598,9,3.050048828125,68.135
2024-07-17T05:06:14.127710,9,3.050048828125,68.135
2024-07-17T05:06:14.152831,9,3.050048828125,68.135
2024-07-17T05:06:14.177966,9,3.050048828125,67.45
2024-07-17T05:06:14.203102,9,3.050048828125,67.45
2024-07-17T05:06:14.228234,9,3.050048828125,67.45
2024-07-17T05:06:14.253392,9,3.050048828125,68.26
2024-07-17T05:06:14.278516,9,3.050048828125,68.26
2024-07-17T05:06:14.303636,9,3.050048828125,68.26
2024-07-17T05:06:14.328776,9,3.050048828125,68.26
2024-07-17T05:06:14.353888,9,3.050048828125,68.26
2024-07-17T05:06:14.379070,9,3.050048828125,67.483
2024-07-17T05:06:14.404192,9,3.050048828125,67.483
2024-07-17T05:06:14.429315,9,3.050048828125,67.483
2024-07-17T05:06:14.454428,9,3.050048828125,67.483
2024-07-17T05:06:14.479592,9,3.050048828125,67.483
2024-07-17T05:06:14.504716,8,3.050048828125,68.382
2024-07-17T05:06:14.529827,8,3.050048828125,68.382
2024-07-17T05:06:14.554956,8,3.050048828125,68.382
2024-07-17T05:06:14.580066,8,3.050048828125,68.013
2024-07-17T05:06:14.605189,8,3.050048828125,68.013
2024-07-17T05:06:14.630316,8,3.050048828125,68.013
2024-07-17T05:06:14.655439,8,3.050048828125,68.013
2024-07-17T05:06:14.680561,8,3.050048828125,68.349
2024-07-17T05:06:14.705672,8,3.050048828125,68.349
2024-07-17T05:06:14.730793,9,3.050048828125,68.349
2024-07-17T05:06:14.755873,9,3.050048828125,68.349
2024-07-17T05:06:14.780994,9,3.050048828125,68.349
2024-07-17T05:06:14.806114,9,3.050048828125,68.285
2024-07-17T05:06:14.831270,9,3.050048828125,68.285
2024-07-17T05:06:14.856418,9,3.050048828125,68.285
2024-07-17T05:06:14.881597,9,3.050048828125,68.285
2024-07-17T05:06:14.906753,9,3.050048828125,68.285
2024-07-17T05:06:14.931860,9,3.050048828125,68.285
2024-07-17T05:06:14.957039,9,3.050048828125,68.285
2024-07-17T05:06:14.982180,9,3.050048828125,68.285
2024-07-17T05:06:15.007316,9,3.050048828125,68.454
2024-07-17T05:06:15.032450,9,3.050048828125,68.454
2024-07-17T05:06:15.057571,9,3.050048828125,68.454
2024-07-17T05:06:15.082698,9,3.050048828125,68.454
2024-07-17T05:06:15.107855,9,3.050048828125,68.454
2024-07-17T05:06:15.132965,9,3.050048828125,68.454
2024-07-17T05:06:15.158097,9,3.050048828125,68.454
2024-07-17T05:06:15.183225,9,3.050048828125,68.454
2024-07-17T05:06:15.208347,9,3.050048828125,68.382
2024-07-17T05:06:15.233459,9,3.050048828125,68.382
2024-07-17T05:06:15.258570,9,3.050048828125,68.382
2024-07-17T05:06:15.283690,9,3.050048828125,68.382
2024-07-17T05:06:15.308802,9,3.050048828125,67.819
2024-07-17T05:06:15.333915,9,3.050048828125,67.819
2024-07-17T05:06:15.359038,9,3.050048828125,67.819
2024-07-17T05:06:15.384163,9,3.050048828125,67.819
2024-07-17T05:06:15.409275,9,3.050048828125,67.36
2024-07-17T05:06:15.434397,9,3.050048828125,67.36
2024-07-17T05:06:15.459560,9,3.050048828125,67.36
2024-07-17T05:06:15.484726,9,3.050048828125,67.36
2024-07-17T05:06:15.509854,9,3.050048828125,68.012
2024-07-17T05:06:15.534964,9,3.050048828125,68.012
2024-07-17T05:06:15.560100,9,3.050048828125,68.012
2024-07-17T05:06:15.585258,9,3.050048828125,68.012
2024-07-17T05:06:15.610369,9,3.050048828125,68.012
2024-07-17T05:06:15.635490,9,3.050048828125,67.281
2024-07-17T05:06:15.660630,9,3.050048828125,67.281
2024-07-17T05:06:15.685753,9,3.050048828125,67.281
2024-07-17T05:06:15.710858,9,3.050048828125,68.091
2024-07-17T05:06:15.735970,9,3.050048828125,68.091
2024-07-17T05:06:15.761095,9,3.050048828125,68.091
2024-07-17T05:06:15.786210,9,3.050048828125,68.091
2024-07-17T05:06:15.811322,9,3.050048828125,68.091
2024-07-17T05:06:15.836436,9,3.050048828125,67.263
2024-07-17T05:06:15.861580,9,3.050048828125,67.263
2024-07-17T05:06:15.886728,9,3.050048828125,67.263
2024-07-17T05:06:15.911840,9,3.050048828125,68.013
2024-07-17T05:06:15.936979,9,3.050048828125,68.013
2024-07-17T05:06:15.962127,9,3.050048828125,68.013
2024-07-17T05:06:15.987245,9,3.050048828125,68.013
2024-07-17T05:06:16.012365,9,3.050048828125,68.013
2024-07-17T05:06:16.037490,9,3.050048828125,67.191
2024-07-17T05:06:16.062628,9,3.050048828125,67.191
2024-07-17T05:06:16.087753,9,3.050048828125,67.191
2024-07-17T05:06:16.112860,9,3.050048828125,67.191
2024-07-17T05:06:16.137971,9,3.050048828125,68.013
2024-07-17T05:06:16.163082,9,3.050048828125,68.013
2024-07-17T05:06:16.188202,9,3.050048828125,68.013
2024-07-17T05:06:16.213314,9,3.050048828125,68.013
2024-07-17T05:06:16.238426,9,3.050048828125,67.263
2024-07-17T05:06:16.263557,9,3.050048828125,67.263
2024-07-17T05:06:16.288678,9,3.050048828125,67.263
2024-07-17T05:06:16.313808,9,3.050048828125,67.263
2024-07-17T05:06:16.338929,9,3.050048828125,68.013
2024-07-17T05:06:16.364048,9,3.050048828125,68.013
2024-07-17T05:06:16.389229,9,3.050048828125,68.013
2024-07-17T05:06:16.414355,9,3.050048828125,68.013
2024-07-17T05:06:16.439475,9,3.050048828125,67.405
2024-07-17T05:06:16.464586,9,3.050048828125,67.405
2024-07-17T05:06:16.489780,9,3.050048828125,67.405
2024-07-17T05:06:16.514904,9,3.050048828125,67.405
2024-07-17T05:06:16.540044,9,3.050048828125,67.994
2024-07-17T05:06:16.565165,9,3.050048828125,67.994
2024-07-17T05:06:16.590331,9,3.050048828125,67.994
2024-07-17T05:06:16.615492,9,3.050048828125,67.994
2024-07-17T05:06:16.640613,9,3.050048828125,67.994
2024-07-17T05:06:16.665724,9,3.050048828125,67.255
2024-07-17T05:06:16.690836,9,3.050048828125,67.255
2024-07-17T05:06:16.716000,9,3.050048828125,67.255
2024-07-17T05:06:16.741137,9,3.050048828125,68.013
2024-07-17T05:06:16.766259,9,3.050048828125,68.013
2024-07-17T05:06:16.791408,9,3.050048828125,68.013
2024-07-17T05:06:16.816537,9,3.050048828125,68.013
2024-07-17T05:06:16.841649,9,3.050048828125,68.013
2024-07-17T05:06:16.866795,9,3.050048828125,67.611
2024-07-17T05:06:16.891874,9,3.050048828125,67.611
2024-07-17T05:06:16.916997,9,3.050048828125,67.611
2024-07-17T05:06:16.942153,9,3.050048828125,68.11
2024-07-17T05:06:16.967298,9,3.050048828125,68.11
2024-07-17T05:06:16.992436,9,3.050048828125,68.11
2024-07-17T05:06:17.017558,9,3.050048828125,68.11
2024-07-17T05:06:17.042692,9,3.050048828125,68.11
2024-07-17T05:06:17.067897,9,3.050048828125,67.638
2024-07-17T05:06:17.093008,9,3.050048828125,67.638
2024-07-17T05:06:17.118162,9,3.050048828125,67.638
2024-07-17T05:06:17.143283,9,3.050048828125,67.638
2024-07-17T05:06:17.168446,9,3.050048828125,68.284
2024-07-17T05:06:17.193558,9,3.050048828125,68.284
2024-07-17T05:06:17.218696,9,3.050048828125,68.284
2024-07-17T05:06:17.243821,9,3.050048828125,68.284
2024-07-17T05:06:17.268979,9,3.050048828125,67.709
2024-07-17T05:06:17.294155,9,3.050048828125,67.709
2024-07-17T05:06:17.319266,9,3.050048828125,67.709
2024-07-17T05:06:17.344376,9,3.050048828125,67.709
2024-07-17T05:06:17.369489,9,3.050048828125,67.139
2024-07-17T05:06:17.394656,9,3.050048828125,67.139
2024-07-17T05:06:17.419825,9,3.050048828125,67.139
2024-07-17T05:06:17.444959,9,3.050048828125,67.139
2024-07-17T05:06:17.470080,9,3.050048828125,67.851
2024-07-17T05:06:17.495191,9,3.050048828125,67.851
2024-07-17T05:06:17.520377,9,3.050048828125,67.851
2024-07-17T05:06:17.545512,9,3.050048828125,67.851
2024-07-17T05:06:17.570649,9,3.050048828125,67.113
2024-07-17T05:06:17.595837,9,3.050048828125,67.113
2024-07-17T05:06:17.620960,9,3.050048828125,67.113
2024-07-17T05:06:17.646083,9,3.050048828125,67.113
2024-07-17T05:06:17.671224,9,3.050048828125,67.113
2024-07-17T05:06:17.696336,9,3.050048828125,67.818
2024-07-17T05:06:17.721499,9,3.050048828125,67.818
2024-07-17T05:06:17.746622,9,3.050048828125,67.818
2024-07-17T05:06:17.771733,9,3.050048828125,67.212
2024-07-17T05:06:17.796848,9,3.050048828125,67.212
2024-07-17T05:06:17.821983,9,3.050048828125,67.212
2024-07-17T05:06:17.847124,9,3.050048828125,67.212
2024-07-17T05:06:17.872248,9,3.050048828125,67.212
2024-07-17T05:06:17.897381,9,3.050048828125,68.057
2024-07-17T05:06:17.922503,9,3.050048828125,68.057
2024-07-17T05:06:17.947649,9,3.050048828125,68.057
2024-07-17T05:06:17.972790,9,3.050048828125,67.502
2024-07-17T05:06:17.997903,9,3.050048828125,67.502
2024-07-17T05:06:18.023049,9,3.050048828125,67.502
2024-07-17T05:06:18.048172,9,3.050048828125,67.502
2024-07-17T05:06:18.073283,9,3.050048828125,67.502
2024-07-17T05:06:18.098439,9,3.050048828125,68.013
2024-07-17T05:06:18.123550,9,3.050048828125,68.013
2024-07-17T05:06:18.148677,9,3.050048828125,68.013
2024-07-17T05:06:18.173800,9,3.050048828125,68.013
2024-07-17T05:06:18.198974,9,3.050048828125,67.529
2024-07-17T05:06:18.224086,8,3.050048828125,67.529
2024-07-17T05:06:18.249217,8,3.050048828125,67.529
2024-07-17T05:06:18.274386,8,3.050048828125,67.529
2024-07-17T05:06:18.299542,8,3.050048828125,67.529
2024-07-17T05:06:18.324696,8,3.050048828125,67.288
2024-07-17T05:06:18.349853,8,3.050048828125,67.288
2024-07-17T05:06:18.374974,8,3.050048828125,67.288
2024-07-17T05:06:18.400098,8,3.050048828125,67.288
2024-07-17T05:06:18.425237,9,3.050048828125,67.288
2024-07-17T05:06:18.450357,9,3.050048828125,67.288
2024-07-17T05:06:18.475537,9,3.050048828125,67.288
2024-07-17T05:06:18.500676,9,3.050048828125,67.288
2024-07-17T05:06:18.525874,9,3.050048828125,67.515
2024-07-17T05:06:18.551004,9,3.050048828125,67.515
2024-07-17T05:06:18.576153,9,3.050048828125,67.515
2024-07-17T05:06:18.601296,9,3.050048828125,67.515
2024-07-17T05:06:18.626427,9,3.050048828125,67.515
2024-07-17T05:06:18.651549,9,3.050048828125,67.515
2024-07-17T05:06:18.676726,9,3.050048828125,67.515
2024-07-17T05:06:18.701883,9,3.050048828125,67.515
2024-07-17T05:06:18.726992,9,3.050048828125,67.483
2024-07-17T05:06:18.752155,9,3.050048828125,67.483
2024-07-17T05:06:18.777286,9,3.050048828125,67.483
2024-07-17T05:06:18.802397,9,3.050048828125,67.483
2024-07-17T05:06:18.827564,9,3.050048828125,67.483
2024-07-17T05:06:18.852708,9,3.050048828125,67.483
2024-07-17T05:06:18.877828,9,3.050048828125,67.483
2024-07-17T05:06:18.902943,9,3.050048828125,67.483
2024-07-17T05:06:18.928063,9,3.050048828125,67.573
2024-07-17T05:06:18.953221,9,3.050048828125,67.573
2024-07-17T05:06:18.978333,9,3.050048828125,67.573
2024-07-17T05:06:19.003514,9,3.050048828125,67.573
2024-07-17T05:06:19.028681,9,3.050048828125,67.327
2024-07-17T05:06:19.053800,9,3.050048828125,67.327
2024-07-17T05:06:19.078914,9,3.050048828125,67.327
2024-07-17T05:06:19.104027,9,3.050048828125,67.327
2024-07-17T05:06:19.129155,9,3.050048828125,67.529
2024-07-17T05:06:19.154284,9,3.050048828125,67.529
2024-07-17T05:06:19.179404,9,3.050048828125,67.529
2024-07-17T05:06:19.204557,9,3.050048828125,67.529
2024-07-17T05:06:19.229668,9,3.050048828125,66.945
2024-07-17T05:06:19.254781,9,3.050048828125,66.945
2024-07-17T05:06:19.279876,9,3.050048828125,66.945
2024-07-17T05:06:19.305049,9,3.050048828125,66.945
2024-07-17T05:06:19.330190,9,3.050048828125,66.945
2024-07-17T05:06:19.355302,9,3.050048828125,67.871
2024-07-17T05:06:19.380426,9,3.050048828125,67.871
2024-07-17T05:06:19.405553,9,3.050048828125,67.871
2024-07-17T05:06:19.430703,9,3.050048828125,67.871
2024-07-17T05:06:19.455814,9,3.050048828125,67.288
2024-07-17T05:06:19.481000,9,3.050048828125,67.288
2024-07-17T05:06:19.506159,9,3.050048828125,67.288
2024-07-17T05:06:19.531358,9,3.050048828125,67.792
2024-07-17T05:06:19.556496,9,3.050048828125,67.792
2024-07-17T05:06:19.581628,9,3.050048828125,67.792
2024-07-17T05:06:19.606741,9,3.050048828125,67.792
2024-07-17T05:06:19.631864,9,3.050048828125,67.184
2024-07-17T05:06:19.656974,9,3.050048828125,67.184
2024-07-17T05:06:19.682145,8,3.050048828125,67.184
2024-07-17T05:06:19.707292,8,3.050048828125,67.184
2024-07-17T05:06:19.732423,8,3.050048828125,67.184
2024-07-17T05:06:19.757535,8,3.050048828125,67.871
2024-07-17T05:06:19.782697,8,3.050048828125,67.871
2024-07-17T05:06:19.807837,8,3.050048828125,67.871
2024-07-17T05:06:19.833021,8,3.050048828125,67.139
2024-07-17T05:06:19.858131,8,3.050048828125,67.139
2024-07-17T05:06:19.883244,9,3.050048828125,67.139
2024-07-17T05:06:19.908364,9,3.050048828125,67.139
2024-07-17T05:06:19.933523,9,3.050048828125,67.139
2024-07-17T05:06:19.958634,9,3.050048828125,67.826
2024-07-17T05:06:19.983782,9,3.050048828125,67.826
2024-07-17T05:06:20.008859,9,3.050048828125,67.826
2024-07-17T05:06:20.033982,9,3.050048828125,67.826
2024-07-17T05:06:20.059101,9,3.050048828125,67.158
2024-07-17T05:06:20.084228,9,3.050048828125,67.158
2024-07-17T05:06:20.109430,9,3.050048828125,67.158
2024-07-17T05:06:20.134553,9,3.050048828125,67.158
2024-07-17T05:06:20.159667,9,3.050048828125,67.896
2024-07-17T05:06:20.184873,9,3.050048828125,67.896
2024-07-17T05:06:20.209983,9,3.050048828125,67.896
2024-07-17T05:06:20.235619,9,3.050048828125,67.896
2024-07-17T05:06:20.260745,9,3.050048828125,67.378
2024-07-17T05:06:20.285911,9,3.050048828125,67.378
2024-07-17T05:06:20.311074,9,3.050048828125,67.378
2024-07-17T05:06:20.336195,9,3.050048828125,67.378
2024-07-17T05:06:20.361303,9,3.050048828125,67.378
2024-07-17T05:06:20.386414,9,3.050048828125,67.844
2024-07-17T05:06:20.411558,9,3.050048828125,67.844
2024-07-17T05:06:20.436669,9,3.050048828125,67.844
2024-07-17T05:06:20.461821,9,3.050048828125,67.844
2024-07-17T05:06:20.487014,9,3.050048828125,67.657
2024-07-17T05:06:20.512152,9,3.050048828125,67.657
2024-07-17T05:06:20.537270,9,3.050048828125,67.657
2024-07-17T05:06:20.562391,9,3.050048828125,68.09
2024-07-17T05:06:20.587502,9,3.050048828125,68.09
2024-07-17T05:06:20.612615,9,3.050048828125,68.09
2024-07-17T05:06:20.637772,9,3.050048828125,68.09
2024-07-17T05:06:20.662920,9,3.050048828125,67.709
2024-07-17T05:06:20.688070,9,3.050048828125,67.709
2024-07-17T05:06:20.713182,9,3.050048828125,67.709
2024-07-17T05:06:20.738296,9,3.050048828125,67.709
2024-07-17T05:06:20.763498,9,3.050048828125,67.709
2024-07-17T05:06:20.788610,9,3.050048828125,68.409
2024-07-17T05:06:20.813732,9,3.050048828125,68.409
2024-07-17T05:06:20.838847,9,3.050048828125,68.409
2024-07-17T05:06:20.863987,9,3.050048828125,68.409
2024-07-17T05:06:20.889097,9,3.050048828125,67.657
2024-07-17T05:06:20.914208,9,3.050048828125,67.657
2024-07-17T05:06:20.939319,9,3.050048828125,67.657
2024-07-17T05:06:20.964481,9,3.050048828125,67.657
2024-07-17T05:06:20.989619,9,3.050048828125,67.288
2024-07-17T05:06:21.014745,9,3.050048828125,67.288
2024-07-17T05:06:21.039859,9,3.050048828125,67.288
2024-07-17T05:06:21.065067,9,3.050048828125,67.288
2024-07-17T05:06:21.090198,9,3.050048828125,67.599
2024-07-17T05:06:21.115319,9,3.050048828125,67.599
2024-07-17T05:06:21.140447,9,3.050048828125,67.599
2024-07-17T05:06:21.165571,9,3.050048828125,67.599
2024-07-17T05:06:21.190712,9,3.050048828125,67.599
2024-07-17T05:06:21.215852,9,3.050048828125,67.139
2024-07-17T05:06:21.241023,9,3.050048828125,67.139
2024-07-17T05:06:21.266150,9,3.050048828125,67.139
2024-07-17T05:06:21.291261,9,3.050048828125,67.844
2024-07-17T05:06:21.316384,9,3.050048828125,67.844
2024-07-17T05:06:21.341496,9,3.050048828125,67.844
2024-07-17T05:06:21.366631,9,3.050048828125,67.844
2024-07-17T05:06:21.391774,9,3.050048828125,66.979
2024-07-17T05:06:21.416859,9,3.050048828125,66.979
2024-07-17T05:06:21.442028,9,3.050048828125,66.979
2024-07-17T05:06:21.467160,9,3.050048828125,66.979
2024-07-17T05:06:21.492333,9,3.050048828125,68.013
2024-07-17T05:06:21.517455,9,3.050048828125,68.013
2024-07-17T05:06:21.542591,9,3.050048828125,68.013
2024-07-17T05:06:21.567703,9,3.050048828125,68.013
2024-07-17T05:06:21.592891,9,3.050048828125,68.013
2024-07-17T05:06:21.618017,9,3.050048828125,67.229
2024-07-17T05:06:21.643127,9,3.050048828125,67.229
2024-07-17T05:06:21.668330,9,3.050048828125,67.229
2024-07-17T05:06:21.693465,9,3.050048828125,67.923
2024-07-17T05:06:21.718591,9,3.050048828125,67.923
2024-07-17T05:06:21.743768,9,3.050048828125,67.923
2024-07-17T05:06:21.768860,9,3.050048828125,67.923
2024-07-17T05:06:21.794002,9,3.050048828125,67.923
2024-07-17T05:06:21.819121,9,3.050048828125,67.094
2024-07-17T05:06:21.844288,9,3.050048828125,67.094
2024-07-17T05:06:21.869400,9,3.050048828125,67.094
2024-07-17T05:06:21.894511,9,3.050048828125,67.094
2024-07-17T05:06:21.919700,9,3.050048828125,68.117
2024-07-17T05:06:21.944898,8,3.050048828125,68.117
2024-07-17T05:06:21.970007,8,3.050048828125,68.117
2024-07-17T05:06:21.995118,8,3.050048828125,68.117
2024-07-17T05:06:22.020332,8,3.050048828125,68.117
2024-07-17T05:06:22.045453,8,3.050048828125,67.934
2024-07-17T05:06:22.070651,8,3.050048828125,67.934
2024-07-17T05:06:22.095762,8,3.050048828125,67.934
2024-07-17T05:06:22.120879,8,3.050048828125,67.934
2024-07-17T05:06:22.146072,9,3.050048828125,67.934
2024-07-17T05:06:22.171199,9,3.050048828125,67.934
2024-07-17T05:06:22.196333,9,3.050048828125,67.934
2024-07-17T05:06:22.221443,9,3.050048828125,67.934
2024-07-17T05:06:22.246610,9,3.050048828125,68.02
2024-07-17T05:06:22.271730,9,3.050048828125,68.02
2024-07-17T05:06:22.296866,9,3.050048828125,68.02
2024-07-17T05:06:22.321987,9,3.050048828125,68.02
2024-07-17T05:06:22.347111,9,3.050048828125,68.02
2024-07-17T05:06:22.372223,9,3.050048828125,68.02
2024-07-17T05:06:22.397343,9,3.050048828125,68.02
2024-07-17T05:06:22.422476,9,3.050048828125,67.735
2024-07-17T05:06:22.447598,9,3.050048828125,67.735
2024-07-17T05:06:22.472735,9,3.050048828125,67.735
2024-07-17T05:06:22.497858,9,3.050048828125,67.735
2024-07-17T05:06:22.522980,9,3.050048828125,68.524
2024-07-17T05:06:22.548105,9,3.050048828125,68.524
2024-07-17T05:06:22.573280,9,3.050048828125,68.524
2024-07-17T05:06:22.598404,9,3.050048828125,68.524
2024-07-17T05:06:22.623516,9,3.050048828125,68.524
2024-07-17T05:06:22.648660,9,3.050048828125,67.824
2024-07-17T05:06:22.673782,9,3.050048828125,67.824
2024-07-17T05:06:22.698875,9,3.050048828125,67.824
2024-07-17T05:06:22.723986,9,3.050048828125,67.567
2024-07-17T05:06:22.749143,9,3.050048828125,67.567
2024-07-17T05:06:22.774316,9,3.050048828125,67.567
2024-07-17T05:06:22.799446,9,3.050048828125,67.567
2024-07-17T05:06:22.824558,9,3.050048828125,67.567
2024-07-17T05:06:22.849670,9,3.050048828125,66.945
2024-07-17T05:06:22.874782,9,3.050048828125,66.945
2024-07-17T05:06:22.899939,9,3.050048828125,66.945
2024-07-17T05:06:22.925049,9,3.050048828125,66.945
2024-07-17T05:06:22.950159,9,3.050048828125,67.56
2024-07-17T05:06:22.975278,9,3.050048828125,67.56
2024-07-17T05:06:23.000391,9,3.050048828125,67.56
2024-07-17T05:06:23.025516,9,3.050048828125,67.56
2024-07-17T05:06:23.050678,9,3.050048828125,67.56
2024-07-17T05:06:23.075873,9,3.050048828125,67.113
2024-07-17T05:06:23.101016,9,3.050048828125,67.113
2024-07-17T05:06:23.126134,9,3.050048828125,67.113
2024-07-17T05:06:23.151327,9,3.050048828125,67.871
2024-07-17T05:06:23.176437,9,3.050048828125,67.871
2024-07-17T05:06:23.201559,9,3.050048828125,67.871
2024-07-17T05:06:23.226688,9,3.050048828125,67.871
2024-07-17T05:06:23.251823,9,3.050048828125,67.871
2024-07-17T05:06:23.276954,9,3.050048828125,67.115
2024-07-17T05:06:23.302091,9,3.050048828125,67.115
2024-07-17T05:06:23.327200,9,3.050048828125,67.115
2024-07-17T05:06:23.352336,9,3.050048828125,67.826
2024-07-17T05:06:23.377448,9,3.050048828125,67.826
2024-07-17T05:06:23.402629,9,3.050048828125,67.826
2024-07-17T05:06:23.427759,9,3.050048828125,67.826
2024-07-17T05:06:23.452870,9,3.050048828125,67.21
2024-07-17T05:06:23.477992,9,3.050048828125,67.21
2024-07-17T05:06:23.503111,9,3.050048828125,67.21
2024-07-17T05:06:23.528223,9,3.050048828125,67.21
2024-07-17T05:06:23.553335,9,3.050048828125,67.986
2024-07-17T05:06:23.578492,9,3.050048828125,67.986
2024-07-17T05:06:23.603633,9,3.050048828125,67.986
2024-07-17T05:06:23.628745,9,3.050048828125,67.986
2024-07-17T05:06:23.653859,9,3.050048828125,67.986
2024-07-17T05:06:23.679014,9,3.050048828125,67.096
2024-07-17T05:06:23.704125,9,3.050048828125,67.096
2024-07-17T05:06:23.729281,9,3.050048828125,67.096
2024-07-17T05:06:23.754416,9,3.050048828125,67.941
2024-07-17T05:06:23.779549,9,3.050048828125,67.941
2024-07-17T05:06:23.804667,9,3.050048828125,67.941
2024-07-17T05:06:23.829779,9,3.050048828125,67.941
2024-07-17T05:06:23.854873,9,3.050048828125,67.941
2024-07-17T05:06:23.880011,9,3.050048828125,67.405
2024-07-17T05:06:23.905132,9,3.050048828125,67.405
2024-07-17T05:06:23.930243,9,3.050048828125,67.405
2024-07-17T05:06:23.955406,9,3.050048828125,67.405
2024-07-17T05:06:23.980537,9,3.050048828125,67.986
2024-07-17T05:06:24.005697,9,3.050048828125,67.986
2024-07-17T05:06:24.030808,9,3.050048828125,67.986
2024-07-17T05:06:24.055932,9,3.050048828125,67.986
2024-07-17T05:06:24.081062,9,3.050048828125,67.986
2024-07-17T05:06:24.106181,9,3.050048828125,67.406
2024-07-17T05:06:24.131293,9,3.050048828125,67.406
2024-07-17T05:06:24.156416,9,3.050048828125,67.406
2024-07-17T05:06:24.181564,9,3.050048828125,68.02
2024-07-17T05:06:24.206675,9,3.050048828125,68.02
2024-07-17T05:06:24.231818,9,3.050048828125,68.02
2024-07-17T05:06:24.256941,9,3.050048828125,68.02
2024-07-17T05:06:24.282072,9,3.050048828125,68.02
2024-07-17T05:06:24.307198,9,3.050048828125,67.599
2024-07-17T05:06:24.332311,9,3.050048828125,67.599
2024-07-17T05:06:24.357492,9,3.050048828125,67.599
2024-07-17T05:06:24.382653,9,3.050048828125,68.188
2024-07-17T05:06:24.407765,9,3.050048828125,68.188
2024-07-17T05:06:24.432915,9,3.050048828125,68.188
2024-07-17T05:06:24.458038,9,3.050048828125,68.188
2024-07-17T05:06:24.483155,9,3.050048828125,67.722
2024-07-17T05:06:24.508283,9,3.050048828125,67.722
2024-07-17T05:06:24.533404,9,3.050048828125,67.722
2024-07-17T05:06:24.558571,9,3.050048828125,67.722
2024-07-17T05:06:24.583733,9,3.050048828125,67.164
2024-07-17T05:06:24.608858,9,3.050048828125,67.164
2024-07-17T05:06:24.634014,9,3.050048828125,67.164
2024-07-17T05:06:24.659151,9,3.050048828125,67.164
2024-07-17T05:06:24.684278,9,3.050048828125,67.164
2024-07-17T05:06:24.709456,9,3.050048828125,67.735
2024-07-17T05:06:24.734621,9,3.050048828125,67.735
2024-07-17T05:06:24.759794,9,3.050048828125,67.735
2024-07-17T05:06:24.784868,9,3.050048828125,67.735
2024-07-17T05:06:24.809990,9,3.050048828125,67.184
2024-07-17T05:06:24.835146,9,3.050048828125,67.184
2024-07-17T05:06:24.860266,9,3.050048828125,67.184
2024-07-17T05:06:24.885403,9,3.050048828125,67.184
2024-07-17T05:06:24.910576,9,3.050048828125,67.896
2024-07-17T05:06:24.935745,9,3.050048828125,67.896
2024-07-17T05:06:24.960860,9,3.050048828125,67.896
2024-07-17T05:06:24.985979,9,3.050048828125,67.896
2024-07-17T05:06:25.011147,9,3.050048828125,67.087
2024-07-17T05:06:25.036309,9,3.050048828125,67.087
2024-07-17T05:06:25.061420,9,3.050048828125,67.087
2024-07-17T05:06:25.086586,9,3.050048828125,67.087
2024-07-17T05:06:25.111705,9,3.050048828125,67.087
2024-07-17T05:06:25.136874,9,3.050048828125,67.774
2024-07-17T05:06:25.162013,9,3.050048828125,67.774
2024-07-17T05:06:25.187136,9,3.050048828125,67.774
2024-07-17T05:06:25.212248,9,3.050048828125,67.255
2024-07-17T05:06:25.237435,9,3.050048828125,67.255
2024-07-17T05:06:25.262581,9,3.050048828125,67.255
2024-07-17T05:06:25.287692,9,3.050048828125,67.255
2024-07-17T05:06:25.312822,9,3.050048828125,67.255
2024-07-17T05:06:25.337966,9,3.050048828125,67.871
2024-07-17T05:06:25.363088,9,3.050048828125,67.871
2024-07-17T05:06:25.388199,9,3.050048828125,67.871
2024-07-17T05:06:25.413326,9,3.050048828125,67.871
2024-07-17T05:06:25.438492,9,3.050048828125,67.236
2024-07-17T05:06:25.463602,9,3.050048828125,67.236
2024-07-17T05:06:25.488748,9,3.050048828125,67.236
2024-07-17T05:06:25.513867,9,3.050048828125,68.162
2024-07-17T05:06:25.539053,9,3.050048828125,68.162
2024-07-17T05:06:25.564244,9,3.050048828125,68.162
2024-07-17T05:06:25.589367,9,3.050048828125,68.162
2024-07-17T05:06:25.614493,9,3.050048828125,67.288
2024-07-17T05:06:25.639656,9,3.050048828125,67.288
2024-07-17T05:06:25.664769,8,3.050048828125,67.288
2024-07-17T05:06:25.689881,8,3.050048828125,67.288
2024-07-17T05:06:25.715079,8,3.050048828125,67.288
2024-07-17T05:06:25.740227,8,3.050048828125,67.281
2024-07-17T05:06:25.765349,8,3.050048828125,67.281
2024-07-17T05:06:25.790472,8,3.050048828125,67.281
2024-07-17T05:06:25.815593,8,3.050048828125,67.281
2024-07-17T05:06:25.840712,8,3.050048828125,67.281
2024-07-17T05:06:25.865851,9,3.050048828125,67.281
2024-07-17T05:06:25.890961,9,3.050048828125,67.281
2024-07-17T05:06:25.916081,9,3.050048828125,67.281
2024-07-17T05:06:25.941192,9,3.050048828125,67.281
2024-07-17T05:06:25.966320,9,3.050048828125,67.54
2024-07-17T05:06:25.991432,9,3.050048828125,67.54
2024-07-17T05:06:26.016582,9,3.050048828125,67.54
2024-07-17T05:06:26.041695,9,3.050048828125,67.54
2024-07-17T05:06:26.066807,9,3.050048828125,67.54
2024-07-17T05:06:26.091963,9,3.050048828125,67.54
2024-07-17T05:06:26.117093,9,3.050048828125,67.54
2024-07-17T05:06:26.142239,9,3.050048828125,67.54
2024-07-17T05:06:26.167362,9,3.050048828125,67.556
2024-07-17T05:06:26.192489,9,3.050048828125,67.556
2024-07-17T05:06:26.217611,9,3.050048828125,67.556
2024-07-17T05:06:26.242756,9,3.050048828125,67.556
2024-07-17T05:06:26.267900,9,3.050048828125,67.556
2024-07-17T05:06:26.293016,9,3.050048828125,67.556
2024-07-17T05:06:26.318188,9,3.050048828125,67.556
2024-07-17T05:06:26.343301,9,3.050048828125,67.556
2024-07-17T05:06:26.368479,9,3.050048828125,67.529
2024-07-17T05:06:26.393617,9,3.050048828125,67.529
2024-07-17T05:06:26.418784,9,3.050048828125,67.529
2024-07-17T05:06:26.443869,9,3.050048828125,67.529
2024-07-17T05:06:26.468990,9,3.050048828125,67.016
2024-07-17T05:06:26.494123,9,3.050048828125,67.016
2024-07-17T05:06:26.519267,9,3.050048828125,67.016
2024-07-17T05:06:26.544394,9,3.050048828125,67.573
2024-07-17T05:06:26.569513,9,3.050048828125,67.573
2024-07-17T05:06:26.594647,9,3.050048828125,67.573
2024-07-17T05:06:26.619759,9,3.050048828125,67.573
2024-07-17T05:06:26.644860,9,3.050048828125,67.573
2024-07-17T05:06:26.669970,9,3.050048828125,67.089
2024-07-17T05:06:26.695092,9,3.050048828125,67.089
2024-07-17T05:06:26.720203,9,3.050048828125,67.089
2024-07-17T05:06:26.745329,9,3.050048828125,67.089
2024-07-17T05:06:26.770465,9,3.050048828125,67.729
2024-07-17T05:06:26.795653,9,3.050048828125,67.729
2024-07-17T05:06:26.820765,9,3.050048828125,67.729
2024-07-17T05:06:26.845859,9,3.050048828125,67.729
2024-07-17T05:06:26.870992,9,3.050048828125,67.113
2024-07-17T05:06:26.896171,9,3.050048828125,67.113
2024-07-17T05:06:26.921307,9,3.050048828125,67.113
2024-07-17T05:06:26.946418,9,3.050048828125,67.113
2024-07-17T05:06:26.971553,9,3.050048828125,67.113
2024-07-17T05:06:26.996676,9,3.050048828125,67.896
2024-07-17T05:06:27.021848,9,3.050048828125,67.896
2024-07-17T05:06:27.047020,9,3.050048828125,67.896
2024-07-17T05:06:27.072213,9,3.050048828125,66.999
2024-07-17T05:06:27.097348,9,3.050048828125,66.999
2024-07-17T05:06:27.122469,9,3.050048828125,66.999
2024-07-17T05:06:27.147581,9,3.050048828125,66.999
2024-07-17T05:06:27.172716,9,3.050048828125,66.999
2024-07-17T05:06:27.197920,9,3.050048828125,67.941
2024-07-17T05:06:27.223046,9,3.050048828125,67.941
2024-07-17T05:06:27.248158,9,3.050048828125,67.941
2024-07-17T05:06:27.273313,9,3.050048828125,67.21
2024-07-17T05:06:27.298433,9,3.050048828125,67.21
2024-07-17T05:06:27.323617,9,3.050048828125,67.21
2024-07-17T05:06:27.348744,9,3.050048828125,67.21
2024-07-17T05:06:27.373859,9,3.050048828125,67.21
2024-07-17T05:06:27.398969,9,3.050048828125,67.896
2024-07-17T05:06:27.424093,9,3.050048828125,67.896
2024-07-17T05:06:27.449284,9,3.050048828125,67.896
2024-07-17T05:06:27.474404,9,3.050048828125,67.38
2024-07-17T05:06:27.499524,9,3.050048828125,67.38
2024-07-17T05:06:27.524648,9,3.050048828125,67.38
2024-07-17T05:06:27.549759,9,3.050048828125,67.38
2024-07-17T05:06:27.574912,9,3.050048828125,67.38
2024-07-17T05:06:27.600044,9,3.050048828125,67.747
2024-07-17T05:06:27.625156,9,3.050048828125,67.747
2024-07-17T05:06:27.650279,9,3.050048828125,67.747
2024-07-17T05:06:27.731904,7,3.050048828125,67.502
2024-07-17T05:06:27.757137,7,3.050048828125,67.502
2024-07-17T05:06:27.782278,7,3.050048828125,67.502
2024-07-17T05:06:27.807401,7,3.050048828125,65.643
2024-07-17T05:06:27.832577,7,3.050048828125,65.643
2024-07-17T05:06:27.857705,7,3.050048828125,65.643
2024-07-17T05:06:27.882839,7,3.050048828125,65.643
2024-07-17T05:06:27.907996,7,3.050048828125,68.188
2024-07-17T05:06:27.933166,7,3.050048828125,68.188
2024-07-17T05:06:27.958324,7,3.050048828125,68.188
2024-07-17T05:06:27.983530,7,3.050048828125,68.188
2024-07-17T05:06:28.008660,7,3.050048828125,67.637
2024-07-17T05:06:28.033841,7,3.050048828125,67.637
2024-07-17T05:06:28.058972,7,3.050048828125,67.637
2024-07-17T05:06:28.084083,7,3.050048828125,67.637
2024-07-17T05:06:28.109193,7,3.050048828125,66.925
2024-07-17T05:06:28.134315,9,3.050048828125,66.925
2024-07-17T05:06:28.159452,9,3.050048828125,66.925
2024-07-17T05:06:28.184574,9,3.050048828125,66.925
2024-07-17T05:06:28.209705,9,3.050048828125,66.925
2024-07-17T05:06:28.234859,9,3.050048828125,67.709
2024-07-17T05:06:28.260054,9,3.050048828125,67.709
2024-07-17T05:06:28.285165,9,3.050048828125,67.709
2024-07-17T05:06:28.310293,9,3.050048828125,67.096
2024-07-17T05:06:28.335422,9,3.050048828125,67.096
2024-07-17T05:06:28.360534,9,3.050048828125,67.096
2024-07-17T05:06:28.385647,9,3.050048828125,67.096
2024-07-17T05:06:28.410766,9,3.050048828125,67.941
2024-07-17T05:06:28.435868,9,3.050048828125,67.941
2024-07-17T05:06:28.461020,9,3.050048828125,67.941
2024-07-17T05:06:28.486131,9,3.050048828125,67.941
2024-07-17T05:06:28.511256,9,3.050048828125,67.016
2024-07-17T05:06:28.536451,9,3.050048828125,67.016
2024-07-17T05:06:28.561574,9,3.050048828125,67.016
2024-07-17T05:06:28.586696,9,3.050048828125,67.016
2024-07-17T05:06:28.611808,9,3.050048828125,67.016
2024-07-17T05:06:28.636922,9,3.050048828125,68.013
2024-07-17T05:06:28.662055,9,3.050048828125,68.013
2024-07-17T05:06:28.687172,9,3.050048828125,68.013
2024-07-17T05:06:28.712284,9,3.050048828125,67.096
2024-07-17T05:06:28.737419,9,3.050048828125,67.096
2024-07-17T05:06:28.762690,9,3.050048828125,67.096
2024-07-17T05:06:28.787815,9,3.050048828125,67.096
2024-07-17T05:06:28.812936,9,3.050048828125,67.096
2024-07-17T05:06:28.838047,9,3.050048828125,67.889
2024-07-17T05:06:28.863168,9,3.050048828125,67.889
2024-07-17T05:06:28.888350,9,3.050048828125,67.889
2024-07-17T05:06:28.913462,9,3.050048828125,67.889
2024-07-17T05:06:28.938575,9,3.050048828125,67.288
2024-07-17T05:06:28.963716,9,3.050048828125,67.288
2024-07-17T05:06:28.988839,9,3.050048828125,67.288
2024-07-17T05:06:29.013955,9,3.050048828125,67.288
2024-07-17T05:06:29.039104,9,3.050048828125,67.288
2024-07-17T05:06:29.064248,9,3.050048828125,67.708
2024-07-17T05:06:29.089434,9,3.050048828125,67.708
2024-07-17T05:06:29.114618,9,3.050048828125,67.708
2024-07-17T05:06:29.139729,9,3.050048828125,67.431
2024-07-17T05:06:29.164851,9,3.050048828125,67.431
2024-07-17T05:06:29.189998,9,3.050048828125,67.431
2024-07-17T05:06:29.215123,9,3.050048828125,67.431
2024-07-17T05:06:29.240235,9,3.050048828125,67.431
2024-07-17T05:06:29.265365,9,3.050048828125,67.968
2024-07-17T05:06:29.290483,9,3.050048828125,67.968
2024-07-17T05:06:29.315653,9,3.050048828125,67.968
2024-07-17T05:06:29.340771,9,3.050048828125,67.599
2024-07-17T05:06:29.365879,9,3.050048828125,67.599
2024-07-17T05:06:29.391001,8,3.050048828125,67.599
2024-07-17T05:06:29.416113,8,3.050048828125,67.599
2024-07-17T05:06:29.441255,8,3.050048828125,68.11
2024-07-17T05:06:29.466443,8,3.050048828125,68.11
2024-07-17T05:06:29.491567,8,3.050048828125,68.11
2024-07-17T05:06:29.516730,8,3.050048828125,68.11
2024-07-17T05:06:29.541855,8,3.050048828125,67.613
2024-07-17T05:06:29.566976,8,3.050048828125,67.613
2024-07-17T05:06:29.592114,9,3.050048828125,67.613
2024-07-17T05:06:29.617233,9,3.050048828125,67.613
2024-07-17T05:06:29.642382,9,3.050048828125,67.613
2024-07-17T05:06:29.667515,9,3.050048828125,67.665
2024-07-17T05:06:29.692627,9,3.050048828125,67.665
2024-07-17T05:06:29.717818,9,3.050048828125,67.665
2024-07-17T05:06:29.742939,9,3.050048828125,67.665
2024-07-17T05:06:29.768050,9,3.050048828125,67.665
2024-07-17T05:06:29.793170,9,3.050048828125,67.665
2024-07-17T05:06:29.818362,9,3.050048828125,67.665
2024-07-17T05:06:29.843487,9,3.050048828125,67.665
2024-07-17T05:06:29.868606,9,3.050048828125,67.766
2024-07-17T05:06:29.893730,9,3.050048828125,67.766
2024-07-17T05:06:29.918856,9,3.050048828125,67.766
2024-07-17T05:06:29.943968,9,3.050048828125,67.766
2024-07-17T05:06:29.969122,9,3.050048828125,67.766
2024-07-17T05:06:29.994253,9,3.050048828125,67.766
2024-07-17T05:06:30.019365,9,3.050048828125,67.766
2024-07-17T05:06:30.044511,9,3.050048828125,67.766
2024-07-17T05:06:30.069643,9,3.050048828125,67.766
2024-07-17T05:06:30.094754,9,3.050048828125,67.573
2024-07-17T05:06:30.119873,9,3.050048828125,67.573
2024-07-17T05:06:30.144983,9,3.050048828125,67.573
2024-07-17T05:06:30.170116,9,3.050048828125,67.113
2024-07-17T05:06:30.195244,9,3.050048828125,67.113
2024-07-17T05:06:30.220422,9,3.050048828125,67.113
2024-07-17T05:06:30.245622,9,3.050048828125,67.113
2024-07-17T05:06:30.270747,9,3.050048828125,67.113
2024-07-17T05:06:30.295859,9,3.050048828125,67.844
2024-07-17T05:06:30.321010,9,3.050048828125,67.844
2024-07-17T05:06:30.346122,9,3.050048828125,67.844
2024-07-17T05:06:30.371295,9,3.050048828125,66.945
2024-07-17T05:06:30.396417,9,3.050048828125,66.945
2024-07-17T05:06:30.421539,9,3.050048828125,66.945
2024-07-17T05:06:30.446664,9,3.050048828125,66.945
2024-07-17T05:06:30.471856,9,3.050048828125,67.665
2024-07-17T05:06:30.496975,9,3.050048828125,67.665
2024-07-17T05:06:30.522155,9,3.050048828125,67.665
2024-07-17T05:06:30.547281,9,3.050048828125,67.665
2024-07-17T05:06:30.572419,9,3.050048828125,67.113
2024-07-17T05:06:30.597556,9,3.050048828125,67.113
2024-07-17T05:06:30.622667,9,3.050048828125,67.113
2024-07-17T05:06:30.647780,9,3.050048828125,67.113
2024-07-17T05:06:30.672867,9,3.050048828125,67.113
2024-07-17T05:06:30.698062,9,3.050048828125,67.826
2024-07-17T05:06:30.723198,9,3.050048828125,67.826
2024-07-17T05:06:30.748309,9,3.050048828125,67.826
2024-07-17T05:06:30.773438,9,3.050048828125,67.826
2024-07-17T05:06:30.798566,9,3.050048828125,67.263
2024-07-17T05:06:30.823690,8,3.050048828125,67.263
2024-07-17T05:06:30.848801,8,3.050048828125,67.263
2024-07-17T05:06:30.873922,8,3.050048828125,67.263
2024-07-17T05:06:30.899034,8,3.050048828125,67.941
2024-07-17T05:06:30.924155,8,3.050048828125,67.941
2024-07-17T05:06:30.949298,8,3.050048828125,67.941
2024-07-17T05:06:30.974419,8,3.050048828125,67.941
2024-07-17T05:06:30.999556,8,3.050048828125,67.378
2024-07-17T05:06:31.024668,9,3.050048828125,67.378
2024-07-17T05:06:31.049793,9,3.050048828125,67.378
2024-07-17T05:06:31.074860,9,3.050048828125,67.378
2024-07-17T05:06:31.099971,9,3.050048828125,67.378
2024-07-17T05:06:31.125095,9,3.050048828125,68.091
2024-07-17T05:06:31.150245,9,3.050048828125,68.091
2024-07-17T05:06:31.175378,9,3.050048828125,68.091
2024-07-17T05:06:31.200490,9,3.050048828125,67.378
2024-07-17T05:06:31.225628,9,3.050048828125,67.378
2024-07-17T05:06:31.250801,9,3.050048828125,67.378
2024-07-17T05:06:31.275928,9,3.050048828125,67.378
2024-07-17T05:06:31.301043,9,3.050048828125,67.378
2024-07-17T05:06:31.326181,9,3.050048828125,68.135
2024-07-17T05:06:31.351347,9,3.050048828125,68.135
2024-07-17T05:06:31.376482,9,3.050048828125,68.135
2024-07-17T05:06:31.401657,9,3.050048828125,68.135
2024-07-17T05:06:31.426768,9,3.050048828125,67.54
2024-07-17T05:06:31.451867,9,3.050048828125,67.54
2024-07-17T05:06:31.477000,9,3.050048828125,67.54
2024-07-17T05:06:31.502134,9,3.050048828125,68.163
2024-07-17T05:06:31.527266,9,3.050048828125,68.163
2024-07-17T05:06:31.552403,9,3.050048828125,68.163
2024-07-17T05:06:31.577526,9,3.050048828125,68.163
2024-07-17T05:06:31.602689,9,3.050048828125,67.585
2024-07-17T05:06:31.627817,9,3.050048828125,67.585
2024-07-17T05:06:31.652951,9,3.050048828125,67.585
2024-07-17T05:06:31.678062,9,3.050048828125,67.585
2024-07-17T05:06:31.703192,9,3.050048828125,67.585
2024-07-17T05:06:31.728310,9,3.050048828125,67.184
2024-07-17T05:06:31.753425,9,3.050048828125,67.184
2024-07-17T05:06:31.778549,9,3.050048828125,67.184
2024-07-17T05:06:31.803683,9,3.050048828125,67.184
2024-07-17T05:06:31.828808,9,3.050048828125,67.799
2024-07-17T05:06:31.854009,9,3.050048828125,67.799
2024-07-17T05:06:31.879134,9,3.050048828125,67.799
2024-07-17T05:06:31.904275,9,3.050048828125,67.799
2024-07-17T05:06:31.929385,9,3.050048828125,67.799
2024-07-17T05:06:31.954498,9,3.050048828125,66.893
2024-07-17T05:06:31.979609,9,3.050048828125,66.893
2024-07-17T05:06:32.004735,9,3.050048828125,66.893
2024-07-17T05:06:32.029873,9,3.050048828125,67.657
2024-07-17T05:06:32.055053,9,3.050048828125,67.657
2024-07-17T05:06:32.080217,9,3.050048828125,67.657
2024-07-17T05:06:32.105405,9,3.050048828125,67.657
2024-07-17T05:06:32.130533,9,3.050048828125,67.657
2024-07-17T05:06:32.155676,9,3.050048828125,67.042
2024-07-17T05:06:32.180797,9,3.050048828125,67.042
2024-07-17T05:06:32.205935,9,3.050048828125,67.042
2024-07-17T05:06:32.231046,9,3.050048828125,67.747
2024-07-17T05:06:32.256188,9,3.050048828125,67.747
2024-07-17T05:06:32.281299,9,3.050048828125,67.747
2024-07-17T05:06:32.306410,9,3.050048828125,67.747
2024-07-17T05:06:32.331558,9,3.050048828125,67.747
2024-07-17T05:06:32.356707,9,3.050048828125,67.166
2024-07-17T05:06:32.381833,9,3.050048828125,67.166
2024-07-17T05:06:32.406960,9,3.050048828125,67.166
2024-07-17T05:06:32.432071,9,3.050048828125,67.166
2024-07-17T05:06:32.457215,9,3.050048828125,68.031
2024-07-17T05:06:32.482327,9,3.050048828125,68.031
2024-07-17T05:06:32.507499,9,3.050048828125,68.031
2024-07-17T05:06:32.532610,9,3.050048828125,68.031
2024-07-17T05:06:32.557742,9,3.050048828125,67.361
2024-07-17T05:06:32.582875,9,3.050048828125,67.361
2024-07-17T05:06:32.608007,9,3.050048828125,67.361
2024-07-17T05:06:32.633139,9,3.050048828125,67.361
2024-07-17T05:06:32.658259,9,3.050048828125,67.852
2024-07-17T05:06:32.683385,9,3.050048828125,67.852
2024-07-17T05:06:32.708503,9,3.050048828125,67.852
2024-07-17T05:06:32.733631,9,3.050048828125,67.852
2024-07-17T05:06:32.758742,9,3.050048828125,67.27
2024-07-17T05:06:32.783877,9,3.050048828125,67.27
2024-07-17T05:06:32.809043,9,3.050048828125,67.27
2024-07-17T05:06:32.834166,9,3.050048828125,67.27
2024-07-17T05:06:32.859332,9,3.050048828125,68.038
2024-07-17T05:06:32.884455,9,3.050048828125,68.038
2024-07-17T05:06:32.909587,9,3.050048828125,68.038
2024-07-17T05:06:32.934699,9,3.050048828125,68.038
2024-07-17T05:06:32.959857,9,3.050048828125,68.038
2024-07-17T05:06:32.984967,9,3.050048828125,67.511
2024-07-17T05:06:33.010095,9,3.050048828125,67.511
2024-07-17T05:06:33.035217,9,3.050048828125,67.511
2024-07-17T05:06:33.060339,9,3.050048828125,68.26
2024-07-17T05:06:33.085462,9,3.050048828125,68.26
2024-07-17T05:06:33.110574,9,3.050048828125,68.26
2024-07-17T05:06:33.135693,9,3.050048828125,68.26
2024-07-17T05:06:33.160805,9,3.050048828125,68.26
2024-07-17T05:06:33.185942,9,3.050048828125,68.02
2024-07-17T05:06:33.211072,9,3.050048828125,68.02
2024-07-17T05:06:33.236246,9,3.050048828125,68.02
2024-07-17T05:06:33.261358,9,3.050048828125,68.02
2024-07-17T05:06:33.286477,9,3.050048828125,68.02
2024-07-17T05:06:33.311588,9,3.050048828125,68.02
2024-07-17T05:06:33.336719,9,3.050048828125,68.02
2024-07-17T05:06:33.361858,9,3.050048828125,68.02
2024-07-17T05:06:33.386970,9,3.050048828125,68.066
2024-07-17T05:06:33.412101,9,3.050048828125,68.066
2024-07-17T05:06:33.437221,9,3.050048828125,68.066
2024-07-17T05:06:33.462363,9,3.050048828125,68.066
2024-07-17T05:06:33.487474,9,3.050048828125,67.683
2024-07-17T05:06:33.512588,9,3.050048828125,67.683
2024-07-17T05:06:33.537709,9,3.050048828125,67.683
2024-07-17T05:06:33.562851,9,3.050048828125,67.683
2024-07-17T05:06:33.587970,9,3.050048828125,67.683
2024-07-17T05:06:33.613107,9,3.050048828125,67.683
2024-07-17T05:06:33.638219,9,3.050048828125,67.683
2024-07-17T05:06:33.663370,9,3.050048828125,67.683
2024-07-17T05:06:33.688554,9,3.050048828125,67.405
2024-07-17T05:06:33.713673,9,3.050048828125,67.405
2024-07-17T05:06:33.738785,9,3.050048828125,67.405
2024-07-17T05:06:33.763911,9,3.050048828125,67.405
2024-07-17T05:06:33.789027,9,3.050048828125,67.405
2024-07-17T05:06:33.814186,9,3.050048828125,65.794
2024-07-17T05:06:33.839310,9,3.050048828125,65.794
2024-07-17T05:06:33.864457,9,3.050048828125,65.794
2024-07-17T05:06:33.889602,9,3.050048828125,67.573
2024-07-17T05:06:33.914715,9,3.050048828125,67.573
2024-07-17T05:06:33.939839,9,3.050048828125,67.573
2024-07-17T05:06:33.964973,9,3.050048828125,67.573
2024-07-17T05:06:33.990084,9,3.050048828125,67.573
2024-07-17T05:06:34.015196,9,3.073486328125,68.013
2024-07-17T05:06:34.040318,9,3.104736328125,68.013
2024-07-17T05:06:34.065513,9,3.120361328125,68.013
2024-07-17T05:06:34.090662,9,3.137939453125,67.333
2024-07-17T05:06:34.115790,9,3.155517578125,67.333
2024-07-17T05:06:34.140859,9,3.175048828125,67.333
2024-07-17T05:06:34.166017,9,3.194580078125,67.333
2024-07-17T05:06:34.191208,9,3.216064453125,67.333
2024-07-17T05:06:34.216370,9,3.219970703125,67.567
2024-07-17T05:06:34.241501,9,3.219970703125,67.567
2024-07-17T05:06:34.266635,9,3.219970703125,67.567
2024-07-17T05:06:34.291769,9,3.219970703125,70.137
2024-07-17T05:06:34.316929,9,3.219970703125,70.137
2024-07-17T05:06:34.342072,14,3.219970703125,70.137
2024-07-17T05:06:34.367218,14,3.219970703125,70.137
2024-07-17T05:06:34.392349,14,3.219970703125,69.581
2024-07-17T05:06:34.417462,14,3.219970703125,69.581
2024-07-17T05:06:34.442635,14,3.219970703125,69.581
2024-07-17T05:06:34.467747,14,3.219970703125,69.581
2024-07-17T05:06:34.492872,14,3.219970703125,69.581
2024-07-17T05:06:34.517982,14,3.219970703125,69.579
2024-07-17T05:06:34.543117,16,3.219970703125,69.579
2024-07-17T05:06:34.568232,16,3.219970703125,69.579
2024-07-17T05:06:34.593384,16,3.219970703125,69.579
2024-07-17T05:06:34.618519,16,3.219970703125,69.333
2024-07-17T05:06:34.643673,16,3.219970703125,69.333
2024-07-17T05:06:34.668853,16,3.219970703125,69.333
2024-07-17T05:06:34.694005,16,3.219970703125,69.333
2024-07-17T05:06:34.719140,16,3.219970703125,67.087
2024-07-17T05:06:34.744292,12,3.219970703125,67.087
2024-07-17T05:06:34.769403,12,3.219970703125,67.087
2024-07-17T05:06:34.794527,12,3.219970703125,67.087
2024-07-17T05:06:34.819664,12,3.219970703125,67.087
2024-07-17T05:06:34.844789,12,3.219970703125,67.611
2024-07-17T05:06:34.869869,12,3.219970703125,67.611
2024-07-17T05:06:34.895003,12,3.219970703125,67.611
2024-07-17T05:06:34.920115,12,3.219970703125,66.921
2024-07-17T05:06:34.945229,10,3.219970703125,66.921
2024-07-17T05:06:34.970342,10,3.219970703125,66.921
2024-07-17T05:06:34.995467,10,3.219970703125,66.921
2024-07-17T05:06:35.020606,10,3.219970703125,66.921
2024-07-17T05:06:35.049933,10,3.221923828125,67.844
2024-07-17T05:06:35.075054,10,3.221923828125,67.844
2024-07-17T05:06:35.100183,10,3.221923828125,67.844
2024-07-17T05:06:35.125313,10,3.221923828125,70.033
2024-07-17T05:06:35.150459,10,3.221923828125,70.033
2024-07-17T05:06:35.175572,13,3.221923828125,70.033
2024-07-17T05:06:35.200685,13,3.221923828125,70.033
2024-07-17T05:06:35.225797,13,3.221923828125,70.033
2024-07-17T05:06:35.250925,13,3.221923828125,70.067
2024-07-17T05:06:35.276038,13,3.221923828125,70.067
2024-07-17T05:06:35.301154,13,3.221923828125,70.067
2024-07-17T05:06:35.326298,13,3.221923828125,69.785
2024-07-17T05:06:35.351411,13,3.221923828125,69.785
2024-07-17T05:06:35.376525,16,3.221923828125,69.785
2024-07-17T05:06:35.401699,16,3.221923828125,69.785
2024-07-17T05:06:35.426819,16,3.221923828125,69.508
2024-07-17T05:06:35.451940,16,3.221923828125,69.508
2024-07-17T05:06:35.482914,16,3.221923828125,69.508
2024-07-17T05:06:35.508074,16,3.221923828125,69.508
2024-07-17T05:06:35.533198,16,3.221923828125,67.592
2024-07-17T05:06:35.558336,16,3.221923828125,67.592
2024-07-17T05:06:35.583459,14,3.221923828125,67.592
2024-07-17T05:06:35.608613,14,3.221923828125,67.592
2024-07-17T05:06:35.633763,14,3.221923828125,67.592
2024-07-17T05:06:35.658909,14,3.221923828125,67.404
2024-07-17T05:06:35.684020,14,3.221923828125,67.404
2024-07-17T05:06:35.709160,14,3.221923828125,67.404
2024-07-17T05:06:35.734271,14,3.221923828125,68.014
2024-07-17T05:06:35.759396,14,3.221923828125,68.014
2024-07-17T05:06:35.784526,10,3.221923828125,68.014
2024-07-17T05:06:35.809639,10,3.221923828125,68.014
2024-07-17T05:06:35.834764,10,3.221923828125,68.014
2024-07-17T05:06:35.859922,10,3.221923828125,67.638
2024-07-17T05:06:35.885041,10,3.221923828125,67.638
2024-07-17T05:06:35.910181,10,3.221923828125,67.638
2024-07-17T05:06:35.935355,10,3.221923828125,67.638
2024-07-17T05:06:35.960467,10,3.221923828125,68.181
2024-07-17T05:06:35.985614,11,3.221923828125,68.181
2024-07-17T05:06:36.010769,11,3.221923828125,68.181
2024-07-17T05:06:36.035869,11,3.221923828125,68.181
2024-07-17T05:06:36.060982,11,3.221923828125,70.266
2024-07-17T05:06:36.086097,11,3.221923828125,70.266
2024-07-17T05:06:36.111264,11,3.221923828125,70.266
2024-07-17T05:06:36.136375,11,3.221923828125,70.266
2024-07-17T05:06:36.161501,11,3.221923828125,69.908
2024-07-17T05:06:36.186679,16,3.221923828125,69.908
2024-07-17T05:06:36.211859,16,3.221923828125,69.908
2024-07-17T05:06:36.236979,16,3.221923828125,69.908
2024-07-17T05:06:36.262111,16,3.221923828125,69.908
2024-07-17T05:06:36.287237,16,3.221923828125,69.535
2024-07-17T05:06:36.312354,16,3.221923828125,69.535
2024-07-17T05:06:36.337469,16,3.221923828125,69.535
2024-07-17T05:06:36.362632,16,3.221923828125,69.457
2024-07-17T05:06:36.387745,16,3.221923828125,69.457
2024-07-17T05:06:36.412860,15,3.221923828125,69.457
2024-07-17T05:06:36.437994,15,3.221923828125,69.457
2024-07-17T05:06:36.463125,15,3.221923828125,67.015
2024-07-17T05:06:36.488238,15,3.221923828125,67.015
2024-07-17T05:06:36.513349,15,3.221923828125,67.015
2024-07-17T05:06:36.538461,15,3.221923828125,67.015
2024-07-17T05:06:36.563595,15,3.221923828125,67.729
2024-07-17T05:06:36.588756,15,3.221923828125,67.729
2024-07-17T05:06:36.613896,10,3.221923828125,67.729
2024-07-17T05:06:36.639007,10,3.221923828125,67.729
2024-07-17T05:06:36.664148,10,3.221923828125,67.729
2024-07-17T05:06:36.689267,10,3.221923828125,67.281
2024-07-17T05:06:36.714388,10,3.221923828125,67.281
2024-07-17T05:06:36.739513,10,3.221923828125,67.281
2024-07-17T05:06:36.764641,10,3.221923828125,67.986
2024-07-17T05:06:36.789781,10,3.221923828125,67.986
2024-07-17T05:06:36.814869,10,3.221923828125,67.986
2024-07-17T05:06:36.840018,10,3.221923828125,67.986
2024-07-17T05:06:36.865129,10,3.221923828125,67.986
2024-07-17T05:06:36.890270,10,3.221923828125,70.2
2024-07-17T05:06:36.915385,10,3.221923828125,70.2
2024-07-17T05:06:36.940579,10,3.221923828125,70.2
2024-07-17T05:06:36.965703,10,3.221923828125,70.2
2024-07-17T05:06:36.990832,10,3.221923828125,70.491
2024-07-17T05:06:37.015959,16,3.221923828125,70.491
2024-07-17T05:06:37.041080,16,3.221923828125,70.491
2024-07-17T05:06:37.066203,16,3.221923828125,70.491
2024-07-17T05:06:37.091346,16,3.221923828125,69.508
2024-07-17T05:06:37.116540,16,3.221923828125,69.508
2024-07-17T05:06:37.141673,16,3.221923828125,69.508
2024-07-17T05:06:37.173874,16,3.221923828125,69.508
2024-07-17T05:06:37.198997,16,3.221923828125,69.508
2024-07-17T05:06:37.224117,16,3.221923828125,69.508
2024-07-17T05:06:37.249270,16,3.221923828125,69.508
2024-07-17T05:06:37.274381,16,3.221923828125,69.508
2024-07-17T05:06:37.299507,16,3.221923828125,67.529
2024-07-17T05:06:37.324629,16,3.221923828125,67.529
2024-07-17T05:06:37.349768,16,3.221923828125,67.529
2024-07-17T05:06:37.374859,16,3.221923828125,67.529
2024-07-17T05:06:37.399982,16,3.221923828125,67.529
2024-07-17T05:06:37.425142,10,3.221923828125,67.529
2024-07-17T05:06:37.450264,10,3.221923828125,67.529
2024-07-17T05:06:37.475377,10,3.221923828125,67.529
2024-07-17T05:06:37.500502,10,3.221923828125,67.483
2024-07-17T05:06:37.525616,10,3.221923828125,67.483
2024-07-17T05:06:37.550728,10,3.221923828125,67.483
2024-07-17T05:06:37.575891,10,3.221923828125,67.483
2024-07-17T05:06:37.601032,10,3.221923828125,67.689
2024-07-17T05:06:37.626152,10,3.221923828125,67.689
2024-07-17T05:06:37.651285,10,3.221923828125,67.689
2024-07-17T05:06:37.676466,10,3.221923828125,67.689
2024-07-17T05:06:37.701587,10,3.221923828125,67.689
2024-07-17T05:06:37.726702,10,3.221923828125,70.309
2024-07-17T05:06:37.751848,10,3.221923828125,70.309
2024-07-17T05:06:37.776980,10,3.221923828125,70.309
2024-07-17T05:06:37.802099,10,3.221923828125,69.896
2024-07-17T05:06:37.827225,10,3.221923828125,69.896
2024-07-17T05:06:37.852361,15,3.221923828125,69.896
2024-07-17T05:06:37.877487,15,3.221923828125,69.896
2024-07-17T05:06:37.902600,15,3.221923828125,69.896
2024-07-17T05:06:37.927713,15,3.221923828125,69.702
2024-07-17T05:06:37.952860,15,3.221923828125,69.702
2024-07-17T05:06:37.977981,15,3.221923828125,69.702
2024-07-17T05:06:38.003095,15,3.221923828125,69.216
2024-07-17T05:06:38.028211,15,3.221923828125,69.216
2024-07-17T05:06:38.053335,16,3.221923828125,69.216
2024-07-17T05:06:38.078446,16,3.221923828125,69.216
2024-07-17T05:06:38.103616,16,3.221923828125,69.216
2024-07-17T05:06:38.128744,16,3.221923828125,67.573
2024-07-17T05:06:38.153858,16,3.221923828125,67.573
2024-07-17T05:06:38.178999,16,3.221923828125,67.573
2024-07-17T05:06:38.204110,16,3.221923828125,67.573
2024-07-17T05:06:38.229223,16,3.221923828125,67.806
2024-07-17T05:06:38.254360,11,3.221923828125,67.806
2024-07-17T05:06:38.279474,11,3.221923828125,67.806
2024-07-17T05:06:38.304608,11,3.221923828125,67.806
2024-07-17T05:06:38.329747,11,3.221923828125,67.806
2024-07-17T05:06:38.354875,11,3.221923828125,67.385
2024-07-17T05:06:38.379990,11,3.221923828125,67.385
2024-07-17T05:06:38.405135,11,3.221923828125,67.385
2024-07-17T05:06:38.430247,11,3.221923828125,67.385
2024-07-17T05:06:38.455359,10,3.221923828125,67.96
2024-07-17T05:06:38.480484,10,3.221923828125,67.96
2024-07-17T05:06:38.505609,10,3.221923828125,67.96
2024-07-17T05:06:38.530771,10,3.221923828125,70.448
2024-07-17T05:06:38.555859,10,3.221923828125,70.448
2024-07-17T05:06:38.580971,10,3.221923828125,70.448
2024-07-17T05:06:38.606138,10,3.221923828125,70.448
2024-07-17T05:06:38.631285,10,3.221923828125,69.879
2024-07-17T05:06:38.656423,10,3.221923828125,69.879
2024-07-17T05:06:38.681552,14,3.221923828125,69.879
2024-07-17T05:06:38.706663,14,3.221923828125,69.879
2024-07-17T05:06:38.731785,14,3.221923828125,69.879
2024-07-17T05:06:38.756885,14,3.221923828125,69.702
2024-07-17T05:06:38.782018,14,3.221923828125,69.702
2024-07-17T05:06:38.807130,14,3.221923828125,69.702
2024-07-17T05:06:38.832245,14,3.221923828125,69.411
2024-07-17T05:06:38.857373,14,3.221923828125,69.411
2024-07-17T05:06:38.882522,16,3.221923828125,69.411
2024-07-17T05:06:38.907641,16,3.221923828125,69.411
2024-07-17T05:06:38.932773,16,3.221923828125,69.411
2024-07-17T05:06:38.957859,16,3.221923828125,67.184
2024-07-17T05:06:38.982972,16,3.221923828125,67.184
2024-07-17T05:06:39.008085,16,3.221923828125,67.184
2024-07-17T05:06:39.033196,16,3.221923828125,67.184
2024-07-17T05:06:39.058369,16,3.221923828125,67.618
2024-07-17T05:06:39.083481,13,3.221923828125,67.618
2024-07-17T05:06:39.108603,13,3.221923828125,67.618
2024-07-17T05:06:39.133714,13,3.221923828125,67.618
2024-07-17T05:06:39.158876,13,3.221923828125,67.184
2024-07-17T05:06:39.184004,13,3.221923828125,67.184
2024-07-17T05:06:39.209166,13,3.221923828125,67.184
2024-07-17T05:06:39.234315,13,3.221923828125,67.184
2024-07-17T05:06:39.259504,13,3.221923828125,67.735
2024-07-17T05:06:39.284636,10,3.221923828125,67.735
2024-07-17T05:06:39.309784,10,3.221923828125,67.735
2024-07-17T05:06:39.334877,10,3.221923828125,67.735
2024-07-17T05:06:39.359995,10,3.221923828125,67.735
2024-07-17T05:06:39.385131,10,3.221923828125,70.009
2024-07-17T05:06:39.410268,10,3.221923828125,70.009
2024-07-17T05:06:39.435389,10,3.221923828125,70.009
2024-07-17T05:06:39.460509,10,3.221923828125,70.009
2024-07-17T05:06:39.485655,12,3.221923828125,70.157
2024-07-17T05:06:39.510813,12,3.221923828125,70.157
2024-07-17T05:06:39.535946,12,3.221923828125,70.157
2024-07-17T05:06:39.561065,12,3.221923828125,69.341
2024-07-17T05:06:39.586177,12,3.221923828125,69.341
2024-07-17T05:06:39.611290,12,3.221923828125,69.341
2024-07-17T05:06:39.636411,12,3.221923828125,69.341
2024-07-17T05:06:39.661523,12,3.221923828125,69.559
2024-07-17T05:06:39.686635,12,3.221923828125,69.559
2024-07-17T05:06:39.711803,16,3.221923828125,69.559
2024-07-17T05:06:39.736924,16,3.221923828125,69.559
2024-07-17T05:06:39.762048,16,3.221923828125,69.559
2024-07-17T05:06:39.787173,16,3.221923828125,69.1
2024-07-17T05:06:39.812314,16,3.221923828125,69.1
2024-07-17T05:06:39.837468,16,3.221923828125,69.1
2024-07-17T05:06:39.862641,16,3.221923828125,67.404
2024-07-17T05:06:39.887785,16,3.221923828125,67.404
2024-07-17T05:06:39.912877,14,3.221923828125,67.404
2024-07-17T05:06:39.937987,14,3.221923828125,67.404
2024-07-17T05:06:39.963149,14,3.221923828125,67.404
2024-07-17T05:06:39.988311,14,3.221923828125,67.889
2024-07-17T05:06:40.013423,14,3.221923828125,67.889
2024-07-17T05:06:40.038555,14,3.221923828125,67.889
2024-07-17T05:06:40.063677,14,3.221923828125,67.889
2024-07-17T05:06:40.088839,14,3.221923828125,67.71
2024-07-17T05:06:40.113982,10,3.221923828125,67.71
2024-07-17T05:06:40.139141,10,3.221923828125,67.71
2024-07-17T05:06:40.164289,10,3.221923828125,67.71
2024-07-17T05:06:40.189401,10,3.221923828125,68.031
2024-07-17T05:06:40.214524,10,3.221923828125,68.031
2024-07-17T05:06:40.239649,10,3.221923828125,68.031
2024-07-17T05:06:40.264851,10,3.221923828125,68.031
2024-07-17T05:06:40.289971,10,3.221923828125,70.363
2024-07-17T05:06:40.315116,11,3.221923828125,70.363
2024-07-17T05:06:40.340227,11,3.221923828125,70.363
2024-07-17T05:06:40.365339,11,3.221923828125,70.363
2024-07-17T05:06:40.390479,11,3.221923828125,70.363
2024-07-17T05:06:40.415674,11,3.221923828125,69.852
2024-07-17T05:06:40.440807,11,3.221923828125,69.852
2024-07-17T05:06:40.465934,11,3.221923828125,69.852
2024-07-17T05:06:40.491067,11,3.221923828125,69.968
2024-07-17T05:06:40.516237,11,3.221923828125,69.968
2024-07-17T05:06:40.541349,16,3.221923828125,69.968
2024-07-17T05:06:40.566473,16,3.221923828125,69.968
2024-07-17T05:06:40.591586,16,3.221923828125,69.968
2024-07-17T05:06:40.616711,16,3.221923828125,69.404
2024-07-17T05:06:40.641851,16,3.221923828125,69.404
2024-07-17T05:06:40.666964,16,3.221923828125,69.404
2024-07-17T05:06:40.692097,16,3.221923828125,67.21
2024-07-17T05:06:40.717262,16,3.221923828125,67.21
2024-07-17T05:06:40.742427,15,3.221923828125,67.21
2024-07-17T05:06:40.767539,15,3.221923828125,67.21
2024-07-17T05:06:40.792683,15,3.221923828125,67.21
2024-07-17T05:06:40.817806,15,3.221923828125,67.115
2024-07-17T05:06:40.843010,15,3.221923828125,67.115
2024-07-17T05:06:40.868163,15,3.221923828125,67.115
2024-07-17T05:06:40.893276,15,3.221923828125,67.115
2024-07-17T05:06:40.918400,15,3.221923828125,67.115
2024-07-17T05:06:40.943564,10,3.221923828125,67.115
2024-07-17T05:06:40.968686,10,3.221923828125,67.115
2024-07-17T05:06:40.993806,10,3.221923828125,67.115
2024-07-17T05:06:41.018921,10,3.221923828125,70.047
2024-07-17T05:06:41.044078,10,3.221923828125,70.047
2024-07-17T05:06:41.069244,10,3.221923828125,70.047
2024-07-17T05:06:41.094357,10,3.221923828125,70.047
2024-07-17T05:06:41.119473,10,3.221923828125,70.047
2024-07-17T05:06:41.144634,10,3.221923828125,70.047
2024-07-17T05:06:41.169747,10,3.221923828125,70.047
2024-07-17T05:06:41.194868,10,3.221923828125,70.047
2024-07-17T05:06:41.220032,10,3.221923828125,70.047
2024-07-17T05:06:41.245145,10,3.221923828125,69.489
2024-07-17T05:06:41.270267,10,3.221923828125,69.489
2024-07-17T05:06:41.295405,10,3.221923828125,69.489
2024-07-17T05:06:41.320519,10,3.221923828125,69.489
2024-07-17T05:06:41.345655,16,3.221923828125,69.489
2024-07-17T05:06:41.370798,16,3.221923828125,69.489
2024-07-17T05:06:41.395912,16,3.221923828125,69.489
2024-07-17T05:06:41.421024,16,3.221923828125,69.889
2024-07-17T05:06:41.446137,16,3.221923828125,69.889
2024-07-17T05:06:41.471249,16,3.221923828125,69.889
2024-07-17T05:06:41.496361,16,3.221923828125,69.889
2024-07-17T05:06:41.521531,16,3.221923828125,67.818
2024-07-17T05:06:41.546691,16,3.221923828125,67.818
2024-07-17T05:06:41.571818,15,3.221923828125,67.818
2024-07-17T05:06:41.597003,15,3.221923828125,67.818
2024-07-17T05:06:41.622121,15,3.221923828125,67.818
2024-07-17T05:06:41.647272,15,3.221923828125,68.135
2024-07-17T05:06:41.672465,15,3.221923828125,68.135
2024-07-17T05:06:41.697586,15,3.221923828125,68.135
2024-07-17T05:06:41.722713,15,3.221923828125,67.334
2024-07-17T05:06:41.747839,15,3.221923828125,67.334
2024-07-17T05:06:41.772964,11,3.221923828125,67.334
2024-07-17T05:06:41.798079,11,3.221923828125,67.334
2024-07-17T05:06:41.823214,11,3.221923828125,67.334
2024-07-17T05:06:41.848327,11,3.221923828125,67.786
2024-07-17T05:06:41.873454,11,3.221923828125,67.786
2024-07-17T05:06:41.898571,11,3.221923828125,67.786
2024-07-17T05:06:41.923685,11,3.221923828125,67.786
2024-07-17T05:06:41.948840,11,3.221923828125,70.067
2024-07-17T05:06:41.973967,15,3.221923828125,70.067
2024-07-17T05:06:41.999117,15,3.221923828125,70.067
2024-07-17T05:06:42.024260,15,3.221923828125,70.067
2024-07-17T05:06:42.049398,15,3.221923828125,69.905
2024-07-17T05:06:42.074534,15,3.221923828125,69.905
2024-07-17T05:06:42.099661,15,3.221923828125,69.905
2024-07-17T05:06:42.124773,15,3.221923828125,69.905
2024-07-17T05:06:42.149860,15,3.221923828125,69.683
2024-07-17T05:06:42.174973,16,3.221923828125,69.683
2024-07-17T05:06:42.200108,16,3.221923828125,69.683
2024-07-17T05:06:42.225230,16,3.221923828125,69.683
2024-07-17T05:06:42.250367,16,3.221923828125,69.683
2024-07-17T05:06:42.275548,16,3.221923828125,69.244
2024-07-17T05:06:42.300670,16,3.221923828125,69.244
2024-07-17T05:06:42.325841,16,3.221923828125,69.244
2024-07-17T05:06:42.350963,16,3.221923828125,67.502
2024-07-17T05:06:42.376074,16,3.221923828125,67.502
2024-07-17T05:06:42.401196,11,3.221923828125,67.502
2024-07-17T05:06:42.426331,11,3.221923828125,67.502
2024-07-17T05:06:42.451442,11,3.221923828125,68.065
2024-07-17T05:06:42.476554,11,3.221923828125,68.065
2024-07-17T05:06:42.501700,11,3.221923828125,68.065
2024-07-17T05:06:42.526823,11,3.221923828125,68.065
2024-07-17T05:06:42.551977,11,3.221923828125,67.309
2024-07-17T05:06:42.577088,11,3.221923828125,67.309
2024-07-17T05:06:42.602229,8,3.221923828125,67.309
2024-07-17T05:06:42.627340,8,3.221923828125,67.309
2024-07-17T05:06:42.652452,8,3.221923828125,67.309
2024-07-17T05:06:42.677640,8,3.221923828125,68.057
2024-07-17T05:06:42.702778,8,3.221923828125,68.057
2024-07-17T05:06:42.727926,8,3.221923828125,68.057
2024-07-17T05:06:42.753052,8,3.221923828125,67.708
2024-07-17T05:06:42.778163,8,3.221923828125,67.708
2024-07-17T05:06:42.803297,9,3.221923828125,67.708
2024-07-17T05:06:42.828410,9,3.221923828125,67.708
2024-07-17T05:06:42.853522,9,3.221923828125,67.708
2024-07-17T05:06:42.878684,9,3.221923828125,68.135
2024-07-17T05:06:42.903805,9,3.221923828125,68.135
2024-07-17T05:06:42.928935,9,3.221923828125,68.135
2024-07-17T05:06:42.954046,9,3.221923828125,68.135
2024-07-17T05:06:42.979184,9,3.221923828125,67.657
2024-07-17T05:06:43.004297,9,3.221923828125,67.657
2024-07-17T05:06:43.029422,9,3.221923828125,67.657
2024-07-17T05:06:43.054625,9,3.221923828125,67.657
2024-07-17T05:06:43.079758,9,3.221923828125,67.657
2024-07-17T05:06:43.104934,9,3.221923828125,67.166
2024-07-17T05:06:43.130045,9,3.221923828125,67.166
2024-07-17T05:06:43.155231,9,3.221923828125,67.166
2024-07-17T05:06:43.180342,9,3.221923828125,67.537
2024-07-17T05:06:43.205463,9,3.221923828125,67.537
2024-07-17T05:06:43.230588,9,3.221923828125,67.537
2024-07-17T05:06:43.255710,9,3.221923828125,67.537
2024-07-17T05:06:43.280830,9,3.221923828125,67.537
2024-07-17T05:06:43.305985,9,3.221923828125,67.087
2024-07-17T05:06:43.331112,9,3.221923828125,67.087
2024-07-17T05:06:43.356255,9,3.221923828125,67.087
2024-07-17T05:06:43.381403,9,3.221923828125,67.612
2024-07-17T05:06:43.406522,8,3.221923828125,67.612
2024-07-17T05:06:43.431651,8,3.221923828125,67.612
2024-07-17T05:06:43.456771,8,3.221923828125,67.612
2024-07-17T05:06:43.481859,8,3.221923828125,66.99
2024-07-17T05:06:43.506980,8,3.221923828125,66.99
2024-07-17T05:06:43.532093,8,3.221923828125,66.99
2024-07-17T05:06:43.557206,8,3.221923828125,66.99
2024-07-17T05:06:43.582318,8,3.221923828125,67.844
2024-07-17T05:06:43.607432,8,3.221923828125,67.844
2024-07-17T05:06:43.632582,9,3.221923828125,67.844
2024-07-17T05:06:43.657753,9,3.221923828125,67.844
2024-07-17T05:06:43.682930,9,3.221923828125,67.844
2024-07-17T05:06:43.708052,9,3.221923828125,67.236
2024-07-17T05:06:43.733173,9,3.221923828125,67.236
2024-07-17T05:06:43.758306,9,3.221923828125,67.236
2024-07-17T05:06:43.783465,9,3.221923828125,67.236
2024-07-17T05:06:43.808604,9,3.221923828125,67.832
2024-07-17T05:06:43.833724,9,3.221923828125,67.832
2024-07-17T05:06:43.858860,9,3.221923828125,67.832
2024-07-17T05:06:43.883985,9,3.221923828125,67.832
2024-07-17T05:06:43.909103,9,3.221923828125,67.184
2024-07-17T05:06:43.934214,9,3.221923828125,67.184
2024-07-17T05:06:43.959347,9,3.221923828125,67.184
2024-07-17T05:06:43.984510,9,3.221923828125,67.184
2024-07-17T05:06:44.009631,9,3.221923828125,67.896
2024-07-17T05:06:44.034757,8,3.221923828125,67.896
2024-07-17T05:06:44.059860,8,3.221923828125,67.896
2024-07-17T05:06:44.084971,8,3.221923828125,67.896
2024-07-17T05:06:44.110094,8,3.221923828125,67.896
2024-07-17T05:06:44.135282,8,3.221923828125,67.184
2024-07-17T05:06:44.160393,8,3.221923828125,67.184
2024-07-17T05:06:44.185504,8,3.221923828125,67.184
2024-07-17T05:06:44.210618,8,3.221923828125,68.046
2024-07-17T05:06:44.235742,8,3.221923828125,68.046
2024-07-17T05:06:44.260859,8,3.221923828125,68.046
2024-07-17T05:06:44.285980,8,3.221923828125,68.046
2024-07-17T05:06:44.311092,8,3.221923828125,68.046
2024-07-17T05:06:44.336228,8,3.221923828125,67.346
2024-07-17T05:06:44.361401,8,3.221923828125,67.346
2024-07-17T05:06:44.386520,8,3.221923828125,67.346
2024-07-17T05:06:44.411632,8,3.221923828125,67.346
2024-07-17T05:06:44.436829,9,3.221923828125,68.232
2024-07-17T05:06:44.461992,9,3.221923828125,68.232
2024-07-17T05:06:44.487115,9,3.221923828125,68.232
2024-07-17T05:06:44.512229,9,3.221923828125,67.941
2024-07-17T05:06:44.537340,9,3.221923828125,67.941
2024-07-17T05:06:44.562452,9,3.221923828125,67.941
2024-07-17T05:06:44.587574,9,3.221923828125,67.941
2024-07-17T05:06:44.612717,9,3.221923828125,68.11
2024-07-17T05:06:44.637912,9,3.221923828125,68.11
2024-07-17T05:06:44.663071,9,3.221923828125,68.11
2024-07-17T05:06:44.688224,9,3.221923828125,68.11
2024-07-17T05:06:44.713335,9,3.221923828125,68.11
2024-07-17T05:06:44.738450,9,3.221923828125,68.26
2024-07-17T05:06:44.763578,9,3.221923828125,68.26
2024-07-17T05:06:44.788714,9,3.221923828125,68.26
2024-07-17T05:06:44.813825,9,3.221923828125,68.26
2024-07-17T05:06:44.838986,9,3.221923828125,68.26
2024-07-17T05:06:44.864097,8,3.221923828125,68.26
2024-07-17T05:06:44.889223,8,3.221923828125,68.26
2024-07-17T05:06:44.914402,8,3.221923828125,68.26
2024-07-17T05:06:44.939511,8,3.221923828125,67.405
2024-07-17T05:06:44.964650,8,3.221923828125,67.405
2024-07-17T05:06:44.989785,8,3.221923828125,67.405
2024-07-17T05:06:45.014873,8,3.221923828125,67.405
2024-07-17T05:06:45.039991,8,3.221923828125,67.405
2024-07-17T05:06:45.065103,9,3.221923828125,67.405
2024-07-17T05:06:45.090248,9,3.221923828125,67.405
2024-07-17T05:06:45.115360,9,3.221923828125,67.405
2024-07-17T05:06:45.140487,9,3.221923828125,67.405
2024-07-17T05:06:45.165599,9,3.221923828125,67.184
2024-07-17T05:06:45.190750,9,3.221923828125,67.184
2024-07-17T05:06:45.215911,9,3.221923828125,67.184
2024-07-17T05:06:45.241022,9,3.221923828125,67.184
2024-07-17T05:06:45.266166,9,3.221923828125,67.184
2024-07-17T05:06:45.291292,9,3.221923828125,67.184
2024-07-17T05:06:45.316404,9,3.221923828125,67.184
2024-07-17T05:06:45.341527,9,3.221923828125,67.184
2024-07-17T05:06:45.453449,9,3.221923828125,67.016
2024-07-17T05:06:45.478635,7,3.221923828125,64.092
2024-07-17T05:06:45.503816,7,3.221923828125,64.092
2024-07-17T05:06:45.528948,7,3.221923828125,64.092
2024-07-17T05:06:45.554074,7,3.221923828125,67.779
2024-07-17T05:06:45.579201,7,3.221923828125,67.779
2024-07-17T05:06:45.604331,7,3.221923828125,67.779
2024-07-17T05:06:45.629456,7,3.221923828125,67.779
2024-07-17T05:06:45.654568,7,3.221923828125,66.893
2024-07-17T05:06:45.679694,7,3.221923828125,66.893
2024-07-17T05:06:45.704821,5,3.221923828125,66.893
2024-07-17T05:06:45.729963,5,3.221923828125,66.893
2024-07-17T05:06:45.755084,5,3.221923828125,66.893
2024-07-17T05:06:45.780236,5,3.221923828125,67.709
2024-07-17T05:06:45.805347,5,3.221923828125,67.709
2024-07-17T05:06:45.830527,5,3.221923828125,67.709
2024-07-17T05:06:45.855639,5,3.221923828125,66.921
2024-07-17T05:06:45.880751,5,3.221923828125,66.921
2024-07-17T05:06:45.905944,8,3.221923828125,66.921
2024-07-17T05:06:45.931066,8,3.221923828125,66.921
2024-07-17T05:06:45.956205,8,3.221923828125,66.921
2024-07-17T05:06:45.981398,8,3.221923828125,67.863
2024-07-17T05:06:46.006510,8,3.221923828125,67.863
2024-07-17T05:06:46.031658,8,3.221923828125,67.863
2024-07-17T05:06:46.056770,8,3.221923828125,67.863
2024-07-17T05:06:46.081859,8,3.221923828125,67.191
2024-07-17T05:06:46.106977,8,3.221923828125,67.191
2024-07-17T05:06:46.132088,8,3.221923828125,67.191
2024-07-17T05:06:46.157233,8,3.221923828125,67.191
2024-07-17T05:06:46.182432,8,3.221923828125,67.889
2024-07-17T05:06:46.207559,8,3.221923828125,67.889
2024-07-17T05:06:46.232689,8,3.221923828125,67.889
2024-07-17T05:06:46.257884,8,3.221923828125,67.889
2024-07-17T05:06:46.282995,8,3.221923828125,67.018
2024-07-17T05:06:46.308130,9,3.221923828125,67.018
2024-07-17T05:06:46.333242,9,3.221923828125,67.018
2024-07-17T05:06:46.358355,9,3.221923828125,67.018
2024-07-17T05:06:46.383468,9,3.221923828125,67.018
2024-07-17T05:06:46.408590,9,3.221923828125,67.638
2024-07-17T05:06:46.433703,9,3.221923828125,67.638
2024-07-17T05:06:46.458827,9,3.221923828125,67.638
2024-07-17T05:06:46.483941,9,3.221923828125,67.638
2024-07-17T05:06:46.509090,8,3.221923828125,67.191
2024-07-17T05:06:46.534220,8,3.221923828125,67.191
2024-07-17T05:06:46.559374,8,3.221923828125,67.191
2024-07-17T05:06:46.584557,8,3.221923828125,67.968
2024-07-17T05:06:46.609727,8,3.221923828125,67.968
2024-07-17T05:06:46.634839,8,3.221923828125,67.968
2024-07-17T05:06:46.659953,8,3.221923828125,67.968
2024-07-17T05:06:46.685074,8,3.221923828125,67.309
2024-07-17T05:06:46.710203,8,3.221923828125,67.309
2024-07-17T05:06:46.735315,9,3.221923828125,67.309
2024-07-17T05:06:46.760441,9,3.221923828125,67.309
2024-07-17T05:06:46.785562,9,3.221923828125,67.309
2024-07-17T05:06:46.810674,9,3.221923828125,67.941
2024-07-17T05:06:46.835786,9,3.221923828125,67.941
2024-07-17T05:06:46.860978,9,3.221923828125,67.941
2024-07-17T05:06:46.886094,9,3.221923828125,67.599
2024-07-17T05:06:46.911217,9,3.221923828125,67.599
2024-07-17T05:06:46.936344,9,3.221923828125,67.599
2024-07-17T05:06:46.961469,9,3.221923828125,67.599
2024-07-17T05:06:46.986597,9,3.221923828125,67.599
2024-07-17T05:06:47.011720,9,3.221923828125,68.057
2024-07-17T05:06:47.036841,9,3.221923828125,68.057
2024-07-17T05:06:47.061972,9,3.221923828125,68.057
2024-07-17T05:06:47.087120,9,3.221923828125,68.057
2024-07-17T05:06:47.112244,9,3.221923828125,67.462
2024-07-17T05:06:47.137447,8,3.221923828125,67.462
2024-07-17T05:06:47.162578,8,3.221923828125,67.462
2024-07-17T05:06:47.187712,8,3.221923828125,67.462
2024-07-17T05:06:47.212861,8,3.221923828125,67.462
2024-07-17T05:06:47.237970,8,3.221923828125,68.046
2024-07-17T05:06:47.263161,8,3.221923828125,68.046
2024-07-17T05:06:47.288283,8,3.221923828125,68.046
2024-07-17T05:06:47.313396,8,3.221923828125,67.599
2024-07-17T05:06:47.338520,9,3.221923828125,67.599
2024-07-17T05:06:47.363708,9,3.221923828125,67.599
2024-07-17T05:06:47.388831,9,3.221923828125,67.599
2024-07-17T05:06:47.413957,9,3.221923828125,67.042
2024-07-17T05:06:47.439068,9,3.221923828125,67.042
2024-07-17T05:06:47.464190,9,3.221923828125,67.042
2024-07-17T05:06:47.489313,9,3.221923828125,67.042
2024-07-17T05:06:47.514461,9,3.221923828125,67.548
2024-07-17T05:06:47.539589,9,3.221923828125,67.548
2024-07-17T05:06:47.564701,9,3.221923828125,67.548
2024-07-17T05:06:47.589830,9,3.221923828125,67.548
2024-07-17T05:06:47.614944,9,3.221923828125,67.548
2024-07-17T05:06:47.640056,9,3.221923828125,66.972
2024-07-17T05:06:47.665220,9,3.221923828125,66.972
2024-07-17T05:06:47.690359,9,3.221923828125,66.972
2024-07-17T05:06:47.715523,9,3.221923828125,67.825
2024-07-17T05:06:47.740689,9,3.221923828125,67.825
2024-07-17T05:06:47.765860,9,3.221923828125,67.825
2024-07-17T05:06:47.790986,9,3.221923828125,67.825
2024-07-17T05:06:47.816109,9,3.221923828125,67.825
2024-07-17T05:06:47.841223,9,3.221923828125,66.945
2024-07-17T05:06:47.866378,9,3.221923828125,66.945
2024-07-17T05:06:47.891490,9,3.221923828125,66.945
2024-07-17T05:06:47.916660,9,3.221923828125,66.945
2024-07-17T05:06:47.941808,9,3.221923828125,67.762
2024-07-17T05:06:47.966921,9,3.221923828125,67.762
2024-07-17T05:06:47.992031,9,3.221923828125,67.762
2024-07-17T05:06:48.017150,9,3.221923828125,67.762
2024-07-17T05:06:48.042277,9,3.221923828125,66.863
2024-07-17T05:06:48.067389,9,3.221923828125,66.863
2024-07-17T05:06:48.092503,9,3.221923828125,66.863
2024-07-17T05:06:48.117638,9,3.221923828125,66.863
2024-07-17T05:06:48.142749,9,3.221923828125,68.013
2024-07-17T05:06:48.167870,9,3.221923828125,68.013
2024-07-17T05:06:48.192981,9,3.221923828125,68.013
2024-07-17T05:06:48.218199,9,3.221923828125,68.013
2024-07-17T05:06:48.243383,9,3.221923828125,68.013
2024-07-17T05:06:48.268533,9,3.221923828125,67.115
2024-07-17T05:06:48.293655,9,3.221923828125,67.115
2024-07-17T05:06:48.318769,9,3.221923828125,67.115
2024-07-17T05:06:48.343859,9,3.221923828125,68.252
2024-07-17T05:06:48.368981,9,3.221923828125,68.252
2024-07-17T05:06:48.394093,9,3.221923828125,68.252
2024-07-17T05:06:48.419220,9,3.221923828125,68.252
2024-07-17T05:06:48.444354,9,3.221923828125,67.087
2024-07-17T05:06:48.469476,9,3.221923828125,67.087
2024-07-17T05:06:48.494665,9,3.221923828125,67.087
2024-07-17T05:06:48.519799,9,3.221923828125,67.087
2024-07-17T05:06:48.544912,9,3.221923828125,67.916
2024-07-17T05:06:48.570034,9,3.221923828125,67.916
2024-07-17T05:06:48.595145,9,3.221923828125,67.916
2024-07-17T05:06:48.620257,9,3.221923828125,67.916
2024-07-17T05:06:48.645400,9,3.221923828125,67.916
2024-07-17T05:06:48.670580,9,3.221923828125,67.747
2024-07-17T05:06:48.695739,9,3.221923828125,67.747
2024-07-17T05:06:48.720854,9,3.221923828125,67.747
2024-07-17T05:06:48.745996,9,3.221923828125,67.747
2024-07-17T05:06:48.771143,9,3.221923828125,67.747
2024-07-17T05:06:48.796262,9,3.221923828125,67.747
2024-07-17T05:06:48.821400,9,3.221923828125,67.747
2024-07-17T05:06:48.846519,9,3.221923828125,67.747
2024-07-17T05:06:48.871633,9,3.221923828125,67.986
2024-07-17T05:06:48.896754,9,3.221923828125,67.986
2024-07-17T05:06:48.921874,9,3.221923828125,67.986
2024-07-17T05:06:48.946986,9,3.221923828125,67.986
2024-07-17T05:06:48.972113,9,3.221923828125,67.986
2024-07-17T05:06:48.997315,9,3.221923828125,67.986
2024-07-17T05:06:49.022435,9,3.221923828125,67.986
2024-07-17T05:06:49.047567,9,3.221923828125,67.986
2024-07-17T05:06:49.072679,9,3.221923828125,67.916
2024-07-17T05:06:49.097793,9,3.221923828125,67.916
2024-07-17T05:06:49.122860,9,3.221923828125,67.916
2024-07-17T05:06:49.148027,9,3.221923828125,67.916
2024-07-17T05:06:49.173149,9,3.221923828125,67.567
2024-07-17T05:06:49.198283,9,3.221923828125,67.567
2024-07-17T05:06:49.223452,9,3.221923828125,67.567
2024-07-17T05:06:49.248612,9,3.221923828125,67.567
2024-07-17T05:06:49.273738,9,3.221923828125,67.567
2024-07-17T05:06:49.298869,9,3.221923828125,68.26
2024-07-17T05:06:49.323994,9,3.221923828125,68.26
2024-07-17T05:06:49.349120,9,3.221923828125,68.26
2024-07-17T05:06:49.374230,9,3.221923828125,67.762
2024-07-17T05:06:49.399342,8,3.221923828125,67.762
2024-07-17T05:06:49.424481,8,3.221923828125,67.762
2024-07-17T05:06:49.449644,8,3.221923828125,67.762
2024-07-17T05:06:49.474788,8,3.221923828125,67.762
2024-07-17T05:06:49.499866,8,3.221923828125,66.964
2024-07-17T05:06:49.525041,8,3.221923828125,66.964
2024-07-17T05:06:49.550166,8,3.221923828125,66.964
2024-07-17T05:06:49.575367,8,3.221923828125,67.754
2024-07-17T05:06:49.600486,8,3.221923828125,67.754
2024-07-17T05:06:49.625659,8,3.221923828125,67.754
2024-07-17T05:06:49.650831,8,3.221923828125,67.754
2024-07-17T05:06:49.675990,8,3.221923828125,67.754
2024-07-17T05:06:49.701111,8,3.221923828125,67.069
2024-07-17T05:06:49.726239,8,3.221923828125,67.069
2024-07-17T05:06:49.751362,8,3.221923828125,67.069
2024-07-17T05:06:49.776489,8,3.221923828125,67.612
2024-07-17T05:06:49.801600,8,3.221923828125,67.612
2024-07-17T05:06:49.826737,9,3.221923828125,67.612
2024-07-17T05:06:49.851911,9,3.221923828125,67.612
2024-07-17T05:06:49.877034,9,3.221923828125,67.612
2024-07-17T05:06:49.902206,9,3.221923828125,67.106
2024-07-17T05:06:49.927337,9,3.221923828125,67.106
2024-07-17T05:06:49.952459,9,3.221923828125,67.106
2024-07-17T05:06:49.977612,9,3.221923828125,67.106
2024-07-17T05:06:50.002751,9,3.221923828125,67.735
2024-07-17T05:06:50.027861,9,3.221923828125,67.735
2024-07-17T05:06:50.053017,9,3.221923828125,67.735
2024-07-17T05:06:50.078127,9,3.221923828125,67.735
2024-07-17T05:06:50.103274,9,3.221923828125,67.042
2024-07-17T05:06:50.128440,9,3.221923828125,67.042
2024-07-17T05:06:50.153582,9,3.221923828125,67.042
2024-07-17T05:06:50.178738,9,3.221923828125,67.042
2024-07-17T05:06:50.203853,9,3.221923828125,67.747
2024-07-17T05:06:50.228993,9,3.221923828125,67.747
2024-07-17T05:06:50.254127,9,3.221923828125,67.747
2024-07-17T05:06:50.279239,9,3.221923828125,67.747
2024-07-17T05:06:50.304375,9,3.221923828125,67.747
2024-07-17T05:06:50.329486,9,3.221923828125,67.069
2024-07-17T05:06:50.354598,9,3.221923828125,67.069
2024-07-17T05:06:50.379721,9,3.221923828125,67.069
2024-07-17T05:06:50.404849,9,3.221923828125,67.871
2024-07-17T05:06:50.429974,8,3.221923828125,67.871
2024-07-17T05:06:50.455109,8,3.221923828125,67.871
2024-07-17T05:06:50.480257,8,3.221923828125,67.871
2024-07-17T05:06:50.505379,8,3.221923828125,67.288
2024-07-17T05:06:50.530502,8,3.221923828125,67.288
2024-07-17T05:06:50.555626,8,3.221923828125,67.288
2024-07-17T05:06:50.580752,8,3.221923828125,67.288
2024-07-17T05:06:50.605871,8,3.221923828125,67.896
2024-07-17T05:06:50.630981,8,3.221923828125,67.896
2024-07-17T05:06:50.656103,8,3.221923828125,67.896
2024-07-17T05:06:50.681274,8,3.221923828125,67.896
2024-07-17T05:06:50.706406,8,3.221923828125,67.896
2024-07-17T05:06:50.731517,8,3.221923828125,67.352
2024-07-17T05:06:50.756640,8,3.221923828125,67.352
2024-07-17T05:06:50.781824,8,3.221923828125,67.352
2024-07-17T05:06:50.806958,8,3.221923828125,67.793
2024-07-17T05:06:50.832089,8,3.221923828125,67.793
2024-07-17T05:06:50.857209,9,3.221923828125,67.793
2024-07-17T05:06:50.882345,9,3.221923828125,67.793
2024-07-17T05:06:50.907456,9,3.221923828125,67.793
2024-07-17T05:06:50.932645,9,3.221923828125,67.236
2024-07-17T05:06:50.957791,9,3.221923828125,67.236
2024-07-17T05:06:50.982860,9,3.221923828125,67.236
2024-07-17T05:06:51.007995,9,3.221923828125,67.236
2024-07-17T05:06:51.033132,9,3.221923828125,68.225
2024-07-17T05:06:51.058243,8,3.221923828125,68.225
2024-07-17T05:06:51.083369,8,3.221923828125,68.225
2024-07-17T05:06:51.108481,8,3.221923828125,68.225
2024-07-17T05:06:51.133604,8,3.221923828125,68.225
2024-07-17T05:06:51.158725,8,3.221923828125,67.611
2024-07-17T05:06:51.183838,8,3.221923828125,67.611
2024-07-17T05:06:51.208964,8,3.221923828125,67.611
2024-07-17T05:06:51.234147,8,3.221923828125,67.987
2024-07-17T05:06:51.259272,9,3.221923828125,67.987
2024-07-17T05:06:51.284392,9,3.221923828125,67.987
2024-07-17T05:06:51.309503,9,3.221923828125,67.987
2024-07-17T05:06:51.334626,9,3.221923828125,67.987
2024-07-17T05:06:51.359738,9,3.221923828125,67.638
2024-07-17T05:06:51.384861,9,3.221923828125,67.638
2024-07-17T05:06:51.409970,9,3.221923828125,67.638
2024-07-17T05:06:51.435129,9,3.221923828125,67.638
2024-07-17T05:06:51.460241,8,3.221923828125,68.108
2024-07-17T05:06:51.485477,8,3.221923828125,68.108
2024-07-17T05:06:51.510613,8,3.221923828125,68.108
2024-07-17T05:06:51.535784,8,3.221923828125,67.708
2024-07-17T05:06:51.560925,8,3.221923828125,67.708
2024-07-17T05:06:51.586062,8,3.221923828125,67.708
2024-07-17T05:06:51.611217,8,3.221923828125,67.708
2024-07-17T05:06:51.636380,8,3.221923828125,67.115
2024-07-17T05:06:51.661492,8,3.221923828125,67.115
2024-07-17T05:06:51.686611,9,3.221923828125,67.115
2024-07-17T05:06:51.711749,9,3.221923828125,67.115
2024-07-17T05:06:51.736867,9,3.221923828125,67.115
2024-07-17T05:06:51.762005,9,3.221923828125,67.638
2024-07-17T05:06:51.787172,9,3.221923828125,67.638
2024-07-17T05:06:51.812352,9,3.221923828125,67.638
2024-07-17T05:06:51.837472,9,3.221923828125,67.638
2024-07-17T05:06:51.862623,9,3.221923828125,67.191
2024-07-17T05:06:51.887736,9,3.221923828125,67.191
2024-07-17T05:06:51.912896,9,3.221923828125,67.191
2024-07-17T05:06:51.938008,9,3.221923828125,67.191
2024-07-17T05:06:51.963154,9,3.221923828125,67.842
2024-07-17T05:06:51.988274,9,3.221923828125,67.842
2024-07-17T05:06:52.013429,9,3.221923828125,67.842
2024-07-17T05:06:52.038541,9,3.221923828125,67.842
2024-07-17T05:06:52.063666,9,3.221923828125,67.236
2024-07-17T05:06:52.088799,9,3.221923828125,67.236
2024-07-17T05:06:52.113916,9,3.221923828125,67.236
2024-07-17T05:06:52.139039,9,3.221923828125,67.236
2024-07-17T05:06:52.164171,9,3.221923828125,67.236
2024-07-17T05:06:52.189292,9,3.221923828125,66.99
2024-07-17T05:06:52.214419,9,3.221923828125,66.99
2024-07-17T05:06:52.239546,9,3.221923828125,66.99
2024-07-17T05:06:52.264717,9,3.221923828125,66.99
2024-07-17T05:06:52.289836,9,3.221923828125,66.99
2024-07-17T05:06:52.314955,9,3.221923828125,66.99
2024-07-17T05:06:52.340088,9,3.221923828125,66.99
2024-07-17T05:06:52.365230,9,3.221923828125,66.99
2024-07-17T05:06:52.390397,9,3.221923828125,67.061
2024-07-17T05:06:52.415518,9,3.221923828125,67.061
2024-07-17T05:06:52.440663,9,3.221923828125,67.061
2024-07-17T05:06:52.465785,9,3.221923828125,67.061
2024-07-17T05:06:52.490889,9,3.221923828125,67.754
2024-07-17T05:06:52.516030,9,3.221923828125,67.754
2024-07-17T05:06:52.541182,9,3.221923828125,67.754
2024-07-17T05:06:52.566294,9,3.221923828125,67.754
2024-07-17T05:06:52.591425,9,3.221923828125,67.754
2024-07-17T05:06:52.616568,9,3.221923828125,67.754
2024-07-17T05:06:52.641707,9,3.221923828125,67.754
2024-07-17T05:06:52.666819,9,3.221923828125,67.378
2024-07-17T05:06:52.691987,9,3.221923828125,67.378
2024-07-17T05:06:52.717128,9,3.221923828125,67.378
2024-07-17T05:06:52.742240,9,3.221923828125,67.378
2024-07-17T05:06:52.767379,9,3.221923828125,67.378
2024-07-17T05:06:52.792527,9,3.221923828125,67.158
2024-07-17T05:06:52.817705,9,3.221923828125,67.158
2024-07-17T05:06:52.842816,9,3.221923828125,67.158
2024-07-17T05:06:52.867930,9,3.221923828125,67.158
2024-07-17T05:06:52.893061,9,3.221923828125,67.8
2024-07-17T05:06:52.918173,9,3.221923828125,67.8
2024-07-17T05:06:52.943286,9,3.221923828125,67.8
2024-07-17T05:06:52.968408,9,3.221923828125,67.8
2024-07-17T05:06:52.993532,9,3.221923828125,67.8
2024-07-17T05:06:53.018646,9,3.221923828125,67.361
2024-07-17T05:06:53.043767,9,3.221923828125,67.361
2024-07-17T05:06:53.068860,9,3.221923828125,67.361
2024-07-17T05:06:53.093991,9,3.221923828125,67.915
2024-07-17T05:06:53.119153,9,3.221923828125,67.915
2024-07-17T05:06:53.144265,9,3.221923828125,67.915
2024-07-17T05:06:53.169388,9,3.221923828125,67.915
2024-07-17T05:06:53.194516,9,3.221923828125,67.915
2024-07-17T05:06:53.219710,9,3.221923828125,67.476
2024-07-17T05:06:53.244868,9,3.221923828125,67.476
2024-07-17T05:06:53.270041,9,3.221923828125,67.476
2024-07-17T05:06:53.295160,9,3.221923828125,68.11
2024-07-17T05:06:53.320294,9,3.221923828125,68.11
2024-07-17T05:06:53.345471,9,3.221923828125,68.11
2024-07-17T05:06:53.370583,9,3.221923828125,68.11
2024-07-17T05:06:53.395718,9,3.221923828125,68.11
2024-07-17T05:06:53.420890,9,3.221923828125,67.529
2024-07-17T05:06:53.446016,9,3.221923828125,67.529
2024-07-17T05:06:53.471164,9,3.221923828125,67.529
2024-07-17T05:06:53.496283,9,3.221923828125,67.786
2024-07-17T05:06:53.521396,9,3.221923828125,67.786
2024-07-17T05:06:53.546510,8,3.221923828125,67.786
2024-07-17T05:06:53.571682,8,3.221923828125,67.786
2024-07-17T05:06:53.596794,8,3.221923828125,67.786
2024-07-17T05:06:53.621942,8,3.221923828125,67.683
2024-07-17T05:06:53.647085,8,3.221923828125,67.683
2024-07-17T05:06:53.672210,8,3.221923828125,67.683
2024-07-17T05:06:53.697341,8,3.221923828125,67.193
2024-07-17T05:06:53.722469,8,3.221923828125,67.193
2024-07-17T05:06:53.747629,9,3.221923828125,67.193
2024-07-17T05:06:53.772783,9,3.221923828125,67.193
2024-07-17T05:06:53.797868,9,3.221923828125,67.193
2024-07-17T05:06:53.822991,9,3.221923828125,67.766
2024-07-17T05:06:53.848119,9,3.221923828125,67.766
2024-07-17T05:06:53.873254,9,3.221923828125,67.766
2024-07-17T05:06:53.898366,9,3.221923828125,67.766
2024-07-17T05:06:53.923479,9,3.221923828125,67.016
2024-07-17T05:06:53.948592,8,3.221923828125,67.016
2024-07-17T05:06:53.973705,8,3.221923828125,67.016
2024-07-17T05:06:53.998819,8,3.221923828125,67.016
2024-07-17T05:06:54.023983,8,3.221923828125,67.016
2024-07-17T05:06:54.049096,8,3.221923828125,67.69
2024-07-17T05:06:54.074236,8,3.221923828125,67.69
2024-07-17T05:06:54.099363,8,3.221923828125,67.69
2024-07-17T05:06:54.124544,8,3.221923828125,67.018
2024-07-17T05:06:54.149694,9,3.221923828125,67.018
2024-07-17T05:06:54.174806,9,3.221923828125,67.018
2024-07-17T05:06:54.199947,9,3.221923828125,67.018
2024-07-17T05:06:54.225084,9,3.221923828125,67.018
2024-07-17T05:06:54.250205,9,3.221923828125,67.844
2024-07-17T05:06:54.275364,9,3.221923828125,67.844
2024-07-17T05:06:54.300487,9,3.221923828125,67.844
2024-07-17T05:06:54.325611,9,3.221923828125,67.094
2024-07-17T05:06:54.350734,9,3.221923828125,67.094
2024-07-17T05:06:54.375857,9,3.221923828125,67.094
2024-07-17T05:06:54.400968,9,3.221923828125,67.094
2024-07-17T05:06:54.426124,9,3.221923828125,67.916
2024-07-17T05:06:54.451261,9,3.221923828125,67.916
2024-07-17T05:06:54.476388,9,3.221923828125,67.916
2024-07-17T05:06:54.501556,9,3.221923828125,67.916
2024-07-17T05:06:54.526685,9,3.221923828125,67.139
2024-07-17T05:06:54.551805,9,3.221923828125,67.139
2024-07-17T05:06:54.576920,9,3.221923828125,67.139
2024-07-17T05:06:54.602067,9,3.221923828125,67.139
2024-07-17T05:06:54.627214,9,3.221923828125,67.139
2024-07-17T05:06:54.652325,9,3.221923828125,67.851
2024-07-17T05:06:54.677497,9,3.221923828125,67.851
2024-07-17T05:06:54.702621,9,3.221923828125,67.851
2024-07-17T05:06:54.727778,9,3.221923828125,67.851
2024-07-17T05:06:54.752868,9,3.221923828125,67.288
2024-07-17T05:06:54.777978,8,3.221923828125,67.288
2024-07-17T05:06:54.803127,8,3.221923828125,67.288
2024-07-17T05:06:54.828249,8,3.221923828125,67.288
2024-07-17T05:06:54.853424,8,3.221923828125,67.933
2024-07-17T05:06:54.878589,8,3.221923828125,67.933
2024-07-17T05:06:54.903701,8,3.221923828125,67.933
2024-07-17T05:06:54.928851,8,3.221923828125,67.933
2024-07-17T05:06:54.953972,8,3.221923828125,67.45
2024-07-17T05:06:54.979095,8,3.221923828125,67.45
2024-07-17T05:06:55.004207,8,3.221923828125,67.45
2024-07-17T05:06:55.029319,8,3.221923828125,67.45
2024-07-17T05:06:55.054442,8,3.221923828125,67.45
2024-07-17T05:06:55.079572,8,3.221923828125,68.162
2024-07-17T05:06:55.104692,8,3.221923828125,68.162
2024-07-17T05:06:55.129805,8,3.221923828125,68.162
2024-07-17T05:06:55.154936,8,3.221923828125,67.529
2024-07-17T05:06:55.180113,8,3.221923828125,67.529
2024-07-17T05:06:55.205244,9,3.221923828125,67.529
2024-07-17T05:06:55.230354,9,3.221923828125,67.529
2024-07-17T05:06:55.255519,9,3.221923828125,67.529
2024-07-17T05:06:55.280697,9,3.221923828125,68.038
2024-07-17T05:06:55.305856,9,3.221923828125,68.038
2024-07-17T05:06:55.330991,9,3.221923828125,68.038
2024-07-17T05:06:55.356118,9,3.221923828125,67.529
2024-07-17T05:06:55.381237,9,3.221923828125,67.529
2024-07-17T05:06:55.406356,8,3.221923828125,67.529
2024-07-17T05:06:55.431491,8,3.221923828125,67.529
2024-07-17T05:06:55.456644,8,3.221923828125,67.871
2024-07-17T05:06:55.481765,8,3.221923828125,67.871
2024-07-17T05:06:55.506859,8,3.221923828125,67.871
2024-07-17T05:06:55.532014,8,3.221923828125,67.871
2024-07-17T05:06:55.557124,8,3.221923828125,67.665
2024-07-17T05:06:55.582244,8,3.221923828125,67.665
2024-07-17T05:06:55.607357,8,3.221923828125,67.665
2024-07-17T05:06:55.632482,8,3.221923828125,67.665
2024-07-17T05:06:55.657600,8,3.221923828125,67.665
2024-07-17T05:06:55.682753,8,3.221923828125,67.986
2024-07-17T05:06:55.707906,8,3.221923828125,67.986
2024-07-17T05:06:55.733018,8,3.221923828125,67.986
2024-07-17T05:06:55.758217,8,3.221923828125,67.986
2024-07-17T05:06:55.783355,8,3.221923828125,67.69
2024-07-17T05:06:55.808493,8,3.221923828125,67.69
2024-07-17T05:06:55.833605,8,3.221923828125,67.69
2024-07-17T05:06:55.858731,8,3.221923828125,67.69
2024-07-17T05:06:55.883856,8,3.221923828125,67.069
2024-07-17T05:06:55.908988,8,3.221923828125,67.069
2024-07-17T05:06:55.934121,8,3.221923828125,67.069
2024-07-17T05:06:55.959243,8,3.221923828125,67.069
2024-07-17T05:06:55.984382,8,3.221923828125,67.941
2024-07-17T05:06:56.009506,9,3.221923828125,67.941
2024-07-17T05:06:56.034618,9,3.221923828125,67.941
2024-07-17T05:06:56.059779,9,3.221923828125,67.941
2024-07-17T05:06:56.084859,9,3.221923828125,67.941
2024-07-17T05:06:56.110001,9,3.221923828125,67.665
2024-07-17T05:06:56.135142,9,3.221923828125,67.665
2024-07-17T05:06:56.160263,9,3.221923828125,67.665
2024-07-17T05:06:56.185392,9,3.221923828125,67.665
2024-07-17T05:06:56.210532,9,3.221923828125,67.665
2024-07-17T05:06:56.235666,8,3.221923828125,67.665
2024-07-17T05:06:56.260793,8,3.221923828125,67.665
2024-07-17T05:06:56.285904,8,3.221923828125,67.665
2024-07-17T05:06:56.311041,8,3.221923828125,67.573
2024-07-17T05:06:56.336174,8,3.221923828125,67.573
2024-07-17T05:06:56.361293,8,3.221923828125,67.573
2024-07-17T05:06:56.386467,8,3.221923828125,67.573
2024-07-17T05:06:56.411589,9,3.221923828125,67.573
2024-07-17T05:06:56.436701,9,3.221923828125,67.573
2024-07-17T05:06:56.461850,9,3.221923828125,67.573
2024-07-17T05:06:56.486996,9,3.221923828125,67.281
2024-07-17T05:06:56.512115,9,3.221923828125,67.281
2024-07-17T05:06:56.537235,9,3.221923828125,67.281
2024-07-17T05:06:56.562369,9,3.221923828125,67.281
2024-07-17T05:06:56.587490,9,3.221923828125,68.162
2024-07-17T05:06:56.612603,9,3.221923828125,68.162
2024-07-17T05:06:56.637758,8,3.221923828125,68.162
2024-07-17T05:06:56.662859,8,3.221923828125,68.162
2024-07-17T05:06:56.687971,8,3.221923828125,68.162
2024-07-17T05:06:56.713082,8,3.221923828125,67.844
2024-07-17T05:06:56.738228,8,3.221923828125,67.844
2024-07-17T05:06:56.763388,8,3.221923828125,67.844
2024-07-17T05:06:56.788551,8,3.221923828125,67.844
2024-07-17T05:06:56.813706,8,3.221923828125,67.166
2024-07-17T05:06:56.838828,9,3.221923828125,67.166
2024-07-17T05:06:56.863974,9,3.221923828125,67.166
2024-07-17T05:06:56.889085,9,3.221923828125,67.166
2024-07-17T05:06:56.914216,9,3.221923828125,67.889
2024-07-17T05:06:56.939328,9,3.221923828125,67.889
2024-07-17T05:06:56.964440,9,3.221923828125,67.889
2024-07-17T05:06:56.989563,9,3.221923828125,67.889
2024-07-17T05:06:57.014677,9,3.221923828125,67.43
2024-07-17T05:06:57.039820,9,3.221923828125,67.43
2024-07-17T05:06:57.064935,9,3.221923828125,67.43
2024-07-17T05:06:57.090061,9,3.221923828125,67.43
2024-07-17T05:06:57.115171,9,3.221923828125,67.43
2024-07-17T05:06:57.140324,9,3.221923828125,67.819
2024-07-17T05:06:57.165463,9,3.221923828125,67.819
2024-07-17T05:06:57.190574,9,3.221923828125,67.819
2024-07-17T05:06:57.215696,9,3.221923828125,67.54
2024-07-17T05:06:57.240809,9,3.221923828125,67.54
2024-07-17T05:06:57.265936,9,3.221923828125,67.54
2024-07-17T05:06:57.291047,9,3.221923828125,67.54
2024-07-17T05:06:57.316160,9,3.221923828125,67.54
2024-07-17T05:06:57.341316,9,3.221923828125,68.073
2024-07-17T05:06:57.366427,9,3.221923828125,68.073
2024-07-17T05:06:57.391540,9,3.221923828125,68.073
2024-07-17T05:06:57.416684,9,3.221923828125,68.073
2024-07-17T05:06:57.441855,9,3.221923828125,67.43
2024-07-17T05:06:57.467022,9,3.221923828125,67.43
2024-07-17T05:06:57.492169,9,3.221923828125,67.43
2024-07-17T05:06:57.517344,9,3.221923828125,68.11
2024-07-17T05:06:57.542455,9,3.221923828125,68.11
2024-07-17T05:06:57.567580,9,3.221923828125,68.11
2024-07-17T05:06:57.592726,9,3.221923828125,68.11
2024-07-17T05:06:57.617869,9,3.221923828125,67.431
2024-07-17T05:06:57.642988,9,3.221923828125,67.431
2024-07-17T05:06:57.668107,9,3.221923828125,67.431
2024-07-17T05:06:57.693241,9,3.221923828125,67.431
2024-07-17T05:06:57.718355,9,3.221923828125,67.431
2024-07-17T05:06:57.743477,9,3.221923828125,67.106
2024-07-17T05:06:57.768630,9,3.221923828125,67.106
2024-07-17T05:06:57.793749,9,3.221923828125,67.106
2024-07-17T05:06:57.818859,9,3.221923828125,67.106
2024-07-17T05:06:57.844020,9,3.221923828125,67.624
2024-07-17T05:06:57.869160,9,3.221923828125,67.624
2024-07-17T05:06:57.894307,9,3.221923828125,67.624
2024-07-17T05:06:57.919433,9,3.221923828125,67.624
2024-07-17T05:06:57.944544,9,3.221923828125,67.042
2024-07-17T05:06:57.969672,9,3.221923828125,67.042
2024-07-17T05:06:57.994785,9,3.221923828125,67.042
2024-07-17T05:06:58.019877,9,3.221923828125,67.042
2024-07-17T05:06:58.044989,9,3.221923828125,67.762
2024-07-17T05:06:58.070110,8,3.221923828125,67.762
2024-07-17T05:06:58.095243,8,3.221923828125,67.762
2024-07-17T05:06:58.120362,8,3.221923828125,67.762
2024-07-17T05:06:58.145486,8,3.221923828125,67.762
2024-07-17T05:06:58.170626,8,3.221923828125,67.087
2024-07-17T05:06:58.195749,8,3.221923828125,67.087
2024-07-17T05:06:58.220943,8,3.221923828125,67.087
2024-07-17T05:06:58.246054,8,3.221923828125,67.842
2024-07-17T05:06:58.271254,8,3.221923828125,67.842
2024-07-17T05:06:58.296392,9,3.221923828125,67.842
2024-07-17T05:06:58.321503,9,3.221923828125,67.842
2024-07-17T05:06:58.346616,9,3.221923828125,67.842
2024-07-17T05:06:58.371730,9,3.221923828125,66.945
2024-07-17T05:06:58.477988,6,3.221923828125,66.085
2024-07-17T05:06:58.503176,6,3.221923828125,66.085
2024-07-17T05:06:58.528309,6,3.221923828125,66.085
2024-07-17T05:06:58.553427,6,3.221923828125,67.087
2024-07-17T05:06:58.578555,6,3.221923828125,67.087
2024-07-17T05:06:58.603667,6,3.221923828125,67.087
2024-07-17T05:06:58.628781,6,3.221923828125,67.087
2024-07-17T05:06:58.653859,6,3.221923828125,67.137
2024-07-17T05:06:58.678979,6,3.221923828125,67.137
2024-07-17T05:06:58.704099,7,3.221923828125,67.137
2024-07-17T05:06:58.729247,7,3.221923828125,67.137
2024-07-17T05:06:58.754370,7,3.221923828125,67.137
2024-07-17T05:06:58.779519,7,3.221923828125,67.923
2024-07-17T05:06:58.804649,7,3.221923828125,67.923
2024-07-17T05:06:58.829771,7,3.221923828125,67.923
2024-07-17T05:06:58.854873,7,3.221923828125,67.042
2024-07-17T05:06:58.880058,7,3.221923828125,67.042
2024-07-17T05:06:58.905177,8,3.221923828125,67.042
2024-07-17T05:06:58.930302,8,3.221923828125,67.042
2024-07-17T05:06:58.955457,8,3.221923828125,67.042
2024-07-17T05:06:58.980569,8,3.221923828125,67.969
2024-07-17T05:06:59.005735,8,3.221923828125,67.969
2024-07-17T05:06:59.030880,8,3.221923828125,67.969
2024-07-17T05:06:59.056026,8,3.221923828125,67.969
2024-07-17T05:06:59.081210,8,3.221923828125,67.43
2024-07-17T05:06:59.106370,9,3.221923828125,67.43
2024-07-17T05:06:59.131574,9,3.221923828125,67.43
2024-07-17T05:06:59.156702,9,3.221923828125,67.43
2024-07-17T05:06:59.181850,9,3.221923828125,67.43
2024-07-17T05:06:59.206970,9,3.221923828125,67.819
2024-07-17T05:06:59.232092,9,3.221923828125,67.819
2024-07-17T05:06:59.257291,9,3.221923828125,67.819
2024-07-17T05:06:59.282424,9,3.221923828125,67.439
2024-07-17T05:06:59.307553,9,3.221923828125,67.439
2024-07-17T05:06:59.332690,9,3.221923828125,67.439
2024-07-17T05:06:59.357816,9,3.221923828125,67.439
2024-07-17T05:06:59.382976,9,3.221923828125,67.439
2024-07-17T05:06:59.408096,9,3.221923828125,67.889
2024-07-17T05:06:59.433208,9,3.221923828125,67.889
2024-07-17T05:06:59.458319,9,3.221923828125,67.889
2024-07-17T05:06:59.483431,9,3.221923828125,67.889
2024-07-17T05:06:59.508558,9,3.221923828125,67.708
2024-07-17T05:06:59.533669,9,3.221923828125,67.708
2024-07-17T05:06:59.558789,9,3.221923828125,67.708
2024-07-17T05:06:59.583878,9,3.221923828125,68.524
2024-07-17T05:06:59.608989,9,3.221923828125,68.524
2024-07-17T05:06:59.634100,9,3.221923828125,68.524
2024-07-17T05:06:59.659251,9,3.221923828125,68.524
2024-07-17T05:06:59.684442,9,3.221923828125,67.54
2024-07-17T05:06:59.709561,9,3.221923828125,67.54
2024-07-17T05:06:59.734698,9,3.221923828125,67.54
2024-07-17T05:06:59.759856,9,3.221923828125,67.54
2024-07-17T05:06:59.784988,9,3.221923828125,67.54
2024-07-17T05:06:59.810099,9,3.221923828125,67.176
2024-07-17T05:06:59.835212,9,3.221923828125,67.176
2024-07-17T05:06:59.860348,9,3.221923828125,67.176
2024-07-17T05:06:59.885487,9,3.221923828125,67.176
2024-07-17T05:06:59.910642,9,3.221923828125,67.915
2024-07-17T05:06:59.935754,9,3.221923828125,67.915
2024-07-17T05:06:59.960903,9,3.221923828125,67.915
2024-07-17T05:06:59.986021,9,3.221923828125,67.915
2024-07-17T05:07:00.011133,9,3.221923828125,67.915
2024-07-17T05:07:00.036276,9,3.221923828125,67.774
2024-07-17T05:07:00.061412,9,3.221923828125,67.774
2024-07-17T05:07:00.086524,9,3.221923828125,67.774
2024-07-17T05:07:00.111716,9,3.221923828125,67.774
2024-07-17T05:07:00.136828,9,3.221923828125,67.774
2024-07-17T05:07:00.161966,9,3.221923828125,67.774
2024-07-17T05:07:00.187099,9,3.221923828125,67.774
2024-07-17T05:07:00.212230,9,3.221923828125,67.774
2024-07-17T05:07:00.237428,9,3.221923828125,67.818
2024-07-17T05:07:00.262574,9,3.221923828125,67.818
2024-07-17T05:07:00.287713,9,3.221923828125,67.818
2024-07-17T05:07:00.312872,9,3.221923828125,67.818
2024-07-17T05:07:00.337979,9,3.221923828125,67.818
2024-07-17T05:07:00.363091,9,3.221923828125,67.818
2024-07-17T05:07:00.388253,9,3.221923828125,67.818
2024-07-17T05:07:00.413405,9,3.221923828125,67.352
2024-07-17T05:07:00.438533,9,3.221923828125,67.352
2024-07-17T05:07:00.463645,9,3.221923828125,67.352
2024-07-17T05:07:00.488785,9,3.221923828125,67.352
2024-07-17T05:07:00.513867,9,3.221923828125,68.349
2024-07-17T05:07:00.538978,9,3.221923828125,68.349
2024-07-17T05:07:00.564100,9,3.221923828125,68.349
2024-07-17T05:07:00.589230,9,3.221923828125,68.349
2024-07-17T05:07:00.614357,9,3.221923828125,68.349
2024-07-17T05:07:00.639512,9,3.221923828125,67.818
2024-07-17T05:07:00.664672,9,3.221923828125,67.818
2024-07-17T05:07:00.689809,9,3.221923828125,67.818
2024-07-17T05:07:00.714924,9,3.221923828125,67.139
2024-07-17T05:07:00.740078,9,3.221923828125,67.139
2024-07-17T05:07:00.765207,9,3.221923828125,67.139
2024-07-17T05:07:00.790334,9,3.221923828125,67.139
2024-07-17T05:07:00.815465,9,3.221923828125,67.139
2024-07-17T05:07:00.840634,9,3.221923828125,67.956
2024-07-17T05:07:00.865746,9,3.221923828125,67.956
2024-07-17T05:07:00.890950,9,3.221923828125,67.956
2024-07-17T05:07:00.916061,9,3.221923828125,67.956
2024-07-17T05:07:00.941218,9,3.221923828125,67.166
2024-07-17T05:07:00.966328,8,3.221923828125,67.166
2024-07-17T05:07:00.991489,8,3.221923828125,67.166
2024-07-17T05:07:01.016616,8,3.221923828125,67.166
2024-07-17T05:07:01.041789,8,3.221923828125,67.166
2024-07-17T05:07:01.066892,8,3.221923828125,68.188
2024-07-17T05:07:01.092030,8,3.221923828125,68.188
2024-07-17T05:07:01.117164,8,3.221923828125,68.188
2024-07-17T05:07:01.142288,8,3.221923828125,67.309
2024-07-17T05:07:01.167400,9,3.221923828125,67.309
2024-07-17T05:07:01.192567,9,3.221923828125,67.309
2024-07-17T05:07:01.217731,9,3.221923828125,67.309
2024-07-17T05:07:01.242843,9,3.221923828125,67.309
2024-07-17T05:07:01.267994,9,3.221923828125,67.986
2024-07-17T05:07:01.293115,9,3.221923828125,67.986
2024-07-17T05:07:01.318237,9,3.221923828125,67.986
2024-07-17T05:07:01.343418,9,3.221923828125,67.58
2024-07-17T05:07:01.368613,9,3.221923828125,67.58
2024-07-17T05:07:01.393817,9,3.221923828125,67.58
2024-07-17T05:07:01.418943,9,3.221923828125,67.58
2024-07-17T05:07:01.444088,9,3.221923828125,68.065
2024-07-17T05:07:01.469198,9,3.221923828125,68.065
2024-07-17T05:07:01.494323,9,3.221923828125,68.065
2024-07-17T05:07:01.519434,9,3.221923828125,68.065
2024-07-17T05:07:01.544555,9,3.221923828125,67.439
2024-07-17T05:07:01.569706,9,3.221923828125,67.439
2024-07-17T05:07:01.594882,9,3.221923828125,67.439
2024-07-17T05:07:01.619999,9,3.221923828125,67.439
2024-07-17T05:07:01.645110,9,3.221923828125,67.439
2024-07-17T05:07:01.670247,9,3.221923828125,67.042
2024-07-17T05:07:01.695358,9,3.221923828125,67.042
2024-07-17T05:07:01.720480,9,3.221923828125,67.042
2024-07-17T05:07:01.745624,9,3.221923828125,67.747
2024-07-17T05:07:01.770754,9,3.221923828125,67.747
2024-07-17T05:07:01.795932,9,3.221923828125,67.747
2024-07-17T05:07:01.821092,9,3.221923828125,67.747
2024-07-17T05:07:01.846216,9,3.221923828125,67.747
2024-07-17T05:07:01.871327,9,3.221923828125,67.139
2024-07-17T05:07:01.896495,9,3.221923828125,67.139
2024-07-17T05:07:01.921667,9,3.221923828125,67.139
2024-07-17T05:07:01.946807,9,3.221923828125,67.139
2024-07-17T05:07:01.971938,9,3.221923828125,67.774
2024-07-17T05:07:01.997063,9,3.221923828125,67.774
2024-07-17T05:07:02.022174,9,3.221923828125,67.774
2024-07-17T05:07:02.047311,9,3.221923828125,67.774
2024-07-17T05:07:02.072422,9,3.221923828125,67.774
2024-07-17T05:07:02.097546,9,3.221923828125,67.113
2024-07-17T05:07:02.122698,9,3.221923828125,67.113
2024-07-17T05:07:02.147831,9,3.221923828125,67.113
2024-07-17T05:07:02.172968,9,3.221923828125,67.896
2024-07-17T05:07:02.198079,9,3.221923828125,67.896
2024-07-17T05:07:02.223209,9,3.221923828125,67.896
2024-07-17T05:07:02.248406,9,3.221923828125,67.896
2024-07-17T05:07:02.273524,9,3.221923828125,67.896
2024-07-17T05:07:02.298664,9,3.221923828125,67.158
2024-07-17T05:07:02.323786,9,3.221923828125,67.158
2024-07-17T05:07:02.348875,9,3.221923828125,67.158
2024-07-17T05:07:02.373985,9,3.221923828125,67.923
2024-07-17T05:07:02.399131,9,3.221923828125,67.923
2024-07-17T05:07:02.424242,9,3.221923828125,67.923
2024-07-17T05:07:02.449355,9,3.221923828125,67.923
2024-07-17T05:07:02.474510,9,3.221923828125,67.256
2024-07-17T05:07:02.499680,9,3.221923828125,67.256
2024-07-17T05:07:02.524856,9,3.221923828125,67.256
2024-07-17T05:07:02.549967,9,3.221923828125,67.256
2024-07-17T05:07:02.575096,9,3.221923828125,68.065
2024-07-17T05:07:02.600207,9,3.221923828125,68.065
2024-07-17T05:07:02.625319,9,3.221923828125,68.065
2024-07-17T05:07:02.650438,9,3.221923828125,68.065
2024-07-17T05:07:02.675575,9,3.221923828125,68.065
2024-07-17T05:07:02.700687,9,3.221923828125,67.255
2024-07-17T05:07:02.725799,9,3.221923828125,67.255
2024-07-17T05:07:02.750968,9,3.221923828125,67.255
2024-07-17T05:07:02.776108,9,3.221923828125,67.255
2024-07-17T05:07:02.801220,9,3.221923828125,67.986
2024-07-17T05:07:02.826344,9,3.221923828125,67.986
2024-07-17T05:07:02.851506,9,3.221923828125,67.986
2024-07-17T05:07:02.876618,9,3.221923828125,67.986
2024-07-17T05:07:02.901753,9,3.221923828125,67.556
2024-07-17T05:07:02.926890,9,3.221923828125,67.556
2024-07-17T05:07:02.952002,9,3.221923828125,67.556
2024-07-17T05:07:02.977128,9,3.221923828125,67.556
2024-07-17T05:07:03.002249,9,3.221923828125,67.904
2024-07-17T05:07:03.027411,9,3.221923828125,67.904
2024-07-17T05:07:03.052560,9,3.221923828125,67.904
2024-07-17T05:07:03.077719,9,3.221923828125,67.904
2024-07-17T05:07:03.102859,9,3.221923828125,67.904
2024-07-17T05:07:03.127987,9,3.221923828125,67.425
2024-07-17T05:07:03.153099,9,3.221923828125,67.425
2024-07-17T05:07:03.178218,9,3.221923828125,67.425
2024-07-17T05:07:03.203355,9,3.221923828125,68.188
2024-07-17T05:07:03.228467,9,3.221923828125,68.188
2024-07-17T05:07:03.253603,9,3.221923828125,68.188
2024-07-17T05:07:03.278746,9,3.221923828125,68.188
2024-07-17T05:07:03.303872,9,3.221923828125,68.188
2024-07-17T05:07:03.328983,9,3.221923828125,67.599
2024-07-17T05:07:03.354121,9,3.221923828125,67.599
2024-07-17T05:07:03.379240,9,3.221923828125,67.599
2024-07-17T05:07:03.404353,9,3.221923828125,68.322
2024-07-17T05:07:03.429478,9,3.221923828125,68.322
2024-07-17T05:07:03.454612,9,3.221923828125,68.322
2024-07-17T05:07:03.479773,9,3.221923828125,68.322
2024-07-17T05:07:03.504867,9,3.221923828125,67.832
2024-07-17T05:07:03.530051,9,3.221923828125,67.832
2024-07-17T05:07:03.555161,9,3.221923828125,67.832
2024-07-17T05:07:03.580274,9,3.221923828125,67.832
2024-07-17T05:07:03.605413,9,3.221923828125,67.21
2024-07-17T05:07:03.630526,9,3.221923828125,67.21
2024-07-17T05:07:03.655638,9,3.221923828125,67.21
2024-07-17T05:07:03.680759,9,3.221923828125,67.21
2024-07-17T05:07:03.705869,9,3.221923828125,67.21
2024-07-17T05:07:03.730993,9,3.221923828125,67.806
2024-07-17T05:07:03.756105,9,3.221923828125,67.806
2024-07-17T05:07:03.781220,9,3.221923828125,67.806
2024-07-17T05:07:03.806353,9,3.221923828125,67.806
2024-07-17T05:07:03.831690,9,3.221923828125,67.522
2024-07-17T05:07:03.856803,9,3.221923828125,67.522
2024-07-17T05:07:03.881918,9,3.221923828125,67.522
2024-07-17T05:07:03.907061,9,3.221923828125,67.522
2024-07-17T05:07:03.932223,9,3.221923828125,67.113
2024-07-17T05:07:03.957342,9,3.221923828125,67.113
2024-07-17T05:07:03.982454,9,3.221923828125,67.113
2024-07-17T05:07:04.007580,9,3.221923828125,67.113
2024-07-17T05:07:04.032699,9,3.221923828125,67.113
2024-07-17T05:07:04.057855,9,3.221923828125,67.113
2024-07-17T05:07:04.082966,9,3.221923828125,67.113
2024-07-17T05:07:04.108078,9,3.221923828125,67.113
2024-07-17T05:07:04.133287,9,3.221923828125,67.113
2024-07-17T05:07:04.158398,9,3.221923828125,67.115
2024-07-17T05:07:04.183510,9,3.221923828125,67.115
2024-07-17T05:07:04.208623,9,3.221923828125,67.115
2024-07-17T05:07:04.233808,9,3.221923828125,67.115
2024-07-17T05:07:04.258948,9,3.221923828125,67.115
2024-07-17T05:07:04.284061,9,3.221923828125,67.115
2024-07-17T05:07:04.309185,9,3.221923828125,67.115
2024-07-17T05:07:04.334324,9,3.221923828125,67.115
2024-07-17T05:07:04.359483,9,3.221923828125,67.21
2024-07-17T05:07:04.384605,9,3.221923828125,67.21
2024-07-17T05:07:04.409718,9,3.221923828125,67.21
2024-07-17T05:07:04.434842,9,3.221923828125,67.21
2024-07-17T05:07:04.460032,9,3.221923828125,68.013
2024-07-17T05:07:04.485196,9,3.221923828125,68.013
2024-07-17T05:07:04.510307,9,3.221923828125,68.013
2024-07-17T05:07:04.535430,9,3.221923828125,67.025
2024-07-17T05:07:04.560541,9,3.221923828125,67.025
2024-07-17T05:07:04.585697,9,3.221923828125,67.025
2024-07-17T05:07:04.610859,9,3.221923828125,67.025
2024-07-17T05:07:04.635987,9,3.221923828125,67.025
2024-07-17T05:07:04.661097,9,3.221923828125,67.941
2024-07-17T05:07:04.686221,9,3.221923828125,67.941
2024-07-17T05:07:04.711360,9,3.221923828125,67.941
2024-07-17T05:07:04.736472,9,3.221923828125,67.941
2024-07-17T05:07:04.761594,9,3.221923828125,67.502
2024-07-17T05:07:04.786716,9,3.221923828125,67.502
2024-07-17T05:07:04.811886,9,3.221923828125,67.502
2024-07-17T05:07:04.837036,9,3.221923828125,67.502
2024-07-17T05:07:04.862197,9,3.221923828125,67.896
2024-07-17T05:07:04.887317,9,3.221923828125,67.896
2024-07-17T05:07:04.912456,9,3.221923828125,67.896
2024-07-17T05:07:04.937588,9,3.221923828125,67.896
2024-07-17T05:07:04.962731,9,3.221923828125,67.896
2024-07-17T05:07:04.987903,9,3.221923828125,67.533
2024-07-17T05:07:05.013015,9,3.221923828125,67.533
2024-07-17T05:07:05.038173,9,3.221923828125,67.533
2024-07-17T05:07:05.063309,9,3.221923828125,68.135
2024-07-17T05:07:05.088438,9,3.221923828125,68.135
2024-07-17T05:07:05.113564,9,3.221923828125,68.135
2024-07-17T05:07:05.138735,9,3.221923828125,68.135
2024-07-17T05:07:05.163878,9,3.221923828125,68.135
2024-07-17T05:07:05.188989,9,3.221923828125,67.58
2024-07-17T05:07:05.214138,9,3.221923828125,67.58
2024-07-17T05:07:05.239258,9,3.221923828125,67.58
2024-07-17T05:07:05.264400,9,3.221923828125,68.285
2024-07-17T05:07:05.289513,9,3.221923828125,68.285
2024-07-17T05:07:05.314625,9,3.221923828125,68.285
2024-07-17T05:07:05.339754,9,3.221923828125,68.285
2024-07-17T05:07:05.364860,9,3.221923828125,68.285
2024-07-17T05:07:05.389971,9,3.221923828125,67.515
2024-07-17T05:07:05.415136,9,3.221923828125,67.515
2024-07-17T05:07:05.440248,9,3.221923828125,67.515
2024-07-17T05:07:05.465417,9,3.221923828125,67.515
2024-07-17T05:07:05.490558,9,3.221923828125,67.061
2024-07-17T05:07:05.515684,9,3.221923828125,67.061
2024-07-17T05:07:05.540795,9,3.221923828125,67.061
2024-07-17T05:07:05.565963,9,3.221923828125,67.612
2024-07-17T05:07:05.591090,9,3.221923828125,67.612
2024-07-17T05:07:05.616236,9,3.221923828125,67.612
2024-07-17T05:07:05.641347,9,3.221923828125,67.612
2024-07-17T05:07:05.666461,9,3.221923828125,67.612
2024-07-17T05:07:05.691587,9,3.221923828125,67.184
2024-07-17T05:07:05.716699,9,3.221923828125,67.184
2024-07-17T05:07:05.741829,9,3.221923828125,67.184
2024-07-17T05:07:05.766953,9,3.221923828125,67.184
2024-07-17T05:07:05.792135,9,3.221923828125,67.69
2024-07-17T05:07:05.817247,9,3.221923828125,67.69
2024-07-17T05:07:05.842376,9,3.221923828125,67.69
2024-07-17T05:07:05.867505,9,3.221923828125,67.69
2024-07-17T05:07:05.892666,9,3.221923828125,67.158
2024-07-17T05:07:05.917799,9,3.221923828125,67.158
2024-07-17T05:07:05.942913,9,3.221923828125,67.158
2024-07-17T05:07:05.968041,9,3.221923828125,67.158
2024-07-17T05:07:05.993152,9,3.221923828125,67.158
2024-07-17T05:07:06.018264,9,3.221923828125,67.818
2024-07-17T05:07:06.043377,9,3.221923828125,67.818
2024-07-17T05:07:06.068576,9,3.221923828125,67.818
2024-07-17T05:07:06.093747,9,3.221923828125,67.184
2024-07-17T05:07:06.118902,9,3.221923828125,67.184
2024-07-17T05:07:06.144097,9,3.221923828125,67.184
2024-07-17T05:07:06.169266,9,3.221923828125,67.184
2024-07-17T05:07:06.194379,9,3.221923828125,67.184
2024-07-17T05:07:06.219510,9,3.221923828125,67.89
2024-07-17T05:07:06.244623,9,3.221923828125,67.89
2024-07-17T05:07:06.269737,9,3.221923828125,67.89
2024-07-17T05:07:06.294892,9,3.221923828125,67.139
2024-07-17T05:07:06.320025,9,3.221923828125,67.139
2024-07-17T05:07:06.345143,9,3.221923828125,67.139
2024-07-17T05:07:06.370257,9,3.221923828125,67.139
2024-07-17T05:07:06.395372,9,3.221923828125,67.139
2024-07-17T05:07:06.420484,9,3.221923828125,67.818
2024-07-17T05:07:06.445617,9,3.221923828125,67.818
2024-07-17T05:07:06.470796,9,3.221923828125,67.818
2024-07-17T05:07:06.495917,9,3.221923828125,67.818
2024-07-17T05:07:06.521105,9,3.221923828125,67.385
2024-07-17T05:07:06.546216,9,3.221923828125,67.385
2024-07-17T05:07:06.571355,9,3.221923828125,67.385
2024-07-17T05:07:06.596474,9,3.221923828125,67.385
2024-07-17T05:07:06.621642,9,3.221923828125,68.091
2024-07-17T05:07:06.646753,9,3.221923828125,68.091
2024-07-17T05:07:06.671928,9,3.221923828125,68.091
2024-07-17T05:07:06.697048,9,3.221923828125,68.091
2024-07-17T05:07:06.722210,9,3.221923828125,67.352
2024-07-17T05:07:06.747346,9,3.221923828125,67.352
2024-07-17T05:07:06.772482,9,3.221923828125,67.352
2024-07-17T05:07:06.797594,9,3.221923828125,67.352
2024-07-17T05:07:06.822707,9,3.221923828125,67.352
2024-07-17T05:07:06.847840,9,3.221923828125,68.013
2024-07-17T05:07:06.872970,9,3.221923828125,68.013
2024-07-17T05:07:06.898138,9,3.221923828125,68.013
2024-07-17T05:07:06.923250,9,3.221923828125,67.573
2024-07-17T05:07:06.948375,9,3.221923828125,67.573
2024-07-17T05:07:06.973562,9,3.221923828125,67.573
2024-07-17T05:07:06.998674,9,3.221923828125,67.573
2024-07-17T05:07:07.023825,9,3.221923828125,67.573
2024-07-17T05:07:07.048972,9,3.221923828125,68.188
2024-07-17T05:07:07.074095,9,3.221923828125,68.188
2024-07-17T05:07:07.099208,9,3.221923828125,68.188
2024-07-17T05:07:07.124333,9,3.221923828125,67.735
2024-07-17T05:07:07.149445,9,3.221923828125,67.735
2024-07-17T05:07:07.174591,9,3.221923828125,67.735
2024-07-17T05:07:07.199718,9,3.221923828125,67.735
2024-07-17T05:07:07.224864,9,3.221923828125,67.735
2024-07-17T05:07:07.249998,9,3.221923828125,68.304
2024-07-17T05:07:07.275110,9,3.221923828125,68.304
2024-07-17T05:07:07.300237,9,3.221923828125,68.304
2024-07-17T05:07:07.325393,9,3.221923828125,67.774
2024-07-17T05:07:07.350505,9,3.221923828125,67.774
2024-07-17T05:07:07.375646,9,3.221923828125,67.774
2024-07-17T05:07:07.400768,9,3.221923828125,67.774
2024-07-17T05:07:07.425867,9,3.221923828125,67.139
2024-07-17T05:07:07.451073,9,3.221923828125,67.139
2024-07-17T05:07:07.476183,9,3.221923828125,67.139
2024-07-17T05:07:07.501355,9,3.221923828125,67.139
2024-07-17T05:07:07.526473,9,3.221923828125,67.139
2024-07-17T05:07:07.551605,9,3.221923828125,67.844
2024-07-17T05:07:07.576752,9,3.221923828125,67.844
2024-07-17T05:07:07.601869,9,3.221923828125,67.844
2024-07-17T05:07:07.626979,9,3.221923828125,67.844
2024-07-17T05:07:07.652099,9,3.221923828125,67.762
2024-07-17T05:07:07.677212,9,3.221923828125,67.762
2024-07-17T05:07:07.702339,9,3.221923828125,67.762
2024-07-17T05:07:07.727451,9,3.221923828125,67.762
2024-07-17T05:07:07.752630,9,3.221923828125,67.762
2024-07-17T05:07:07.777742,8,3.221923828125,67.762
2024-07-17T05:07:07.802876,8,3.221923828125,67.762
2024-07-17T05:07:07.828022,8,3.221923828125,67.762
2024-07-17T05:07:07.853172,8,3.221923828125,67.762
2024-07-17T05:07:07.878284,8,3.221923828125,67.896
2024-07-17T05:07:07.903431,8,3.221923828125,67.896
2024-07-17T05:07:07.928568,8,3.221923828125,67.896
2024-07-17T05:07:07.953695,8,3.221923828125,67.896
2024-07-17T05:07:07.978815,9,3.221923828125,67.896
2024-07-17T05:07:08.003997,9,3.221923828125,67.896
2024-07-17T05:07:08.029116,9,3.221923828125,67.896
2024-07-17T05:07:08.054238,9,3.221923828125,67.896
2024-07-17T05:07:08.079393,9,3.221923828125,67.863
2024-07-17T05:07:08.104505,9,3.221923828125,67.863
2024-07-17T05:07:08.129693,9,3.221923828125,67.863
2024-07-17T05:07:08.154817,9,3.221923828125,67.863
2024-07-17T05:07:08.179993,9,3.221923828125,67.863
2024-07-17T05:07:08.205105,9,3.221923828125,67.863
2024-07-17T05:07:08.230234,9,3.221923828125,67.863
2024-07-17T05:07:08.255359,9,3.221923828125,67.863
2024-07-17T05:07:08.280535,9,3.221923828125,67.941
2024-07-17T05:07:08.305648,9,3.221923828125,67.941
2024-07-17T05:07:08.330785,9,3.221923828125,67.941
2024-07-17T05:07:08.355872,9,3.221923828125,67.36
2024-07-17T05:07:08.381000,9,3.221923828125,67.36
2024-07-17T05:07:08.406122,8,3.221923828125,67.36
2024-07-17T05:07:08.431233,8,3.221923828125,67.36
2024-07-17T05:07:08.456347,8,3.221923828125,67.993
2024-07-17T05:07:08.481468,8,3.221923828125,67.993
2024-07-17T05:07:08.506602,8,3.221923828125,67.993
2024-07-17T05:07:08.531713,8,3.221923828125,67.993
2024-07-17T05:07:08.556867,8,3.221923828125,67.993
2024-07-17T05:07:08.581989,8,3.221923828125,67.378
2024-07-17T05:07:08.607128,9,3.221923828125,67.378
2024-07-17T05:07:08.632273,9,3.221923828125,67.378
2024-07-17T05:07:08.657384,9,3.221923828125,67.378
2024-07-17T05:07:08.682497,9,3.221923828125,67.968
2024-07-17T05:07:08.707624,9,3.221923828125,67.968
2024-07-17T05:07:08.732819,9,3.221923828125,67.968
2024-07-17T05:07:08.757932,9,3.221923828125,67.968
2024-07-17T05:07:08.783045,9,3.221923828125,67.458
2024-07-17T05:07:08.808194,9,3.221923828125,67.458
2024-07-17T05:07:08.833342,9,3.221923828125,67.458
2024-07-17T05:07:08.858455,9,3.221923828125,67.458
2024-07-17T05:07:08.883606,9,3.221923828125,67.458
2024-07-17T05:07:08.908770,9,3.221923828125,68.163
2024-07-17T05:07:08.933860,9,3.221923828125,68.163
2024-07-17T05:07:08.958971,9,3.221923828125,68.163
2024-07-17T05:07:08.984091,9,3.221923828125,67.708
2024-07-17T05:07:09.009222,9,3.221923828125,67.708
2024-07-17T05:07:09.034348,9,3.221923828125,67.708
2024-07-17T05:07:09.059501,9,3.221923828125,67.708
2024-07-17T05:07:09.084612,9,3.221923828125,67.708
2024-07-17T05:07:09.109793,9,3.221923828125,68.285
2024-07-17T05:07:09.134866,9,3.221923828125,68.285
2024-07-17T05:07:09.160039,9,3.221923828125,68.285
2024-07-17T05:07:09.185162,9,3.221923828125,67.71
2024-07-17T05:07:09.210284,9,3.221923828125,67.71
2024-07-17T05:07:09.235469,9,3.221923828125,67.71
2024-07-17T05:07:09.260609,9,3.221923828125,67.71
2024-07-17T05:07:09.285721,9,3.221923828125,67.71
2024-07-17T05:07:09.310842,9,3.221923828125,66.945
2024-07-17T05:07:09.335963,9,3.221923828125,66.945
2024-07-17T05:07:09.361119,9,3.221923828125,66.945
2024-07-17T05:07:09.386259,9,3.221923828125,67.611
2024-07-17T05:07:09.411370,9,3.221923828125,67.611
2024-07-17T05:07:09.436484,9,3.221923828125,67.611
2024-07-17T05:07:09.461600,9,3.221923828125,67.611
2024-07-17T05:07:09.486724,9,3.221923828125,67.166
2024-07-17T05:07:09.511836,9,3.221923828125,67.166
2024-07-17T05:07:09.536963,9,3.221923828125,67.166
2024-07-17T05:07:09.562083,9,3.221923828125,67.166
2024-07-17T05:07:09.587193,9,3.221923828125,67.166
2024-07-17T05:07:09.612306,9,3.221923828125,67.941
2024-07-17T05:07:09.637452,9,3.221923828125,67.941
2024-07-17T05:07:09.662563,9,3.221923828125,67.941
2024-07-17T05:07:09.687675,9,3.221923828125,67.941
2024-07-17T05:07:09.712788,9,3.221923828125,67.158
2024-07-17T05:07:09.737876,9,3.221923828125,67.158
2024-07-17T05:07:09.763043,9,3.221923828125,67.158
2024-07-17T05:07:09.788213,9,3.221923828125,67.158
2024-07-17T05:07:09.813334,9,3.221923828125,67.806
2024-07-17T05:07:09.838455,9,3.221923828125,67.806
2024-07-17T05:07:09.863580,9,3.221923828125,67.806
2024-07-17T05:07:09.888708,9,3.221923828125,67.806
2024-07-17T05:07:09.913870,9,3.221923828125,67.806
2024-07-17T05:07:09.938994,9,3.221923828125,67.166
2024-07-17T05:07:09.964113,9,3.221923828125,67.166
2024-07-17T05:07:09.989233,9,3.221923828125,67.166
2024-07-17T05:07:10.014355,9,3.221923828125,67.844
2024-07-17T05:07:10.039476,9,3.221923828125,67.844
2024-07-17T05:07:10.064635,9,3.221923828125,67.844
2024-07-17T05:07:10.089767,9,3.221923828125,67.844
2024-07-17T05:07:10.114907,9,3.221923828125,67.844
2024-07-17T05:07:10.140028,9,3.221923828125,67.087
2024-07-17T05:07:10.165151,9,3.221923828125,67.087
2024-07-17T05:07:10.190309,9,3.221923828125,67.087
2024-07-17T05:07:10.215420,9,3.221923828125,67.916
2024-07-17T05:07:10.240550,9,3.221923828125,67.916
2024-07-17T05:07:10.265684,9,3.221923828125,67.916
2024-07-17T05:07:10.290832,9,3.221923828125,67.916
2024-07-17T05:07:10.316013,9,3.221923828125,67.916
2024-07-17T05:07:10.341125,9,3.221923828125,67.36
2024-07-17T05:07:10.366250,9,3.221923828125,67.36
2024-07-17T05:07:10.391372,9,3.221923828125,67.36
2024-07-17T05:07:10.416494,9,3.221923828125,67.844
2024-07-17T05:07:10.441616,9,3.221923828125,67.844
2024-07-17T05:07:10.466755,9,3.221923828125,67.844
2024-07-17T05:07:10.491878,9,3.221923828125,67.844
2024-07-17T05:07:10.517003,9,3.221923828125,67.844
2024-07-17T05:07:10.542113,9,3.221923828125,67.458
2024-07-17T05:07:10.567257,9,3.221923828125,67.458
2024-07-17T05:07:10.592391,9,3.221923828125,67.458
2024-07-17T05:07:10.617551,9,3.221923828125,67.458
2024-07-17T05:07:10.642673,9,3.221923828125,68.11
2024-07-17T05:07:10.667799,9,3.221923828125,68.11
2024-07-17T05:07:10.692932,9,3.221923828125,68.11
2024-07-17T05:07:10.718054,9,3.221923828125,68.11
2024-07-17T05:07:10.743173,9,3.221923828125,68.11
2024-07-17T05:07:10.768341,9,3.221923828125,67.766
2024-07-17T05:07:10.793524,9,3.221923828125,67.766
2024-07-17T05:07:10.818635,9,3.221923828125,67.766
2024-07-17T05:07:10.843765,9,3.221923828125,68.252
2024-07-17T05:07:10.868913,9,3.221923828125,68.252
2024-07-17T05:07:10.894042,9,3.221923828125,68.252
2024-07-17T05:07:10.919161,9,3.221923828125,68.252
2024-07-17T05:07:10.944273,9,3.221923828125,68.252
2024-07-17T05:07:10.969419,9,3.221923828125,67.702
2024-07-17T05:07:10.994599,9,3.221923828125,67.702
2024-07-17T05:07:11.019751,9,3.221923828125,67.702
2024-07-17T05:07:11.044900,9,3.221923828125,68.401
2024-07-17T05:07:11.070041,9,3.221923828125,68.401
2024-07-17T05:07:11.095162,9,3.221923828125,68.401
2024-07-17T05:07:11.120275,9,3.221923828125,68.401
2024-07-17T05:07:11.145425,9,3.221923828125,68.401
2024-07-17T05:07:11.170537,9,3.221923828125,67.844
2024-07-17T05:07:11.195750,9,3.221923828125,67.844
2024-07-17T05:07:11.220868,9,3.221923828125,67.844
2024-07-17T05:07:11.246035,9,3.221923828125,67.391
2024-07-17T05:07:11.271158,9,3.221923828125,67.391
2024-07-17T05:07:11.296319,9,3.221923828125,67.391
2024-07-17T05:07:11.321431,9,3.221923828125,67.391
2024-07-17T05:07:11.346544,9,3.221923828125,67.391
2024-07-17T05:07:11.371661,9,3.221923828125,67.792
2024-07-17T05:07:11.396798,9,3.221923828125,67.792
2024-07-17T05:07:11.421961,9,3.221923828125,67.792
2024-07-17T05:07:11.447082,9,3.221923828125,67.792
2024-07-17T05:07:11.472192,9,3.221923828125,67.766
2024-07-17T05:07:11.497313,9,3.221923828125,67.766
2024-07-17T05:07:11.522445,9,3.221923828125,67.766
2024-07-17T05:07:11.547566,9,3.221923828125,67.766
2024-07-17T05:07:11.572677,9,3.221923828125,67.766
2024-07-17T05:07:11.597811,9,3.221923828125,67.766
2024-07-17T05:07:11.622923,9,3.221923828125,67.766
2024-07-17T05:07:11.648043,9,3.221923828125,67.766
2024-07-17T05:07:11.673199,9,3.221923828125,67.273
2024-07-17T05:07:11.698337,9,3.221923828125,67.273
2024-07-17T05:07:11.723477,9,3.221923828125,67.273
2024-07-17T05:07:11.748645,9,3.221923828125,67.273
2024-07-17T05:07:11.773797,9,3.221923828125,67.273
2024-07-17T05:07:11.798922,9,3.221923828125,67.21
2024-07-17T05:07:11.824072,9,3.221923828125,67.21
2024-07-17T05:07:11.849236,9,3.221923828125,67.21
2024-07-17T05:07:11.874374,9,3.221923828125,67.21
2024-07-17T05:07:11.899493,9,3.221923828125,67.21
2024-07-17T05:07:11.924624,9,3.221923828125,67.21
2024-07-17T05:07:11.949736,9,3.221923828125,67.21
2024-07-17T05:07:11.974870,9,3.221923828125,67.21
2024-07-17T05:07:12.000001,9,3.221923828125,66.972
2024-07-17T05:07:12.025124,9,3.221923828125,66.972
2024-07-17T05:07:12.050280,9,3.221923828125,66.972
2024-07-17T05:07:12.075407,9,3.221923828125,66.972
2024-07-17T05:07:12.100546,9,3.221923828125,66.972
2024-07-17T05:07:12.125658,9,3.221923828125,66.972
2024-07-17T05:07:12.150813,9,3.221923828125,66.972
2024-07-17T05:07:12.175939,9,3.221923828125,66.972
2024-07-17T05:07:12.201105,9,3.221923828125,67.326
2024-07-17T05:07:12.226259,9,3.221923828125,67.326
2024-07-17T05:07:12.251391,9,3.221923828125,67.326
2024-07-17T05:07:12.276504,9,3.221923828125,67.941
2024-07-17T05:07:12.301618,9,3.221923828125,67.941
2024-07-17T05:07:12.326733,8,3.221923828125,67.941
2024-07-17T05:07:12.351909,8,3.221923828125,67.941
2024-07-17T05:07:12.377088,8,3.221923828125,67.941
2024-07-17T05:07:12.402200,8,3.221923828125,67.378
2024-07-17T05:07:12.427375,8,3.221923828125,67.378
2024-07-17T05:07:12.452575,8,3.221923828125,67.378
2024-07-17T05:07:12.477732,8,3.221923828125,67.378
2024-07-17T05:07:12.502848,8,3.221923828125,68.09
2024-07-17T05:07:12.527974,9,3.221923828125,68.09
2024-07-17T05:07:12.553105,9,3.221923828125,68.09
2024-07-17T05:07:12.578292,9,3.221923828125,68.09
2024-07-17T05:07:12.603403,9,3.221923828125,67.709
2024-07-17T05:07:12.628574,9,3.221923828125,67.709
2024-07-17T05:07:12.653712,9,3.221923828125,67.709
2024-07-17T05:07:12.678823,9,3.221923828125,67.709
2024-07-17T05:07:12.703948,9,3.221923828125,68.135
2024-07-17T05:07:12.729091,9,3.221923828125,68.135
2024-07-17T05:07:12.754222,9,3.221923828125,68.135
2024-07-17T05:07:12.779342,9,3.221923828125,68.135
2024-07-17T05:07:12.804461,9,3.221923828125,68.135
2024-07-17T05:07:12.829651,9,3.221923828125,67.567
2024-07-17T05:07:12.854802,9,3.221923828125,67.567
2024-07-17T05:07:12.879963,9,3.221923828125,67.567
2024-07-17T05:07:12.905083,9,3.221923828125,68.285
2024-07-17T05:07:12.930194,9,3.221923828125,68.285
2024-07-17T05:07:12.955362,9,3.221923828125,68.285
2024-07-17T05:07:12.980508,9,3.221923828125,68.285
2024-07-17T05:07:13.005633,9,3.221923828125,68.285
2024-07-17T05:07:13.030753,9,3.221923828125,67.58
2024-07-17T05:07:13.055884,9,3.221923828125,67.58
2024-07-17T05:07:13.080994,9,3.221923828125,67.58
2024-07-17T05:07:13.106145,9,3.221923828125,67.229
2024-07-17T05:07:13.131284,9,3.221923828125,67.229
2024-07-17T05:07:13.156409,9,3.221923828125,67.229
2024-07-17T05:07:13.181551,9,3.221923828125,67.229
2024-07-17T05:07:13.206662,9,3.221923828125,67.229
2024-07-17T05:07:13.231781,9,3.221923828125,67.889
2024-07-17T05:07:13.256860,9,3.221923828125,67.889
2024-07-17T05:07:13.281985,9,3.221923828125,67.889
2024-07-17T05:07:13.307126,9,3.221923828125,67.889
2024-07-17T05:07:13.332238,9,3.221923828125,67.184
2024-07-17T05:07:13.357358,9,3.221923828125,67.184
2024-07-17T05:07:13.382490,9,3.221923828125,67.184
2024-07-17T05:07:13.407627,9,3.221923828125,67.184
2024-07-17T05:07:13.432752,9,3.221923828125,67.863
2024-07-17T05:07:13.457859,9,3.221923828125,67.863
2024-07-17T05:07:13.483013,9,3.221923828125,67.863
2024-07-17T05:07:13.508137,9,3.221923828125,67.863
2024-07-17T05:07:13.533260,9,3.221923828125,67.166
2024-07-17T05:07:13.558415,9,3.221923828125,67.166
2024-07-17T05:07:13.583557,9,3.221923828125,67.166
2024-07-17T05:07:13.608713,9,3.221923828125,67.166
2024-07-17T05:07:13.633834,9,3.221923828125,67.166
2024-07-17T05:07:13.658994,9,3.221923828125,67.851
2024-07-17T05:07:13.684105,9,3.221923828125,67.851
2024-07-17T05:07:13.709230,9,3.221923828125,67.851
2024-07-17T05:07:13.801220,9,3.221923828125,67.042
2024-07-17T05:07:13.826415,9,3.221923828125,67.042
2024-07-17T05:07:13.851561,9,3.221923828125,64.215
2024-07-17T05:07:13.876694,9,3.221923828125,64.215
2024-07-17T05:07:13.901821,9,3.221923828125,64.215
2024-07-17T05:07:13.926954,9,3.221923828125,67.889
2024-07-17T05:07:13.952066,9,3.221923828125,67.889
2024-07-17T05:07:13.977193,5,3.221923828125,67.889
2024-07-17T05:07:14.002331,5,3.221923828125,67.889
2024-07-17T05:07:14.027443,5,3.221923828125,67.889
2024-07-17T05:07:14.052557,5,3.221923828125,67.405
2024-07-17T05:07:14.077687,5,3.221923828125,67.405
2024-07-17T05:07:14.102816,5,3.221923828125,67.405
2024-07-17T05:07:14.127941,5,3.221923828125,67.405
2024-07-17T05:07:14.153060,5,3.221923828125,67.986
2024-07-17T05:07:14.178172,8,3.221923828125,67.986
2024-07-17T05:07:14.203303,8,3.221923828125,67.986
2024-07-17T05:07:14.228439,8,3.221923828125,67.986
2024-07-17T05:07:14.253564,8,3.221923828125,67.986
2024-07-17T05:07:14.278735,8,3.221923828125,67.548
2024-07-17T05:07:14.303858,8,3.221923828125,67.548
2024-07-17T05:07:14.328968,8,3.221923828125,67.548
2024-07-17T05:07:14.354082,8,3.221923828125,68.117
2024-07-17T05:07:14.379194,9,3.221923828125,68.117
2024-07-17T05:07:14.404370,9,3.221923828125,68.117
2024-07-17T05:07:14.429503,9,3.221923828125,68.117
2024-07-17T05:07:14.454623,9,3.221923828125,67.559
2024-07-17T05:07:14.479735,9,3.221923828125,67.559
2024-07-17T05:07:14.504890,9,3.221923828125,67.559
2024-07-17T05:07:14.530057,9,3.221923828125,67.559
2024-07-17T05:07:14.555206,9,3.221923828125,68.135
2024-07-17T05:07:14.580330,9,3.221923828125,68.135
2024-07-17T05:07:14.605450,8,3.221923828125,68.135
2024-07-17T05:07:14.630616,8,3.221923828125,68.135
2024-07-17T05:07:14.655728,8,3.221923828125,68.135
2024-07-17T05:07:14.680889,8,3.221923828125,67.664
2024-07-17T05:07:14.706007,8,3.221923828125,67.664
2024-07-17T05:07:14.731130,8,3.221923828125,67.664
2024-07-17T05:07:14.756268,8,3.221923828125,68.382
2024-07-17T05:07:14.781389,8,3.221923828125,68.382
2024-07-17T05:07:14.806501,8,3.221923828125,68.382
2024-07-17T05:07:14.831661,8,3.221923828125,68.382
2024-07-17T05:07:14.856817,8,3.221923828125,68.382
2024-07-17T05:07:14.882002,8,3.221923828125,67.58
2024-07-17T05:07:14.907131,8,3.221923828125,67.58
2024-07-17T05:07:14.932265,8,3.221923828125,67.58
2024-07-17T05:07:14.957410,8,3.221923828125,67.36
2024-07-17T05:07:14.982522,8,3.221923828125,67.36
2024-07-17T05:07:15.007637,8,3.221923828125,67.36
2024-07-17T05:07:15.032763,8,3.221923828125,67.36
2024-07-17T05:07:15.057871,8,3.221923828125,67.36
2024-07-17T05:07:15.083667,8,3.221923828125,67.941
2024-07-17T05:07:15.108803,8,3.221923828125,67.941
2024-07-17T05:07:15.133933,8,3.221923828125,67.941
2024-07-17T05:07:15.159080,8,3.221923828125,67.941
2024-07-17T05:07:15.184223,8,3.221923828125,67.405
2024-07-17T05:07:15.209371,9,3.221923828125,67.405
2024-07-17T05:07:15.234482,9,3.221923828125,67.405
2024-07-17T05:07:15.259609,9,3.221923828125,67.405
2024-07-17T05:07:15.284725,9,3.221923828125,67.405
2024-07-17T05:07:15.309837,9,3.221923828125,67.193
2024-07-17T05:07:15.334952,9,3.221923828125,67.193
2024-07-17T05:07:15.360072,9,3.221923828125,67.193
2024-07-17T05:07:15.385198,9,3.221923828125,67.193
2024-07-17T05:07:15.410310,9,3.221923828125,67.193
2024-07-17T05:07:15.435437,9,3.221923828125,67.193
2024-07-17T05:07:15.460588,9,3.221923828125,67.193
2024-07-17T05:07:15.485723,9,3.221923828125,67.923
2024-07-17T05:07:15.510835,9,3.221923828125,67.923
2024-07-17T05:07:15.535951,9,3.221923828125,67.923
2024-07-17T05:07:15.561074,9,3.221923828125,67.923
2024-07-17T05:07:15.586187,9,3.221923828125,67.288
2024-07-17T05:07:15.611310,9,3.221923828125,67.288
2024-07-17T05:07:15.636432,9,3.221923828125,67.288
2024-07-17T05:07:15.661544,9,3.221923828125,67.288
2024-07-17T05:07:15.686656,9,3.221923828125,67.288
2024-07-17T05:07:15.711769,9,3.221923828125,67.219
2024-07-17T05:07:15.736859,9,3.221923828125,67.219
2024-07-17T05:07:15.761980,9,3.221923828125,67.219
2024-07-17T05:07:15.787092,9,3.221923828125,67.219
2024-07-17T05:07:15.812227,9,3.221923828125,67.219
2024-07-17T05:07:15.837339,9,3.221923828125,67.219
2024-07-17T05:07:15.862467,9,3.221923828125,67.219
2024-07-17T05:07:15.887619,9,3.221923828125,67.219
2024-07-17T05:07:15.912769,9,3.221923828125,67.378
2024-07-17T05:07:15.937859,9,3.221923828125,67.378
2024-07-17T05:07:15.962969,9,3.221923828125,67.378
2024-07-17T05:07:15.988095,9,3.221923828125,67.378
2024-07-17T05:07:16.013207,9,3.221923828125,67.915
2024-07-17T05:07:16.038319,9,3.221923828125,67.915
2024-07-17T05:07:16.063454,9,3.221923828125,67.915
2024-07-17T05:07:16.088577,9,3.221923828125,67.915
2024-07-17T05:07:16.113690,9,3.221923828125,67.431
2024-07-17T05:07:16.138849,9,3.221923828125,67.431
2024-07-17T05:07:16.163970,9,3.221923828125,67.431
2024-07-17T05:07:16.189150,9,3.221923828125,67.431
2024-07-17T05:07:16.214263,9,3.221923828125,68.135
2024-07-17T05:07:16.239416,9,3.221923828125,68.135
2024-07-17T05:07:16.264528,9,3.221923828125,68.135
2024-07-17T05:07:16.289652,9,3.221923828125,68.135
2024-07-17T05:07:16.314786,9,3.221923828125,68.135
2024-07-17T05:07:16.339860,9,3.221923828125,67.378
2024-07-17T05:07:16.365000,9,3.221923828125,67.378
2024-07-17T05:07:16.390109,9,3.221923828125,67.378
2024-07-17T05:07:16.415232,9,3.221923828125,68.11
2024-07-17T05:07:16.440352,9,3.221923828125,68.11
2024-07-17T05:07:16.465464,9,3.221923828125,68.11
2024-07-17T05:07:16.490577,9,3.221923828125,68.11
2024-07-17T05:07:16.515709,9,3.221923828125,67.458
2024-07-17T05:07:16.540821,9,3.221923828125,67.458
2024-07-17T05:07:16.565943,9,3.221923828125,67.458
2024-07-17T05:07:16.591064,9,3.221923828125,67.458
2024-07-17T05:07:16.616247,9,3.221923828125,68.135
2024-07-17T05:07:16.641360,9,3.221923828125,68.135
2024-07-17T05:07:16.666493,9,3.221923828125,68.135
2024-07-17T05:07:16.691618,9,3.221923828125,68.135
2024-07-17T05:07:16.716742,9,3.221923828125,68.135
2024-07-17T05:07:16.741920,9,3.221923828125,67.792
2024-07-17T05:07:16.767031,9,3.221923828125,67.792
2024-07-17T05:07:16.792156,9,3.221923828125,67.792
2024-07-17T05:07:16.817295,9,3.221923828125,67.228
2024-07-17T05:07:16.842406,9,3.221923828125,67.228
2024-07-17T05:07:16.867518,9,3.221923828125,67.228
2024-07-17T05:07:16.892673,9,3.221923828125,67.228
2024-07-17T05:07:16.917801,9,3.221923828125,67.228
2024-07-17T05:07:16.942926,9,3.221923828125,67.754
2024-07-17T05:07:16.968062,9,3.221923828125,67.754
2024-07-17T05:07:16.993174,9,3.221923828125,67.754
2024-07-17T05:07:17.018307,9,3.221923828125,67.754
2024-07-17T05:07:17.043429,9,3.221923828125,67.219
2024-07-17T05:07:17.068558,9,3.221923828125,67.219
2024-07-17T05:07:17.093710,9,3.221923828125,67.219
2024-07-17T05:07:17.118839,9,3.221923828125,67.219
2024-07-17T05:07:17.143994,9,3.221923828125,67.774
2024-07-17T05:07:17.169106,9,3.221923828125,67.774
2024-07-17T05:07:17.194232,9,3.221923828125,67.774
2024-07-17T05:07:17.219362,9,3.221923828125,67.774
2024-07-17T05:07:17.244536,9,3.221923828125,67.138
2024-07-17T05:07:17.269658,9,3.221923828125,67.138
2024-07-17T05:07:17.294771,9,3.221923828125,67.138
2024-07-17T05:07:17.319859,9,3.221923828125,67.138
2024-07-17T05:07:17.344996,9,3.221923828125,67.138
2024-07-17T05:07:17.370172,9,3.221923828125,67.747
2024-07-17T05:07:17.395331,9,3.221923828125,67.747
2024-07-17T05:07:17.420444,9,3.221923828125,67.747
2024-07-17T05:07:17.445608,9,3.221923828125,67.747
2024-07-17T05:07:17.470732,9,3.221923828125,67.236
2024-07-17T05:07:17.495846,9,3.221923828125,67.236
2024-07-17T05:07:17.520973,9,3.221923828125,67.236
2024-07-17T05:07:17.546105,9,3.221923828125,68.057
2024-07-17T05:07:17.571227,9,3.221923828125,68.057
2024-07-17T05:07:17.596339,9,3.221923828125,68.057
2024-07-17T05:07:17.621512,9,3.221923828125,68.057
2024-07-17T05:07:17.646644,9,3.221923828125,67.21
2024-07-17T05:07:17.671765,9,3.221923828125,67.21
2024-07-17T05:07:17.696867,9,3.221923828125,67.21
2024-07-17T05:07:17.721991,9,3.221923828125,67.21
2024-07-17T05:07:17.747151,9,3.221923828125,67.21
2024-07-17T05:07:17.772263,9,3.221923828125,67.968
2024-07-17T05:07:17.797406,9,3.221923828125,67.968
2024-07-17T05:07:17.822517,9,3.221923828125,67.968
2024-07-17T05:07:17.847659,9,3.221923828125,67.237
2024-07-17T05:07:17.872799,9,3.221923828125,67.237
2024-07-17T05:07:17.897912,9,3.221923828125,67.237
2024-07-17T05:07:17.923031,9,3.221923828125,67.237
2024-07-17T05:07:17.948172,9,3.221923828125,67.237
2024-07-17T05:07:17.973293,9,3.221923828125,68.155
2024-07-17T05:07:17.998418,9,3.221923828125,68.155
2024-07-17T05:07:18.023539,9,3.221923828125,68.155
2024-07-17T05:07:18.048651,9,3.221923828125,68.155
2024-07-17T05:07:18.073774,9,3.221923828125,67.405
2024-07-17T05:07:18.098869,8,3.221923828125,67.405
2024-07-17T05:07:18.124018,8,3.221923828125,67.405
2024-07-17T05:07:18.149139,8,3.221923828125,67.405
2024-07-17T05:07:18.174293,8,3.221923828125,68.084
2024-07-17T05:07:18.199422,8,3.221923828125,68.084
2024-07-17T05:07:18.224532,8,3.221923828125,68.084
2024-07-17T05:07:18.249644,8,3.221923828125,68.084
2024-07-17T05:07:18.274776,8,3.221923828125,67.613
2024-07-17T05:07:18.299875,9,3.221923828125,67.613
2024-07-17T05:07:18.324999,9,3.221923828125,67.613
2024-07-17T05:07:18.350143,9,3.221923828125,67.613
2024-07-17T05:07:18.375273,9,3.221923828125,67.613
2024-07-17T05:07:18.400385,9,3.221923828125,68.128
2024-07-17T05:07:18.425537,9,3.221923828125,68.128
2024-07-17T05:07:18.450692,9,3.221923828125,68.128
2024-07-17T05:07:18.475816,9,3.221923828125,68.128
2024-07-17T05:07:18.500959,9,3.221923828125,67.709
2024-07-17T05:07:18.526141,9,3.221923828125,67.709
2024-07-17T05:07:18.551272,9,3.221923828125,67.709
2024-07-17T05:07:18.576465,9,3.221923828125,68.472
2024-07-17T05:07:18.601585,9,3.221923828125,68.472
2024-07-17T05:07:18.626698,9,3.221923828125,68.472
2024-07-17T05:07:18.651873,9,3.221923828125,68.472
2024-07-17T05:07:18.676983,9,3.221923828125,67.703
2024-07-17T05:07:18.702094,9,3.221923828125,67.703
2024-07-17T05:07:18.727229,9,3.221923828125,67.703
2024-07-17T05:07:18.752340,9,3.221923828125,67.703
2024-07-17T05:07:18.777451,9,3.221923828125,67.703
2024-07-17T05:07:18.802576,9,3.221923828125,67.139
2024-07-17T05:07:18.827688,9,3.221923828125,67.139
2024-07-17T05:07:18.852829,9,3.221923828125,67.139
2024-07-17T05:07:18.877953,9,3.221923828125,67.915
2024-07-17T05:07:18.903087,9,3.221923828125,67.915
2024-07-17T05:07:18.928235,9,3.221923828125,67.915
2024-07-17T05:07:18.953436,9,3.221923828125,67.915
2024-07-17T05:07:18.978590,9,3.221923828125,67.915
2024-07-17T05:07:19.003703,9,3.221923828125,67.094
2024-07-17T05:07:19.028825,9,3.221923828125,67.094
2024-07-17T05:07:19.053949,9,3.221923828125,67.094
2024-07-17T05:07:19.079079,9,3.221923828125,67.094
2024-07-17T05:07:19.104191,9,3.221923828125,68.013
2024-07-17T05:07:19.129302,9,3.221923828125,68.013
2024-07-17T05:07:19.154415,9,3.221923828125,68.013
2024-07-17T05:07:19.179528,9,3.221923828125,68.013
2024-07-17T05:07:19.204674,9,3.221923828125,68.013
2024-07-17T05:07:19.229804,9,3.221923828125,67.818
2024-07-17T05:07:19.254938,9,3.221923828125,67.818
2024-07-17T05:07:19.280057,9,3.221923828125,67.818
2024-07-17T05:07:19.305192,9,3.221923828125,67.818
2024-07-17T05:07:19.330323,9,3.221923828125,67.818
2024-07-17T05:07:19.355435,9,3.221923828125,67.818
2024-07-17T05:07:19.380559,9,3.221923828125,67.818
2024-07-17T05:07:19.405671,9,3.221923828125,67.818
2024-07-17T05:07:19.430833,9,3.221923828125,67.807
2024-07-17T05:07:19.455949,9,3.221923828125,67.807
2024-07-17T05:07:19.481089,9,3.221923828125,67.807
2024-07-17T05:07:19.506211,9,3.221923828125,67.807
2024-07-17T05:07:19.531332,9,3.221923828125,67.191
2024-07-17T05:07:19.556452,9,3.221923828125,67.191
2024-07-17T05:07:19.581568,9,3.221923828125,67.191
2024-07-17T05:07:19.606706,9,3.221923828125,67.191
2024-07-17T05:07:19.631825,9,3.221923828125,67.191
2024-07-17T05:07:19.656938,9,3.221923828125,67.191
2024-07-17T05:07:19.682051,9,3.221923828125,67.191
2024-07-17T05:07:19.707171,9,3.221923828125,68.09
2024-07-17T05:07:19.732282,9,3.221923828125,68.09
2024-07-17T05:07:19.757415,9,3.221923828125,68.09
2024-07-17T05:07:19.782536,9,3.221923828125,68.09
2024-07-17T05:07:19.807655,9,3.221923828125,68.09
2024-07-17T05:07:19.832786,9,3.221923828125,68.065
2024-07-17T05:07:19.857897,9,3.221923828125,68.065
2024-07-17T05:07:19.883015,9,3.221923828125,68.065
2024-07-17T05:07:19.908127,9,3.221923828125,68.065
2024-07-17T05:07:19.933329,9,3.221923828125,67.263
2024-07-17T05:07:19.958465,9,3.221923828125,67.263
2024-07-17T05:07:19.983625,9,3.221923828125,67.263
2024-07-17T05:07:20.008826,9,3.221923828125,67.263
2024-07-17T05:07:20.033954,9,3.221923828125,67.263
2024-07-17T05:07:20.059069,9,3.221923828125,67.941
2024-07-17T05:07:20.084189,9,3.221923828125,67.941
2024-07-17T05:07:20.109392,9,3.221923828125,67.941
2024-07-17T05:07:20.134504,9,3.221923828125,67.431
2024-07-17T05:07:20.159624,9,3.221923828125,67.431
2024-07-17T05:07:20.184748,9,3.221923828125,67.431
2024-07-17T05:07:20.209868,9,3.221923828125,67.431
2024-07-17T05:07:20.235021,9,3.221923828125,67.431
2024-07-17T05:07:20.260157,9,3.221923828125,68.155
2024-07-17T05:07:20.285281,9,3.221923828125,68.155
2024-07-17T05:07:20.310405,9,3.221923828125,68.155
2024-07-17T05:07:20.335531,9,3.221923828125,67.483
2024-07-17T05:07:20.360642,9,3.221923828125,67.483
2024-07-17T05:07:20.385776,9,3.221923828125,67.483
2024-07-17T05:07:20.410948,9,3.221923828125,67.483
2024-07-17T05:07:20.436067,9,3.221923828125,68.285
2024-07-17T05:07:20.461209,9,3.221923828125,68.285
2024-07-17T05:07:20.486414,9,3.221923828125,68.285
2024-07-17T05:07:20.511585,9,3.221923828125,68.285
2024-07-17T05:07:20.536759,9,3.221923828125,67.556
2024-07-17T05:07:20.561879,9,3.221923828125,67.556
2024-07-17T05:07:20.586999,9,3.221923828125,67.556
2024-07-17T05:07:20.612112,9,3.221923828125,67.556
2024-07-17T05:07:20.637232,9,3.221923828125,67.556
2024-07-17T05:07:20.662356,9,3.221923828125,67.255
2024-07-17T05:07:20.687499,9,3.221923828125,67.255
2024-07-17T05:07:20.712699,9,3.221923828125,67.255
2024-07-17T05:07:20.737811,9,3.221923828125,67.766
2024-07-17T05:07:20.762937,9,3.221923828125,67.766
2024-07-17T05:07:20.788076,9,3.221923828125,67.766
2024-07-17T05:07:20.813226,9,3.221923828125,67.766
2024-07-17T05:07:20.838352,9,3.221923828125,67.766
2024-07-17T05:07:20.863463,9,3.221923828125,67.061
2024-07-17T05:07:20.888629,9,3.221923828125,67.061
2024-07-17T05:07:20.913793,9,3.221923828125,67.061
2024-07-17T05:07:20.938892,9,3.221923828125,67.061
2024-07-17T05:07:20.964045,9,3.221923828125,67.747
2024-07-17T05:07:20.989158,9,3.221923828125,67.747
2024-07-17T05:07:21.014280,9,3.221923828125,67.747
2024-07-17T05:07:21.039436,9,3.221923828125,67.747
2024-07-17T05:07:21.064547,9,3.221923828125,67.747
2024-07-17T05:07:21.089695,9,3.221923828125,67.184
2024-07-17T05:07:21.114867,9,3.221923828125,67.184
2024-07-17T05:07:21.139998,9,3.221923828125,67.184
2024-07-17T05:07:21.165116,9,3.221923828125,67.987
2024-07-17T05:07:21.190255,9,3.221923828125,67.987
2024-07-17T05:07:21.215366,9,3.221923828125,67.987
2024-07-17T05:07:21.240494,9,3.221923828125,67.987
2024-07-17T05:07:21.265618,9,3.221923828125,67.987
2024-07-17T05:07:21.290767,9,3.221923828125,67.139
2024-07-17T05:07:21.315918,9,3.221923828125,67.139
2024-07-17T05:07:21.341029,9,3.221923828125,67.139
2024-07-17T05:07:21.366175,9,3.221923828125,68.038
2024-07-17T05:07:21.391329,9,3.221923828125,68.038
2024-07-17T05:07:21.416440,9,3.221923828125,68.038
2024-07-17T05:07:21.441631,9,3.221923828125,68.038
2024-07-17T05:07:21.466742,9,3.221923828125,66.99
2024-07-17T05:07:21.491871,9,3.221923828125,66.99
2024-07-17T05:07:21.517032,9,3.221923828125,66.99
2024-07-17T05:07:21.542142,9,3.221923828125,66.99
2024-07-17T05:07:21.567270,9,3.221923828125,67.916
2024-07-17T05:07:21.592456,9,3.221923828125,67.916
2024-07-17T05:07:21.617616,9,3.221923828125,67.916
2024-07-17T05:07:21.642730,9,3.221923828125,67.916
2024-07-17T05:07:21.667866,9,3.221923828125,67.916
2024-07-17T05:07:21.692977,9,3.221923828125,67.158
2024-07-17T05:07:21.718089,9,3.221923828125,67.158
2024-07-17T05:07:21.743211,9,3.221923828125,67.158
2024-07-17T05:07:21.768352,9,3.221923828125,67.941
2024-07-17T05:07:21.793540,9,3.221923828125,67.941
2024-07-17T05:07:21.818664,8,3.221923828125,67.941
2024-07-17T05:07:21.843792,8,3.221923828125,67.941
2024-07-17T05:07:21.868892,8,3.221923828125,67.941
2024-07-17T05:07:21.894002,8,3.221923828125,67.378
2024-07-17T05:07:21.919113,8,3.221923828125,67.378
2024-07-17T05:07:21.944227,8,3.221923828125,67.378
2024-07-17T05:07:21.969352,8,3.221923828125,67.378
2024-07-17T05:07:21.994502,8,3.221923828125,68.128
2024-07-17T05:07:22.019716,9,3.221923828125,68.128
2024-07-17T05:07:22.044836,9,3.221923828125,68.128
2024-07-17T05:07:22.069951,9,3.221923828125,68.128
2024-07-17T05:07:22.095105,9,3.221923828125,68.128
2024-07-17T05:07:22.120288,9,3.221923828125,67.548
2024-07-17T05:07:22.145399,9,3.221923828125,67.548
2024-07-17T05:07:22.170519,9,3.221923828125,67.548
2024-07-17T05:07:22.195633,9,3.221923828125,68.038
2024-07-17T05:07:22.220774,9,3.221923828125,68.038
2024-07-17T05:07:22.245859,9,3.221923828125,68.038
2024-07-17T05:07:22.270987,9,3.221923828125,68.038
2024-07-17T05:07:22.296181,9,3.221923828125,68.038
2024-07-17T05:07:22.321304,9,3.221923828125,67.488
2024-07-17T05:07:22.346427,9,3.221923828125,67.488
2024-07-17T05:07:22.371538,9,3.221923828125,67.488
2024-07-17T05:07:22.396683,9,3.221923828125,68.408
2024-07-17T05:07:22.421803,9,3.221923828125,68.408
2024-07-17T05:07:22.447017,9,3.221923828125,68.408
2024-07-17T05:07:22.472145,9,3.221923828125,68.408
2024-07-17T05:07:22.497256,9,3.221923828125,67.774
2024-07-17T05:07:22.522381,9,3.221923828125,67.774
2024-07-17T05:07:22.547494,9,3.221923828125,67.774
2024-07-17T05:07:22.572606,9,3.221923828125,67.774
2024-07-17T05:07:22.597726,9,3.221923828125,67.139
2024-07-17T05:07:22.622871,9,3.221923828125,67.139
2024-07-17T05:07:22.648011,9,3.221923828125,67.139
2024-07-17T05:07:22.673148,9,3.221923828125,67.139
2024-07-17T05:07:22.698259,9,3.221923828125,67.139
2024-07-17T05:07:22.723410,9,3.221923828125,67.787
2024-07-17T05:07:22.748586,9,3.221923828125,67.787
2024-07-17T05:07:22.773697,9,3.221923828125,67.787
2024-07-17T05:07:22.798851,9,3.221923828125,67.235
2024-07-17T05:07:22.824030,9,3.221923828125,67.235
2024-07-17T05:07:22.849172,9,3.221923828125,67.235
2024-07-17T05:07:22.874284,9,3.221923828125,67.235
2024-07-17T05:07:22.899408,9,3.221923828125,67.235
2024-07-17T05:07:22.924534,9,3.221923828125,67.567
2024-07-17T05:07:22.949718,9,3.221923828125,67.567
2024-07-17T05:07:22.974840,9,3.221923828125,67.567
2024-07-17T05:07:22.999963,9,3.221923828125,67.567
2024-07-17T05:07:23.025095,9,3.221923828125,67.042
2024-07-17T05:07:23.050219,9,3.221923828125,67.042
2024-07-17T05:07:23.075396,9,3.221923828125,67.042
2024-07-17T05:07:23.100507,9,3.221923828125,67.042
2024-07-17T05:07:23.125618,9,3.221923828125,67.042
2024-07-17T05:07:23.150776,9,3.221923828125,66.919
2024-07-17T05:07:23.175915,9,3.221923828125,66.919
2024-07-17T05:07:23.201073,9,3.221923828125,66.919
2024-07-17T05:07:23.226248,9,3.221923828125,66.919
2024-07-17T05:07:23.251360,9,3.221923828125,66.919
2024-07-17T05:07:23.276512,9,3.221923828125,66.919
2024-07-17T05:07:23.301639,9,3.221923828125,66.919
2024-07-17T05:07:23.326764,9,3.221923828125,66.919
2024-07-17T05:07:23.351910,9,3.221923828125,66.921
2024-07-17T05:07:23.377047,9,3.221923828125,66.921
2024-07-17T05:07:23.402180,9,3.221923828125,66.921
2024-07-17T05:07:23.427305,9,3.221923828125,66.921
2024-07-17T05:07:23.452494,9,3.221923828125,66.921
2024-07-17T05:07:23.477641,9,3.221923828125,66.921
2024-07-17T05:07:23.502754,9,3.221923828125,66.921
2024-07-17T05:07:23.527908,9,3.221923828125,67.881
2024-07-17T05:07:23.553041,9,3.221923828125,67.881
2024-07-17T05:07:23.578173,9,3.221923828125,67.881
2024-07-17T05:07:23.603300,9,3.221923828125,67.881
2024-07-17T05:07:23.628420,9,3.221923828125,67.21
2024-07-17T05:07:23.653532,9,3.221923828125,67.21
2024-07-17T05:07:23.678657,9,3.221923828125,67.21
2024-07-17T05:07:23.703767,9,3.221923828125,67.21
2024-07-17T05:07:23.728905,9,3.221923828125,67.21
2024-07-17T05:07:23.754016,9,3.221923828125,67.115
2024-07-17T05:07:23.779129,9,3.221923828125,67.115
2024-07-17T05:07:23.804259,9,3.221923828125,67.115
2024-07-17T05:07:23.829379,9,3.221923828125,67.115
2024-07-17T05:07:23.854506,9,3.221923828125,67.665
2024-07-17T05:07:23.879636,9,3.221923828125,67.665
2024-07-17T05:07:23.904787,9,3.221923828125,67.665
2024-07-17T05:07:23.929881,9,3.221923828125,67.665
2024-07-17T05:07:23.954991,9,3.221923828125,67.326
2024-07-17T05:07:23.980196,9,3.221923828125,67.326
2024-07-17T05:07:24.005309,9,3.221923828125,67.326
2024-07-17T05:07:24.030475,9,3.221923828125,67.326
2024-07-17T05:07:24.055645,9,3.221923828125,67.774
2024-07-17T05:07:24.080756,9,3.221923828125,67.774
2024-07-17T05:07:24.105859,9,3.221923828125,67.774
2024-07-17T05:07:24.130970,9,3.221923828125,67.774
2024-07-17T05:07:24.156135,9,3.221923828125,67.774
2024-07-17T05:07:24.181255,9,3.221923828125,67.096
2024-07-17T05:07:24.206392,9,3.221923828125,67.096
2024-07-17T05:07:24.231513,9,3.221923828125,67.096
2024-07-17T05:07:24.256684,9,3.221923828125,67.941
2024-07-17T05:07:24.281795,9,3.221923828125,67.941
2024-07-17T05:07:24.306921,9,3.221923828125,67.941
2024-07-17T05:07:24.332058,9,3.221923828125,67.941
2024-07-17T05:07:24.357248,9,3.221923828125,67.941
2024-07-17T05:07:24.382359,9,3.221923828125,67.405
2024-07-17T05:07:24.407491,9,3.221923828125,67.405
2024-07-17T05:07:24.432603,9,3.221923828125,67.405
2024-07-17T05:07:24.457716,9,3.221923828125,67.405
2024-07-17T05:07:24.482858,9,3.221923828125,67.184
2024-07-17T05:07:24.507979,9,3.221923828125,67.184
2024-07-17T05:07:24.533106,9,3.221923828125,67.184
2024-07-17T05:07:24.558217,9,3.221923828125,67.443
2024-07-17T05:07:24.583337,9,3.221923828125,67.443
2024-07-17T05:07:24.608522,9,3.221923828125,67.443
2024-07-17T05:07:24.633634,9,3.221923828125,67.443
2024-07-17T05:07:24.658774,9,3.221923828125,66.751
2024-07-17T05:07:24.683866,9,3.221923828125,66.751
2024-07-17T05:07:24.709010,9,3.221923828125,66.751
2024-07-17T05:07:24.734131,9,3.221923828125,66.751
2024-07-17T05:07:24.759272,9,3.221923828125,66.751
2024-07-17T05:07:24.784383,9,3.221923828125,67.599
2024-07-17T05:07:24.809569,9,3.221923828125,67.599
2024-07-17T05:07:24.834692,9,3.221923828125,67.599
2024-07-17T05:07:24.859804,9,3.221923828125,67.599
2024-07-17T05:07:24.884918,9,3.221923828125,66.99
2024-07-17T05:07:24.910031,9,3.221923828125,66.99
2024-07-17T05:07:24.935144,9,3.221923828125,66.99
2024-07-17T05:07:24.960312,9,3.221923828125,66.99
2024-07-17T05:07:25.052596,9,3.221923828125,67.406
2024-07-17T05:07:25.077860,9,3.221923828125,64.02
2024-07-17T05:07:25.102987,9,3.221923828125,64.02
2024-07-17T05:07:25.128141,8,3.221923828125,64.02
2024-07-17T05:07:25.153254,8,3.221923828125,64.02
2024-07-17T05:07:25.178376,8,3.221923828125,64.02
2024-07-17T05:07:25.203543,8,3.221923828125,66.838
2024-07-17T05:07:25.228655,8,3.221923828125,66.838
2024-07-17T05:07:25.253843,8,3.221923828125,66.838
2024-07-17T05:07:25.278966,8,3.221923828125,67.792
2024-07-17T05:07:25.304089,8,3.221923828125,67.792
2024-07-17T05:07:25.329210,5,3.221923828125,67.792
2024-07-17T05:07:25.354411,5,3.221923828125,67.792
2024-07-17T05:07:25.379610,5,3.221923828125,67.792
2024-07-17T05:07:25.404738,5,3.221923828125,66.805
2024-07-17T05:07:25.429853,5,3.221923828125,66.805
2024-07-17T05:07:25.454982,5,3.221923828125,66.805
2024-07-17T05:07:25.480101,5,3.221923828125,66.805
2024-07-17T05:07:25.505213,8,3.221923828125,67.662
2024-07-17T05:07:25.530373,8,3.221923828125,67.662
2024-07-17T05:07:25.555498,8,3.221923828125,67.662
2024-07-17T05:07:25.580659,8,3.221923828125,67.662
2024-07-17T05:07:25.605799,8,3.221923828125,66.972
2024-07-17T05:07:25.630964,8,3.221923828125,66.972
2024-07-17T05:07:25.656169,8,3.221923828125,66.972
2024-07-17T05:07:25.681281,8,3.221923828125,66.972
2024-07-17T05:07:25.706393,8,3.221923828125,67.458
2024-07-17T05:07:25.731515,9,3.221923828125,67.458
2024-07-17T05:07:25.756691,9,3.221923828125,67.458
2024-07-17T05:07:25.781819,9,3.221923828125,67.458
2024-07-17T05:07:25.806933,9,3.221923828125,67.458
2024-07-17T05:07:25.832045,9,3.221923828125,67.191
2024-07-17T05:07:25.857179,9,3.221923828125,67.191
2024-07-17T05:07:25.882299,9,3.221923828125,67.191
2024-07-17T05:07:25.907426,9,3.221923828125,67.896
2024-07-17T05:07:25.932547,9,3.221923828125,67.896
2024-07-17T05:07:25.957659,9,3.221923828125,67.896
2024-07-17T05:07:25.982802,9,3.221923828125,67.896
2024-07-17T05:07:26.007927,9,3.221923828125,67.896
2024-07-17T05:07:26.033085,9,3.221923828125,67.352
2024-07-17T05:07:26.058251,9,3.221923828125,67.352
2024-07-17T05:07:26.083362,9,3.221923828125,67.352
2024-07-17T05:07:26.108519,9,3.221923828125,67.837
2024-07-17T05:07:26.133632,9,3.221923828125,67.837
2024-07-17T05:07:26.158762,9,3.221923828125,67.837
2024-07-17T05:07:26.183870,9,3.221923828125,67.837
2024-07-17T05:07:26.209040,9,3.221923828125,67.837
2024-07-17T05:07:26.234160,9,3.221923828125,67.236
2024-07-17T05:07:26.259287,9,3.221923828125,67.236
2024-07-17T05:07:26.284410,9,3.221923828125,67.236
2024-07-17T05:07:26.309522,9,3.221923828125,67.665
2024-07-17T05:07:26.334652,9,3.221923828125,67.665
2024-07-17T05:07:26.359779,9,3.221923828125,67.665
2024-07-17T05:07:26.384859,9,3.221923828125,67.665
2024-07-17T05:07:26.409988,9,3.221923828125,67.665
2024-07-17T05:07:26.435127,9,3.221923828125,67.288
2024-07-17T05:07:26.460245,9,3.221923828125,67.288
2024-07-17T05:07:26.485383,9,3.221923828125,67.288
2024-07-17T05:07:26.510508,9,3.221923828125,67.288
2024-07-17T05:07:26.535702,9,3.221923828125,67.087
2024-07-17T05:07:26.560826,9,3.221923828125,67.087
2024-07-17T05:07:26.585959,9,3.221923828125,67.087
2024-07-17T05:07:26.611096,9,3.221923828125,67.087
2024-07-17T05:07:26.636207,9,3.221923828125,67.586
2024-07-17T05:07:26.661336,9,3.221923828125,67.586
2024-07-17T05:07:26.686447,9,3.221923828125,67.586
2024-07-17T05:07:26.711559,9,3.221923828125,67.586
2024-07-17T05:07:26.736670,9,3.221923828125,67.087
2024-07-17T05:07:26.761800,9,3.221923828125,67.087
2024-07-17T05:07:26.786966,9,3.221923828125,67.087
2024-07-17T05:07:26.812118,9,3.221923828125,67.087
2024-07-17T05:07:26.837229,9,3.221923828125,67.087
2024-07-17T05:07:26.862343,9,3.221923828125,67.638
2024-07-17T05:07:26.887468,9,3.221923828125,67.638
2024-07-17T05:07:26.912615,9,3.221923828125,67.638
2024-07-17T05:07:26.937785,9,3.221923828125,67.219
2024-07-17T05:07:26.962864,9,3.221923828125,67.219
2024-07-17T05:07:26.988032,9,3.221923828125,67.219
2024-07-17T05:07:27.013154,9,3.221923828125,67.219
2024-07-17T05:07:27.038300,9,3.221923828125,67.219
2024-07-17T05:07:27.063415,9,3.221923828125,66.723
2024-07-17T05:07:27.088527,9,3.221923828125,66.723
2024-07-17T05:07:27.113664,9,3.221923828125,66.723
2024-07-17T05:07:27.138775,9,3.221923828125,66.723
2024-07-17T05:07:27.163927,9,3.221923828125,66.723
2024-07-17T05:07:27.189039,9,3.221923828125,66.723
2024-07-17T05:07:27.214152,9,3.221923828125,66.723
2024-07-17T05:07:27.239264,9,3.221923828125,66.723
2024-07-17T05:07:27.264385,9,3.221923828125,67.061
2024-07-17T05:07:27.289527,9,3.221923828125,67.061
2024-07-17T05:07:27.314661,9,3.221923828125,67.061
2024-07-17T05:07:27.339820,9,3.221923828125,67.061
2024-07-17T05:07:27.364934,9,3.221923828125,67.061
2024-07-17T05:07:27.390076,9,3.221923828125,67.061
2024-07-17T05:07:27.415211,9,3.221923828125,67.061
2024-07-17T05:07:27.440337,9,3.221923828125,67.061
2024-07-17T05:07:27.465511,9,3.221923828125,68.013
2024-07-17T05:07:27.490685,9,3.221923828125,68.013
2024-07-17T05:07:27.515820,9,3.221923828125,68.013
2024-07-17T05:07:27.540958,9,3.221923828125,68.013
2024-07-17T05:07:27.566145,9,3.221923828125,67.475
2024-07-17T05:07:27.591274,8,3.221923828125,67.475
2024-07-17T05:07:27.616423,8,3.221923828125,67.475
2024-07-17T05:07:27.641585,8,3.221923828125,67.475
2024-07-17T05:07:27.666703,8,3.221923828125,67.158
2024-07-17T05:07:27.691875,8,3.221923828125,67.158
2024-07-17T05:07:27.716984,8,3.221923828125,67.158
2024-07-17T05:07:27.742136,8,3.221923828125,67.158
2024-07-17T05:07:27.767306,8,3.221923828125,67.818
2024-07-17T05:07:27.792420,9,3.221923828125,67.818
2024-07-17T05:07:27.817550,9,3.221923828125,67.818
2024-07-17T05:07:27.842683,9,3.221923828125,67.818
2024-07-17T05:07:27.867805,9,3.221923828125,67.818
2024-07-17T05:07:27.892947,9,3.221923828125,67.458
2024-07-17T05:07:27.918066,9,3.221923828125,67.458
2024-07-17T05:07:27.943190,9,3.221923828125,67.458
2024-07-17T05:07:27.968323,9,3.221923828125,68.038
2024-07-17T05:07:27.993450,9,3.221923828125,68.038
2024-07-17T05:07:28.018625,9,3.221923828125,68.038
2024-07-17T05:07:28.043767,9,3.221923828125,68.038
2024-07-17T05:07:28.068883,9,3.221923828125,68.038
2024-07-17T05:07:28.093994,9,3.221923828125,67.431
2024-07-17T05:07:28.119107,9,3.221923828125,67.431
2024-07-17T05:07:28.144244,9,3.221923828125,67.431
2024-07-17T05:07:28.169370,9,3.221923828125,67.611
2024-07-17T05:07:28.194508,9,3.221923828125,67.611
2024-07-17T05:07:28.219620,9,3.221923828125,67.611
2024-07-17T05:07:28.244733,9,3.221923828125,67.611
2024-07-17T05:07:28.269871,9,3.221923828125,67.611
2024-07-17T05:07:28.295018,9,3.221923828125,67.263
2024-07-17T05:07:28.320143,9,3.221923828125,67.263
2024-07-17T05:07:28.345255,9,3.221923828125,67.263
2024-07-17T05:07:28.370367,9,3.221923828125,66.751
2024-07-17T05:07:28.395478,9,3.221923828125,66.751
2024-07-17T05:07:28.420590,9,3.221923828125,66.751
2024-07-17T05:07:28.445721,9,3.221923828125,66.751
2024-07-17T05:07:28.470868,9,3.221923828125,66.751
2024-07-17T05:07:28.496016,9,3.221923828125,67.462
2024-07-17T05:07:28.521127,9,3.221923828125,67.462
2024-07-17T05:07:28.546249,9,3.221923828125,67.462
2024-07-17T05:07:28.571371,9,3.221923828125,67.462
2024-07-17T05:07:28.596483,9,3.221923828125,66.724
2024-07-17T05:07:28.621617,9,3.221923828125,66.724
2024-07-17T05:07:28.646737,9,3.221923828125,66.724
2024-07-17T05:07:28.671893,9,3.221923828125,66.724
2024-07-17T05:07:28.697027,9,3.221923828125,67.475
2024-07-17T05:07:28.722200,9,3.221923828125,67.475
2024-07-17T05:07:28.747313,9,3.221923828125,67.475
2024-07-17T05:07:28.772488,9,3.221923828125,67.475
2024-07-17T05:07:28.797621,9,3.221923828125,66.945
2024-07-17T05:07:28.822733,9,3.221923828125,66.945
2024-07-17T05:07:28.847871,9,3.221923828125,66.945
2024-07-17T05:07:28.873001,9,3.221923828125,66.945
2024-07-17T05:07:28.898161,9,3.221923828125,66.945
2024-07-17T05:07:28.923272,9,3.221923828125,67.431
2024-07-17T05:07:28.948385,9,3.221923828125,67.431
2024-07-17T05:07:28.973512,9,3.221923828125,67.431
2024-07-17T05:07:28.998647,9,3.221923828125,67.016
2024-07-17T05:07:29.023786,9,3.221923828125,67.016
2024-07-17T05:07:29.048903,9,3.221923828125,67.016
2024-07-17T05:07:29.074013,9,3.221923828125,67.016
2024-07-17T05:07:29.099137,9,3.221923828125,67.016
2024-07-17T05:07:29.124298,9,3.221923828125,67.556
2024-07-17T05:07:29.149409,9,3.221923828125,67.556
2024-07-17T05:07:29.174579,9,3.221923828125,67.556
2024-07-17T05:07:29.199690,9,3.221923828125,66.945
2024-07-17T05:07:29.224840,9,3.221923828125,66.945
2024-07-17T05:07:29.249953,9,3.221923828125,66.945
2024-07-17T05:07:29.275065,9,3.221923828125,66.945
2024-07-17T05:07:29.300199,9,3.221923828125,66.945
2024-07-17T05:07:29.325319,9,3.221923828125,67.851
2024-07-17T05:07:29.350448,9,3.221923828125,67.851
2024-07-17T05:07:29.375643,9,3.221923828125,67.851
2024-07-17T05:07:29.400798,9,3.221923828125,67.851
2024-07-17T05:07:29.425961,9,3.221923828125,67.21
2024-07-17T05:07:29.451134,9,3.221923828125,67.21
2024-07-17T05:07:29.476289,9,3.221923828125,67.21
2024-07-17T05:07:29.501422,9,3.221923828125,67.21
2024-07-17T05:07:29.526611,9,3.221923828125,67.852
2024-07-17T05:07:29.551723,9,3.221923828125,67.852
2024-07-17T05:07:29.576838,9,3.221923828125,67.852
2024-07-17T05:07:29.601953,9,3.221923828125,67.852
2024-07-17T05:07:29.627084,9,3.221923828125,67.212
2024-07-17T05:07:29.652203,9,3.221923828125,67.212
2024-07-17T05:07:29.677389,9,3.221923828125,67.212
2024-07-17T05:07:29.702543,9,3.221923828125,67.212
2024-07-17T05:07:29.727679,9,3.221923828125,67.212
2024-07-17T05:07:29.752808,9,3.221923828125,67.638
2024-07-17T05:07:29.778002,9,3.221923828125,67.638
2024-07-17T05:07:29.803113,9,3.221923828125,67.638
2024-07-17T05:07:29.828259,9,3.221923828125,67.308
2024-07-17T05:07:29.853370,9,3.221923828125,67.308
2024-07-17T05:07:29.878495,9,3.221923828125,67.308
2024-07-17T05:07:29.903656,9,3.221923828125,67.308
2024-07-17T05:07:29.928796,9,3.221923828125,67.308
2024-07-17T05:07:29.953971,9,3.221923828125,68.066
2024-07-17T05:07:29.979088,9,3.221923828125,68.066
2024-07-17T05:07:30.004199,9,3.221923828125,68.066
2024-07-17T05:07:30.029334,9,3.221923828125,67.327
2024-07-17T05:07:30.054446,9,3.221923828125,67.327
2024-07-17T05:07:30.079561,9,3.221923828125,67.327
2024-07-17T05:07:30.104674,9,3.221923828125,67.327
2024-07-17T05:07:30.129798,9,3.221923828125,67.327
2024-07-17T05:07:30.154912,9,3.221923828125,67.665
2024-07-17T05:07:30.180036,9,3.221923828125,67.665
2024-07-17T05:07:30.205164,9,3.221923828125,67.665
2024-07-17T05:07:30.230287,9,3.221923828125,67.502
2024-07-17T05:07:30.255399,9,3.221923828125,67.502
2024-07-17T05:07:30.280579,9,3.221923828125,67.502
2024-07-17T05:07:30.305726,9,3.221923828125,67.502
2024-07-17T05:07:30.330852,9,3.221923828125,67.502
2024-07-17T05:07:30.355964,9,3.221923828125,66.867
2024-07-17T05:07:30.381074,9,3.221923828125,66.867
2024-07-17T05:07:30.406187,9,3.221923828125,66.867
2024-07-17T05:07:30.431309,9,3.221923828125,66.867
2024-07-17T05:07:30.456433,9,3.221923828125,67.515
2024-07-17T05:07:30.481545,9,3.221923828125,67.515
2024-07-17T05:07:30.506683,9,3.221923828125,67.515
2024-07-17T05:07:30.531794,9,3.221923828125,67.515
2024-07-17T05:07:30.556920,9,3.221923828125,67.139
2024-07-17T05:07:30.582096,9,3.221923828125,67.139
2024-07-17T05:07:30.607207,9,3.221923828125,67.139
2024-07-17T05:07:30.632372,9,3.221923828125,67.139
2024-07-17T05:07:30.657494,9,3.221923828125,67.599
2024-07-17T05:07:30.682640,9,3.221923828125,67.599
2024-07-17T05:07:30.707760,9,3.221923828125,67.599
2024-07-17T05:07:30.732874,9,3.221923828125,67.599
2024-07-17T05:07:30.758071,9,3.221923828125,67.599
2024-07-17T05:07:30.783201,9,3.221923828125,66.964
2024-07-17T05:07:30.808352,9,3.221923828125,66.964
2024-07-17T05:07:30.833489,9,3.221923828125,66.964
2024-07-17T05:07:30.858612,9,3.221923828125,67.916
2024-07-17T05:07:30.883725,9,3.221923828125,67.916
2024-07-17T05:07:30.908861,9,3.221923828125,67.916
2024-07-17T05:07:30.933971,9,3.221923828125,67.916
2024-07-17T05:07:30.959109,9,3.221923828125,67.916
2024-07-17T05:07:30.984228,9,3.221923828125,67.599
2024-07-17T05:07:31.009349,9,3.221923828125,67.599
2024-07-17T05:07:31.034490,9,3.221923828125,67.599
2024-07-17T05:07:31.059621,9,3.221923828125,67.599
2024-07-17T05:07:31.084767,9,3.221923828125,67.599
2024-07-17T05:07:31.109914,9,3.221923828125,67.599
2024-07-17T05:07:31.135033,9,3.221923828125,67.599
2024-07-17T05:07:31.160164,9,3.221923828125,67.599
2024-07-17T05:07:31.185322,9,3.221923828125,67.613
2024-07-17T05:07:31.210433,9,3.221923828125,67.613
2024-07-17T05:07:31.235547,9,3.221923828125,67.613
2024-07-17T05:07:31.260706,9,3.221923828125,67.613
2024-07-17T05:07:31.285857,9,3.221923828125,67.613
2024-07-17T05:07:31.310990,8,3.221923828125,67.613
2024-07-17T05:07:31.336100,8,3.221923828125,67.613
2024-07-17T05:07:31.361212,8,3.221923828125,67.613
2024-07-17T05:07:31.386345,8,3.221923828125,67.916
2024-07-17T05:07:31.411529,8,3.221923828125,67.916
2024-07-17T05:07:31.436665,8,3.221923828125,67.916
2024-07-17T05:07:31.461808,8,3.221923828125,67.916
2024-07-17T05:07:31.486951,9,3.221923828125,67.281
2024-07-17T05:07:31.512115,9,3.221923828125,67.281
2024-07-17T05:07:31.537237,9,3.221923828125,67.281
2024-07-17T05:07:31.562363,9,3.221923828125,67.281
2024-07-17T05:07:31.587502,9,3.221923828125,67.941
2024-07-17T05:07:31.612624,9,3.221923828125,67.941
2024-07-17T05:07:31.637756,9,3.221923828125,67.941
2024-07-17T05:07:31.662885,9,3.221923828125,67.941
2024-07-17T05:07:31.688060,9,3.221923828125,66.796
2024-07-17T05:07:31.713243,9,3.221923828125,66.796
2024-07-17T05:07:31.738357,9,3.221923828125,66.796
2024-07-17T05:07:31.763469,9,3.221923828125,66.796
2024-07-17T05:07:31.788650,9,3.221923828125,66.796
2024-07-17T05:07:31.813770,9,3.221923828125,67.792
2024-07-17T05:07:31.838859,9,3.221923828125,67.792
2024-07-17T05:07:31.863980,9,3.221923828125,67.792
2024-07-17T05:07:31.889107,9,3.221923828125,67.236
2024-07-17T05:07:31.914245,9,3.221923828125,67.236
2024-07-17T05:07:31.939357,8,3.221923828125,67.236
2024-07-17T05:07:31.964552,8,3.221923828125,67.236
2024-07-17T05:07:31.989664,8,3.221923828125,67.236
2024-07-17T05:07:32.014777,8,3.221923828125,68.02
2024-07-17T05:07:32.039902,8,3.221923828125,68.02
2024-07-17T05:07:32.065020,8,3.221923828125,68.02
2024-07-17T05:07:32.090166,8,3.221923828125,67.45
2024-07-17T05:07:32.115344,8,3.221923828125,67.45
2024-07-17T05:07:32.140455,9,3.221923828125,67.45
2024-07-17T05:07:32.165582,9,3.221923828125,67.45
2024-07-17T05:07:32.190734,9,3.221923828125,67.45
2024-07-17T05:07:32.215875,9,3.221923828125,66.9
2024-07-17T05:07:32.240998,9,3.221923828125,66.9
2024-07-17T05:07:32.266117,9,3.221923828125,66.9
2024-07-17T05:07:32.291240,9,3.221923828125,67.502
2024-07-17T05:07:32.316411,9,3.221923828125,67.502
2024-07-17T05:07:32.341548,9,3.221923828125,67.502
2024-07-17T05:07:32.366693,9,3.221923828125,67.502
2024-07-17T05:07:32.391817,9,3.221923828125,67.502
2024-07-17T05:07:32.416983,9,3.221923828125,66.778
2024-07-17T05:07:32.442109,9,3.221923828125,66.778
2024-07-17T05:07:32.467345,9,3.221923828125,66.778
2024-07-17T05:07:32.492518,9,3.221923828125,66.778
2024-07-17T05:07:32.517659,9,3.221923828125,66.778
2024-07-17T05:07:32.542770,9,3.221923828125,67.334
2024-07-17T05:07:32.567896,9,3.221923828125,67.334
2024-07-17T05:07:32.593076,9,3.221923828125,67.334
2024-07-17T05:07:32.618277,9,3.221923828125,67.061
2024-07-17T05:07:32.643436,9,3.221923828125,67.061
2024-07-17T05:07:32.668547,9,3.221923828125,67.061
2024-07-17T05:07:32.693659,9,3.221923828125,67.061
2024-07-17T05:07:32.718772,9,3.221923828125,67.665
2024-07-17T05:07:32.743860,9,3.221923828125,67.665
2024-07-17T05:07:32.768973,9,3.221923828125,67.665
2024-07-17T05:07:32.794167,9,3.221923828125,67.665
2024-07-17T05:07:32.819279,9,3.221923828125,67.665
2024-07-17T05:07:32.844431,9,3.221923828125,66.964
2024-07-17T05:07:32.869542,9,3.221923828125,66.964
2024-07-17T05:07:32.894654,9,3.221923828125,66.964
2024-07-17T05:07:32.919766,9,3.221923828125,67.889
2024-07-17T05:07:32.944859,9,3.221923828125,67.889
2024-07-17T05:07:32.969983,9,3.221923828125,67.889
2024-07-17T05:07:32.995104,9,3.221923828125,67.889
2024-07-17T05:07:33.020231,9,3.221923828125,67.889
2024-07-17T05:07:33.045425,9,3.221923828125,66.997
2024-07-17T05:07:33.070547,9,3.221923828125,66.997
2024-07-17T05:07:33.095737,9,3.221923828125,66.997
2024-07-17T05:07:33.120905,9,3.221923828125,67.792
2024-07-17T05:07:33.146026,9,3.221923828125,67.792
2024-07-17T05:07:33.171147,9,3.221923828125,67.792
2024-07-17T05:07:33.196258,9,3.221923828125,67.792
2024-07-17T05:07:33.221401,9,3.221923828125,67.792
2024-07-17T05:07:33.246549,9,3.221923828125,67.139
2024-07-17T05:07:33.271686,9,3.221923828125,67.139
2024-07-17T05:07:33.296797,9,3.221923828125,67.139
2024-07-17T05:07:33.321925,9,3.221923828125,67.139
2024-07-17T05:07:33.347062,9,3.221923828125,67.747
2024-07-17T05:07:33.372174,9,3.221923828125,67.747
2024-07-17T05:07:33.397338,9,3.221923828125,67.747
2024-07-17T05:07:33.422503,9,3.221923828125,67.747
2024-07-17T05:07:33.447660,9,3.221923828125,67.264
2024-07-17T05:07:33.472781,9,3.221923828125,67.264
2024-07-17T05:07:33.497867,9,3.221923828125,67.264
2024-07-17T05:07:33.523009,9,3.221923828125,67.264
2024-07-17T05:07:33.548120,9,3.221923828125,67.78
2024-07-17T05:07:33.573242,9,3.221923828125,67.78
2024-07-17T05:07:33.598378,9,3.221923828125,67.78
2024-07-17T05:07:33.623490,9,3.221923828125,67.78
2024-07-17T05:07:33.648634,9,3.221923828125,67.78
2024-07-17T05:07:33.673774,9,3.221923828125,67.307
2024-07-17T05:07:33.698867,9,3.221923828125,67.307
2024-07-17T05:07:33.724026,9,3.221923828125,67.307
2024-07-17T05:07:33.749146,9,3.221923828125,67.844
2024-07-17T05:07:33.774313,9,3.221923828125,67.844
2024-07-17T05:07:33.799424,9,3.221923828125,67.844
2024-07-17T05:07:33.824573,9,3.221923828125,67.844
2024-07-17T05:07:33.849736,9,3.221923828125,67.844
2024-07-17T05:07:33.874861,9,3.221923828125,67.458
2024-07-17T05:07:33.900020,9,3.221923828125,67.458
2024-07-17T05:07:33.925169,9,3.221923828125,67.458
2024-07-17T05:07:33.950329,9,3.221923828125,68.065
2024-07-17T05:07:33.975439,9,3.221923828125,68.065
2024-07-17T05:07:34.000561,9,3.221923828125,68.065
2024-07-17T05:07:34.025673,9,3.221923828125,68.065
2024-07-17T05:07:34.050786,9,3.221923828125,68.065
2024-07-17T05:07:34.075921,9,3.221923828125,67.405
2024-07-17T05:07:34.101040,9,3.221923828125,67.405
2024-07-17T05:07:34.126150,9,3.221923828125,67.405
2024-07-17T05:07:34.151271,9,3.221923828125,67.042
2024-07-17T05:07:34.176429,9,3.221923828125,67.042
2024-07-17T05:07:34.201571,9,3.221923828125,67.042
2024-07-17T05:07:34.226696,9,3.221923828125,67.042
2024-07-17T05:07:34.251816,9,3.221923828125,67.042
2024-07-17T05:07:34.276959,9,3.221923828125,67.567
2024-07-17T05:07:34.302077,9,3.221923828125,67.567
2024-07-17T05:07:34.327208,9,3.221923828125,67.567
2024-07-17T05:07:34.352328,9,3.221923828125,67.567
2024-07-17T05:07:34.377481,9,3.221923828125,67.087
2024-07-17T05:07:34.402641,9,3.221923828125,67.087
2024-07-17T05:07:34.427754,9,3.221923828125,67.087
2024-07-17T05:07:34.452889,9,3.221923828125,67.087
2024-07-17T05:07:34.477999,9,3.221923828125,67.599
2024-07-17T05:07:34.503124,9,3.221923828125,67.599
2024-07-17T05:07:34.528297,9,3.221923828125,67.599
2024-07-17T05:07:34.553472,9,3.221923828125,67.599
2024-07-17T05:07:34.578583,9,3.221923828125,66.921
2024-07-17T05:07:34.603707,9,3.221923828125,66.921
2024-07-17T05:07:34.628821,9,3.221923828125,66.921
2024-07-17T05:07:34.653958,9,3.221923828125,66.921
2024-07-17T05:07:34.679078,9,3.221923828125,66.921
2024-07-17T05:07:34.704213,9,3.221923828125,67.016
2024-07-17T05:07:34.729373,9,3.221923828125,67.016
2024-07-17T05:07:34.754528,9,3.221923828125,67.016
2024-07-17T05:07:34.779655,9,3.221923828125,67.016
2024-07-17T05:07:34.804781,9,3.221923828125,67.016
2024-07-17T05:07:34.829860,9,3.221923828125,67.016
2024-07-17T05:07:34.855015,9,3.221923828125,67.016
2024-07-17T05:07:34.880145,9,3.221923828125,67.016
2024-07-17T05:07:34.905269,9,3.221923828125,67.089
2024-07-17T05:07:34.930430,9,3.221923828125,67.089
2024-07-17T05:07:34.955559,9,3.221923828125,67.089
2024-07-17T05:07:34.980692,9,3.221923828125,67.089
2024-07-17T05:07:35.005834,9,3.221923828125,67.089
2024-07-17T05:07:35.030961,9,3.221923828125,67.089
2024-07-17T05:07:35.056082,9,3.221923828125,67.089
2024-07-17T05:07:35.081239,9,3.221923828125,67.089
2024-07-17T05:07:35.106391,9,3.221923828125,67.033
2024-07-17T05:07:35.131525,9,3.221923828125,67.033
2024-07-17T05:07:35.156703,9,3.221923828125,67.033
2024-07-17T05:07:35.181827,9,3.221923828125,67.033
2024-07-17T05:07:35.206960,9,3.221923828125,67.033
2024-07-17T05:07:35.232071,8,3.221923828125,67.033
2024-07-17T05:07:35.257237,8,3.221923828125,67.033
2024-07-17T05:07:35.282386,8,3.221923828125,67.033
2024-07-17T05:07:35.307529,8,3.221923828125,67.096
2024-07-17T05:07:35.332652,8,3.221923828125,67.096
2024-07-17T05:07:35.357797,8,3.221923828125,67.096
2024-07-17T05:07:35.382949,8,3.221923828125,67.096
2024-07-17T05:07:35.408061,8,3.221923828125,67.871
2024-07-17T05:07:35.433199,8,3.221923828125,67.871
2024-07-17T05:07:35.458355,8,3.221923828125,67.871
2024-07-17T05:07:35.483549,8,3.221923828125,67.871
2024-07-17T05:07:35.508685,8,3.221923828125,67.308
2024-07-17T05:07:35.533808,8,3.221923828125,67.308
2024-07-17T05:07:35.558931,8,3.221923828125,67.308
2024-07-17T05:07:35.584042,8,3.221923828125,67.308
2024-07-17T05:07:35.609164,8,3.221923828125,67.786
2024-07-17T05:07:35.634297,9,3.221923828125,67.786
2024-07-17T05:07:35.659409,9,3.221923828125,67.786
2024-07-17T05:07:35.684529,9,3.221923828125,67.786
2024-07-17T05:07:35.709642,9,3.221923828125,67.786
2024-07-17T05:07:35.734779,9,3.221923828125,67.283
2024-07-17T05:07:35.759871,9,3.221923828125,67.283
2024-07-17T05:07:35.784982,9,3.221923828125,67.283
2024-07-17T05:07:35.810100,9,3.221923828125,67.255
2024-07-17T05:07:35.835246,9,3.221923828125,67.255
2024-07-17T05:07:35.860358,9,3.221923828125,67.255
2024-07-17T05:07:35.885471,9,3.221923828125,67.255
2024-07-17T05:07:35.910583,9,3.221923828125,67.255
2024-07-17T05:07:35.935715,9,3.221923828125,67.405
2024-07-17T05:07:35.960827,9,3.221923828125,67.405
2024-07-17T05:07:35.985943,9,3.221923828125,67.405
2024-07-17T05:07:36.011073,9,3.221923828125,66.893
2024-07-17T05:07:36.036195,9,3.221923828125,66.893
2024-07-17T05:07:36.061306,9,3.221923828125,66.893
2024-07-17T05:07:36.086443,9,3.221923828125,66.893
2024-07-17T05:07:36.111583,9,3.221923828125,66.893
2024-07-17T05:07:36.136768,9,3.221923828125,67.593
2024-07-17T05:07:36.161859,9,3.221923828125,67.593
2024-07-17T05:07:36.186981,9,3.221923828125,67.593
2024-07-17T05:07:36.212100,9,3.221923828125,66.654
2024-07-17T05:07:36.237220,9,3.221923828125,66.654
2024-07-17T05:07:36.262371,9,3.221923828125,66.654
2024-07-17T05:07:36.287555,9,3.221923828125,66.654
2024-07-17T05:07:36.312668,9,3.221923828125,66.654
2024-07-17T05:07:36.337841,9,3.221923828125,67.58
2024-07-17T05:07:36.362984,9,3.221923828125,67.58
2024-07-17T05:07:36.388143,9,3.221923828125,67.58
2024-07-17T05:07:36.413255,9,3.221923828125,67.58
2024-07-17T05:07:36.438376,9,3.221923828125,66.875
2024-07-17T05:07:36.463488,9,3.221923828125,66.875
2024-07-17T05:07:36.488649,9,3.221923828125,66.875
2024-07-17T05:07:36.513772,9,3.221923828125,66.875
2024-07-17T05:07:36.538878,9,3.221923828125,67.496
2024-07-17T05:07:36.563989,9,3.221923828125,67.496
2024-07-17T05:07:36.589126,9,3.221923828125,67.496
2024-07-17T05:07:36.614247,9,3.221923828125,67.496
2024-07-17T05:07:36.639371,9,3.221923828125,67.042
2024-07-17T05:07:36.664540,9,3.221923828125,67.042
2024-07-17T05:07:36.689705,9,3.221923828125,67.042
2024-07-17T05:07:36.714911,9,3.221923828125,67.042
2024-07-17T05:07:36.740032,9,3.221923828125,67.042
2024-07-17T05:07:36.765199,9,3.221923828125,67.539
2024-07-17T05:07:36.790342,9,3.221923828125,67.539
2024-07-17T05:07:36.815477,9,3.221923828125,67.539
2024-07-17T05:07:36.840598,9,3.221923828125,66.972
2024-07-17T05:07:36.865709,9,3.221923828125,66.972
2024-07-17T05:07:36.890847,9,3.221923828125,66.972
2024-07-17T05:07:36.915969,9,3.221923828125,66.972
2024-07-17T05:07:36.941080,9,3.221923828125,66.972
2024-07-17T05:07:36.966206,9,3.221923828125,67.593
2024-07-17T05:07:36.991345,9,3.221923828125,67.593
2024-07-17T05:07:37.016535,9,3.221923828125,67.593
2024-07-17T05:07:37.041647,9,3.221923828125,67.139
2024-07-17T05:07:37.066783,9,3.221923828125,67.139
2024-07-17T05:07:37.091859,9,3.221923828125,67.139
2024-07-17T05:07:37.117025,9,3.221923828125,67.139
2024-07-17T05:07:37.142157,9,3.221923828125,67.139
2024-07-17T05:07:37.167276,9,3.221923828125,67.818
2024-07-17T05:07:37.192455,9,3.221923828125,67.818
2024-07-17T05:07:37.217580,9,3.221923828125,67.818
2024-07-17T05:07:37.242710,9,3.221923828125,67.818
2024-07-17T05:07:37.267859,9,3.221923828125,67.333
2024-07-17T05:07:37.292976,9,3.221923828125,67.333
2024-07-17T05:07:37.318117,9,3.221923828125,67.333
2024-07-17T05:07:37.343228,9,3.221923828125,67.333
2024-07-17T05:07:37.368353,9,3.221923828125,67.923
2024-07-17T05:07:37.393526,9,3.221923828125,67.923
2024-07-17T05:07:37.418668,9,3.221923828125,67.923
2024-07-17T05:07:37.443790,9,3.221923828125,67.923
2024-07-17T05:07:37.468859,9,3.221923828125,67.923
2024-07-17T05:07:37.493998,9,3.221923828125,67.184
2024-07-17T05:07:37.519119,9,3.221923828125,67.184
2024-07-17T05:07:37.544263,9,3.221923828125,67.184
2024-07-17T05:07:37.569432,9,3.221923828125,67.818
2024-07-17T05:07:37.594551,9,3.221923828125,67.818
2024-07-17T05:07:37.619681,9,3.221923828125,67.818
2024-07-17T05:07:37.644793,9,3.221923828125,67.818
2024-07-17T05:07:37.669867,9,3.221923828125,67.236
2024-07-17T05:07:37.694977,8,3.221923828125,67.236
2024-07-17T05:07:37.720115,8,3.221923828125,67.236
2024-07-17T05:07:37.745272,8,3.221923828125,67.236
2024-07-17T05:07:37.770420,8,3.221923828125,67.236
2024-07-17T05:07:37.795592,8,3.221923828125,67.255
2024-07-17T05:07:37.820704,8,3.221923828125,67.255
2024-07-17T05:07:37.845816,8,3.221923828125,67.255
2024-07-17T05:07:37.870965,8,3.221923828125,67.548
2024-07-17T05:07:37.896162,8,3.221923828125,67.548
2024-07-17T05:07:37.921285,9,3.221923828125,67.548
2024-07-17T05:07:37.946398,9,3.221923828125,67.548
2024-07-17T05:07:37.971513,9,3.221923828125,67.548
2024-07-17T05:07:37.996624,9,3.221923828125,66.945
2024-07-17T05:07:38.101935,9,3.221923828125,67.657
2024-07-17T05:07:38.127131,7,3.221923828125,67.657
2024-07-17T05:07:38.152285,7,3.221923828125,67.657
2024-07-17T05:07:38.177398,7,3.221923828125,67.657
2024-07-17T05:07:38.202521,7,3.221923828125,63.86
2024-07-17T05:07:38.227634,7,3.221923828125,63.86
2024-07-17T05:07:38.252767,7,3.221923828125,63.86
2024-07-17T05:07:38.277868,7,3.221923828125,66.997
2024-07-17T05:07:38.302979,7,3.221923828125,66.997
2024-07-17T05:07:38.328122,6,3.221923828125,66.997
2024-07-17T05:07:38.353256,6,3.221923828125,66.997
2024-07-17T05:07:38.378368,6,3.221923828125,66.997
2024-07-17T05:07:38.403504,6,3.221923828125,67.483
2024-07-17T05:07:38.428645,6,3.221923828125,67.483
2024-07-17T05:07:38.453819,6,3.221923828125,67.483
2024-07-17T05:07:38.478943,6,3.221923828125,67.483
2024-07-17T05:07:38.504091,8,3.221923828125,67.414
2024-07-17T05:07:38.529240,8,3.221923828125,67.414
2024-07-17T05:07:38.554364,8,3.221923828125,67.414
2024-07-17T05:07:38.579563,8,3.221923828125,67.414
2024-07-17T05:07:38.604716,8,3.221923828125,67.414
2024-07-17T05:07:38.629828,8,3.221923828125,67.414
2024-07-17T05:07:38.654962,8,3.221923828125,67.414
2024-07-17T05:07:38.680074,8,3.221923828125,67.414
2024-07-17T05:07:38.705222,8,3.221923828125,66.972
2024-07-17T05:07:38.730352,9,3.221923828125,66.972
2024-07-17T05:07:38.755524,9,3.221923828125,66.972
2024-07-17T05:07:38.780645,9,3.221923828125,66.972
2024-07-17T05:07:38.805757,9,3.221923828125,66.972
2024-07-17T05:07:38.830901,9,3.221923828125,66.972
2024-07-17T05:07:38.856059,9,3.221923828125,66.972
2024-07-17T05:07:38.881181,9,3.221923828125,66.972
2024-07-17T05:07:38.906311,9,3.221923828125,66.972
2024-07-17T05:07:38.931432,9,3.221923828125,66.972
2024-07-17T05:07:38.956544,9,3.221923828125,66.972
2024-07-17T05:07:38.981701,9,3.221923828125,66.972
2024-07-17T05:07:39.006841,9,3.221923828125,66.972
2024-07-17T05:07:39.031975,9,3.221923828125,67.184
2024-07-17T05:07:39.057099,9,3.221923828125,67.184
2024-07-17T05:07:39.082248,9,3.221923828125,67.184
2024-07-17T05:07:39.107390,9,3.221923828125,67.184
2024-07-17T05:07:39.132502,9,3.221923828125,67.184
2024-07-17T05:07:39.157642,9,3.221923828125,67.184
2024-07-17T05:07:39.182765,9,3.221923828125,67.184
2024-07-17T05:07:39.207869,9,3.221923828125,67.184
2024-07-17T05:07:39.233006,9,3.221923828125,67.236
2024-07-17T05:07:39.258177,9,3.221923828125,67.236
2024-07-17T05:07:39.283300,9,3.221923828125,67.236
2024-07-17T05:07:39.308411,9,3.221923828125,67.844
2024-07-17T05:07:39.333570,9,3.221923828125,67.844
2024-07-17T05:07:39.358725,9,3.221923828125,67.844
2024-07-17T05:07:39.383862,9,3.221923828125,67.844
2024-07-17T05:07:39.408993,9,3.221923828125,67.844
2024-07-17T05:07:39.434136,9,3.221923828125,67.281
2024-07-17T05:07:39.459264,9,3.221923828125,67.281
2024-07-17T05:07:39.484422,9,3.221923828125,67.281
2024-07-17T05:07:39.509533,9,3.221923828125,67.281
2024-07-17T05:07:39.534668,9,3.221923828125,67.96
2024-07-17T05:07:39.559780,9,3.221923828125,67.96
2024-07-17T05:07:39.584872,9,3.221923828125,67.96
2024-07-17T05:07:39.610032,9,3.221923828125,67.96
2024-07-17T05:07:39.635166,9,3.221923828125,67.96
2024-07-17T05:07:39.660289,9,3.221923828125,67.475
2024-07-17T05:07:39.685421,9,3.221923828125,67.475
2024-07-17T05:07:39.710582,9,3.221923828125,67.475
2024-07-17T05:07:39.735694,9,3.221923828125,68.084
2024-07-17T05:07:39.760809,9,3.221923828125,68.084
2024-07-17T05:07:39.785923,9,3.221923828125,68.084
2024-07-17T05:07:39.811041,9,3.221923828125,68.084
2024-07-17T05:07:39.836160,9,3.221923828125,68.084
2024-07-17T05:07:39.861272,9,3.221923828125,67.413
2024-07-17T05:07:39.886405,9,3.221923828125,67.413
2024-07-17T05:07:39.911534,9,3.221923828125,67.413
2024-07-17T05:07:39.936689,9,3.221923828125,66.866
2024-07-17T05:07:39.961851,9,3.221923828125,66.866
2024-07-17T05:07:39.986977,9,3.221923828125,66.866
2024-07-17T05:07:40.012101,9,3.221923828125,66.866
2024-07-17T05:07:40.037289,9,3.221923828125,66.866
2024-07-17T05:07:40.062423,9,3.221923828125,67.483
2024-07-17T05:07:40.087537,9,3.221923828125,67.483
2024-07-17T05:07:40.112651,9,3.221923828125,67.483
2024-07-17T05:07:40.137842,9,3.221923828125,66.875
2024-07-17T05:07:40.163019,9,3.221923828125,66.875
2024-07-17T05:07:40.188130,9,3.221923828125,66.875
2024-07-17T05:07:40.213287,9,3.221923828125,66.875
2024-07-17T05:07:40.238437,9,3.221923828125,66.875
2024-07-17T05:07:40.263632,9,3.221923828125,67.54
2024-07-17T05:07:40.288752,9,3.221923828125,67.54
2024-07-17T05:07:40.313867,9,3.221923828125,67.54
2024-07-17T05:07:40.339018,9,3.221923828125,67.54
2024-07-17T05:07:40.364137,9,3.221923828125,66.964
2024-07-17T05:07:40.389277,9,3.221923828125,66.964
2024-07-17T05:07:40.414464,9,3.221923828125,66.964
2024-07-17T05:07:40.439588,9,3.221923828125,66.964
2024-07-17T05:07:40.464727,9,3.221923828125,67.69
2024-07-17T05:07:40.489862,9,3.221923828125,67.69
2024-07-17T05:07:40.514981,9,3.221923828125,67.69
2024-07-17T05:07:40.540102,9,3.221923828125,67.69
2024-07-17T05:07:40.565271,9,3.221923828125,66.848
2024-07-17T05:07:40.590439,9,3.221923828125,66.848
2024-07-17T05:07:40.615563,9,3.221923828125,66.848
2024-07-17T05:07:40.640687,9,3.221923828125,66.848
2024-07-17T05:07:40.665837,9,3.221923828125,66.848
2024-07-17T05:07:40.690969,9,3.221923828125,67.556
2024-07-17T05:07:40.716089,9,3.221923828125,67.556
2024-07-17T05:07:40.741212,9,3.221923828125,67.556
2024-07-17T05:07:40.766332,9,3.221923828125,66.893
2024-07-17T05:07:40.791459,9,3.221923828125,66.893
2024-07-17T05:07:40.816628,9,3.221923828125,66.893
2024-07-17T05:07:40.841761,9,3.221923828125,66.893
2024-07-17T05:07:40.866895,9,3.221923828125,66.893
2024-07-17T05:07:40.892004,9,3.221923828125,67.818
2024-07-17T05:07:40.917116,9,3.221923828125,67.818
2024-07-17T05:07:40.942287,9,3.221923828125,67.818
2024-07-17T05:07:40.967459,9,3.221923828125,67.035
2024-07-17T05:07:40.992587,9,3.221923828125,67.035
2024-07-17T05:07:41.017699,9,3.221923828125,67.035
2024-07-17T05:07:41.042824,9,3.221923828125,67.035
2024-07-17T05:07:41.067955,9,3.221923828125,67.035
2024-07-17T05:07:41.093120,9,3.221923828125,67.863
2024-07-17T05:07:41.118231,9,3.221923828125,67.863
2024-07-17T05:07:41.143353,9,3.221923828125,67.863
2024-07-17T05:07:41.168477,9,3.221923828125,67.863
2024-07-17T05:07:41.193621,9,3.221923828125,67.263
2024-07-17T05:07:41.218733,8,3.221923828125,67.263
2024-07-17T05:07:41.243849,8,3.221923828125,67.263
2024-07-17T05:07:41.269009,8,3.221923828125,67.263
2024-07-17T05:07:41.294122,8,3.221923828125,68.013
2024-07-17T05:07:41.319234,8,3.221923828125,68.013
2024-07-17T05:07:41.344397,8,3.221923828125,68.013
2024-07-17T05:07:41.369525,8,3.221923828125,68.013
2024-07-17T05:07:41.394652,8,3.221923828125,67.309
2024-07-17T05:07:41.419771,9,3.221923828125,67.309
2024-07-17T05:07:41.444875,9,3.221923828125,67.309
2024-07-17T05:07:41.469997,9,3.221923828125,67.309
2024-07-17T05:07:41.495120,9,3.221923828125,67.871
2024-07-17T05:07:41.520266,9,3.221923828125,67.871
2024-07-17T05:07:41.545399,9,3.221923828125,67.871
2024-07-17T05:07:41.570512,9,3.221923828125,67.871
2024-07-17T05:07:41.595639,9,3.221923828125,67.288
2024-07-17T05:07:41.620758,9,3.221923828125,67.288
2024-07-17T05:07:41.645872,9,3.221923828125,67.288
2024-07-17T05:07:41.671049,9,3.221923828125,67.288
2024-07-17T05:07:41.696215,9,3.221923828125,67.288
2024-07-17T05:07:41.721375,9,3.221923828125,67.611
2024-07-17T05:07:41.746497,9,3.221923828125,67.611
2024-07-17T05:07:41.771689,9,3.221923828125,67.611
2024-07-17T05:07:41.796800,9,3.221923828125,67.484
2024-07-17T05:07:41.821944,9,3.221923828125,67.484
2024-07-17T05:07:41.847125,9,3.221923828125,67.484
2024-07-17T05:07:41.872248,9,3.221923828125,67.484
2024-07-17T05:07:41.897370,9,3.221923828125,67.484
2024-07-17T05:07:41.922482,9,3.221923828125,66.964
2024-07-17T05:07:41.947596,9,3.221923828125,66.964
2024-07-17T05:07:41.972722,9,3.221923828125,66.964
2024-07-17T05:07:41.997889,9,3.221923828125,67.69
2024-07-17T05:07:42.023063,9,3.221923828125,67.69
2024-07-17T05:07:42.048183,9,3.221923828125,67.69
2024-07-17T05:07:42.073348,9,3.221923828125,67.69
2024-07-17T05:07:42.098472,9,3.221923828125,67.69
2024-07-17T05:07:42.123614,9,3.221923828125,66.997
2024-07-17T05:07:42.148745,9,3.221923828125,66.997
2024-07-17T05:07:42.173879,9,3.221923828125,66.997
2024-07-17T05:07:42.199017,9,3.221923828125,66.997
2024-07-17T05:07:42.224128,9,3.221923828125,67.819
2024-07-17T05:07:42.249285,9,3.221923828125,67.819
2024-07-17T05:07:42.274397,9,3.221923828125,67.819
2024-07-17T05:07:42.299561,9,3.221923828125,67.819
2024-07-17T05:07:42.324684,9,3.221923828125,67.58
2024-07-17T05:07:42.349805,9,3.221923828125,67.58
2024-07-17T05:07:42.374918,9,3.221923828125,67.58
2024-07-17T05:07:42.400042,9,3.221923828125,67.58
2024-07-17T05:07:42.425169,9,3.221923828125,67.58
2024-07-17T05:07:42.450280,9,3.221923828125,67.58
2024-07-17T05:07:42.475413,9,3.221923828125,67.58
2024-07-17T05:07:42.500582,9,3.221923828125,67.58
2024-07-17T05:07:42.525695,9,3.221923828125,67.087
2024-07-17T05:07:42.550817,9,3.221923828125,67.087
2024-07-17T05:07:42.575981,9,3.221923828125,67.087
2024-07-17T05:07:42.601128,9,3.221923828125,67.087
2024-07-17T05:07:42.626240,9,3.221923828125,67.69
2024-07-17T05:07:42.651352,9,3.221923828125,67.69
2024-07-17T05:07:42.676498,9,3.221923828125,67.69
2024-07-17T05:07:42.701621,9,3.221923828125,67.69
2024-07-17T05:07:42.726808,9,3.221923828125,67.69
2024-07-17T05:07:42.751954,9,3.221923828125,67.689
2024-07-17T05:07:42.777065,9,3.221923828125,67.689
2024-07-17T05:07:42.802176,9,3.221923828125,67.689
2024-07-17T05:07:42.827295,9,3.221923828125,67.689
2024-07-17T05:07:42.852419,9,3.221923828125,67.689
2024-07-17T05:07:42.877532,9,3.221923828125,67.689
2024-07-17T05:07:42.902644,9,3.221923828125,67.689
2024-07-17T05:07:42.927811,9,3.221923828125,67.689
2024-07-17T05:07:42.953037,9,3.221923828125,67.735
2024-07-17T05:07:42.978150,9,3.221923828125,67.735
2024-07-17T05:07:43.003276,9,3.221923828125,67.735
2024-07-17T05:07:43.028387,9,3.221923828125,67.166
2024-07-17T05:07:43.053549,9,3.221923828125,67.166
2024-07-17T05:07:43.078747,9,3.221923828125,67.166
2024-07-17T05:07:43.103898,9,3.221923828125,67.166
2024-07-17T05:07:43.129048,9,3.221923828125,67.166
2024-07-17T05:07:43.154160,9,3.221923828125,67.916
2024-07-17T05:07:43.179309,9,3.221923828125,67.916
2024-07-17T05:07:43.204429,9,3.221923828125,67.916
2024-07-17T05:07:43.229597,9,3.221923828125,67.916
2024-07-17T05:07:43.254738,9,3.221923828125,67.236
2024-07-17T05:07:43.279853,9,3.221923828125,67.236
2024-07-17T05:07:43.304965,9,3.221923828125,67.236
2024-07-17T05:07:43.330097,9,3.221923828125,67.236
2024-07-17T05:07:43.355229,9,3.221923828125,67.871
2024-07-17T05:07:43.380349,9,3.221923828125,67.871
2024-07-17T05:07:43.405480,9,3.221923828125,67.871
2024-07-17T05:07:43.430591,9,3.221923828125,67.871
2024-07-17T05:07:43.455730,9,3.221923828125,67.45
2024-07-17T05:07:43.480842,9,3.221923828125,67.45
2024-07-17T05:07:43.505955,9,3.221923828125,67.45
2024-07-17T05:07:43.531066,9,3.221923828125,67.45
2024-07-17T05:07:43.556212,9,3.221923828125,67.45
2024-07-17T05:07:43.581349,9,3.221923828125,67.308
2024-07-17T05:07:43.606468,9,3.221923828125,67.308
2024-07-17T05:07:43.631597,9,3.221923828125,67.308
2024-07-17T05:07:43.656710,9,3.221923828125,67.326
2024-07-17T05:07:43.681838,9,3.221923828125,67.326
2024-07-17T05:07:43.707023,9,3.221923828125,67.326
2024-07-17T05:07:43.732170,9,3.221923828125,67.326
2024-07-17T05:07:43.757281,9,3.221923828125,67.326
2024-07-17T05:07:43.782409,9,3.221923828125,66.99
2024-07-17T05:07:43.807540,9,3.221923828125,66.99
2024-07-17T05:07:43.832657,9,3.221923828125,66.99
2024-07-17T05:07:43.857790,9,3.221923828125,67.458
2024-07-17T05:07:43.882908,9,3.221923828125,67.458
2024-07-17T05:07:43.908018,8,3.221923828125,67.458
2024-07-17T05:07:43.933210,8,3.221923828125,67.458
2024-07-17T05:07:43.958333,8,3.221923828125,67.458
2024-07-17T05:07:43.983483,8,3.221923828125,66.802
2024-07-17T05:07:44.008595,8,3.221923828125,66.802
2024-07-17T05:07:44.033763,8,3.221923828125,66.802
2024-07-17T05:07:44.058868,8,3.221923828125,67.573
2024-07-17T05:07:44.083990,8,3.221923828125,67.573
2024-07-17T05:07:44.109102,9,3.221923828125,67.573
2024-07-17T05:07:44.134223,9,3.221923828125,67.573
2024-07-17T05:07:44.159379,9,3.221923828125,67.573
2024-07-17T05:07:44.184491,9,3.221923828125,66.68
2024-07-17T05:07:44.209631,9,3.221923828125,66.68
2024-07-17T05:07:44.234743,9,3.221923828125,66.68
2024-07-17T05:07:44.259857,9,3.221923828125,66.68
2024-07-17T05:07:44.284980,9,3.221923828125,67.747
2024-07-17T05:07:44.310094,9,3.221923828125,67.747
2024-07-17T05:07:44.335215,9,3.221923828125,67.747
2024-07-17T05:07:44.360327,9,3.221923828125,67.747
2024-07-17T05:07:44.385495,9,3.221923828125,66.945
2024-07-17T05:07:44.410661,9,3.221923828125,66.945
2024-07-17T05:07:44.435809,9,3.221923828125,66.945
2024-07-17T05:07:44.460930,9,3.221923828125,66.945
2024-07-17T05:07:44.486054,9,3.221923828125,66.945
2024-07-17T05:07:44.511175,9,3.221923828125,67.774
2024-07-17T05:07:44.536297,9,3.221923828125,67.774
2024-07-17T05:07:44.561461,9,3.221923828125,67.774
2024-07-17T05:07:44.586629,9,3.221923828125,66.821
2024-07-17T05:07:44.611748,9,3.221923828125,66.821
2024-07-17T05:07:44.636860,9,3.221923828125,66.821
2024-07-17T05:07:44.662006,9,3.221923828125,66.821
2024-07-17T05:07:44.687174,9,3.221923828125,67.58
2024-07-17T05:07:44.712304,9,3.221923828125,67.58
2024-07-17T05:07:44.737449,8,3.221923828125,67.58
2024-07-17T05:07:44.762561,8,3.221923828125,67.58
2024-07-17T05:07:44.787716,8,3.221923828125,67.58
2024-07-17T05:07:44.812863,8,3.221923828125,66.964
2024-07-17T05:07:44.837981,8,3.221923828125,66.964
2024-07-17T05:07:44.863101,8,3.221923828125,66.964
2024-07-17T05:07:44.888236,8,3.221923828125,67.735
2024-07-17T05:07:44.913373,8,3.221923828125,67.735
2024-07-17T05:07:44.938538,8,3.221923828125,67.735
2024-07-17T05:07:44.963661,8,3.221923828125,67.735
2024-07-17T05:07:44.988772,8,3.221923828125,67.735
2024-07-17T05:07:45.013867,8,3.221923828125,67.352
2024-07-17T05:07:45.038992,8,3.221923828125,67.352
2024-07-17T05:07:45.064104,8,3.221923828125,67.352
2024-07-17T05:07:45.089252,8,3.221923828125,67.352
2024-07-17T05:07:45.114364,8,3.221923828125,67.863
2024-07-17T05:07:45.139483,9,3.221923828125,67.863
2024-07-17T05:07:45.164605,9,3.221923828125,67.863
2024-07-17T05:07:45.189726,9,3.221923828125,67.863
2024-07-17T05:07:45.214857,9,3.221923828125,67.333
2024-07-17T05:07:45.239968,9,3.221923828125,67.333
2024-07-17T05:07:45.265104,9,3.221923828125,67.333
2024-07-17T05:07:45.290215,9,3.221923828125,67.333
2024-07-17T05:07:45.315348,9,3.221923828125,67.993
2024-07-17T05:07:45.340476,9,3.221923828125,67.993
2024-07-17T05:07:45.365616,9,3.221923828125,67.993
2024-07-17T05:07:45.390783,9,3.221923828125,67.993
2024-07-17T05:07:45.415879,9,3.221923828125,67.993
2024-07-17T05:07:45.441017,9,3.221923828125,67.385
2024-07-17T05:07:45.466128,9,3.221923828125,67.385
2024-07-17T05:07:45.491255,9,3.221923828125,67.385
2024-07-17T05:07:45.516380,9,3.221923828125,67.385
2024-07-17T05:07:45.541493,9,3.221923828125,67.573
2024-07-17T05:07:45.566619,9,3.221923828125,67.573
2024-07-17T05:07:45.591731,9,3.221923828125,67.573
2024-07-17T05:07:45.616865,9,3.221923828125,67.529
2024-07-17T05:07:45.641983,9,3.221923828125,67.529
2024-07-17T05:07:45.667093,9,3.221923828125,67.529
2024-07-17T05:07:45.692205,9,3.221923828125,67.529
2024-07-17T05:07:45.717318,9,3.221923828125,66.919
2024-07-17T05:07:45.742482,9,3.221923828125,66.919
2024-07-17T05:07:45.767594,9,3.221923828125,66.919
2024-07-17T05:07:45.792729,9,3.221923828125,66.919
2024-07-17T05:07:45.817863,9,3.221923828125,66.919
2024-07-17T05:07:45.842986,9,3.221923828125,67.502
2024-07-17T05:07:45.868113,9,3.221923828125,67.502
2024-07-17T05:07:45.893236,9,3.221923828125,67.502
2024-07-17T05:07:45.918411,9,3.221923828125,67.212
2024-07-17T05:07:45.943536,9,3.221923828125,67.212
2024-07-17T05:07:45.968661,9,3.221923828125,67.212
2024-07-17T05:07:45.993783,9,3.221923828125,67.212
2024-07-17T05:07:46.018870,9,3.221923828125,67.212
2024-07-17T05:07:46.043992,9,3.221923828125,66.919
2024-07-17T05:07:46.069106,9,3.221923828125,66.919
2024-07-17T05:07:46.094227,9,3.221923828125,66.919
2024-07-17T05:07:46.119347,9,3.221923828125,66.919
2024-07-17T05:07:46.144473,9,3.221923828125,66.919
2024-07-17T05:07:46.169601,9,3.221923828125,66.919
2024-07-17T05:07:46.194715,9,3.221923828125,66.919
2024-07-17T05:07:46.219830,9,3.221923828125,66.919
2024-07-17T05:07:46.244945,9,3.221923828125,66.919
2024-07-17T05:07:46.270066,9,3.221923828125,66.945
2024-07-17T05:07:46.295178,9,3.221923828125,66.945
2024-07-17T05:07:46.320304,9,3.221923828125,66.945
2024-07-17T05:07:46.345416,9,3.221923828125,66.945
2024-07-17T05:07:46.370539,9,3.221923828125,66.945
2024-07-17T05:07:46.395652,9,3.221923828125,66.945
2024-07-17T05:07:46.420773,9,3.221923828125,66.945
2024-07-17T05:07:46.445875,9,3.221923828125,67.735
2024-07-17T05:07:46.471008,9,3.221923828125,67.735
2024-07-17T05:07:46.496129,9,3.221923828125,67.735
2024-07-17T05:07:46.521302,9,3.221923828125,67.735
2024-07-17T05:07:46.546452,9,3.221923828125,67.404
2024-07-17T05:07:46.571564,9,3.221923828125,67.404
2024-07-17T05:07:46.596677,9,3.221923828125,67.404
2024-07-17T05:07:46.621798,9,3.221923828125,67.404
2024-07-17T05:07:46.646923,9,3.221923828125,67.404
2024-07-17T05:07:46.672045,9,3.221923828125,67.042
2024-07-17T05:07:46.697157,9,3.221923828125,67.042
2024-07-17T05:07:46.722269,9,3.221923828125,67.042
2024-07-17T05:07:46.747399,9,3.221923828125,67.863
2024-07-17T05:07:46.772544,9,3.221923828125,67.863
2024-07-17T05:07:46.797695,9,3.221923828125,67.863
2024-07-17T05:07:46.822807,9,3.221923828125,67.863
2024-07-17T05:07:46.847937,9,3.221923828125,67.863
2024-07-17T05:07:46.873130,9,3.221923828125,67.191
2024-07-17T05:07:46.898240,9,3.221923828125,67.191
2024-07-17T05:07:46.923372,9,3.221923828125,67.191
2024-07-17T05:07:46.948537,9,3.221923828125,67.191
2024-07-17T05:07:46.973681,9,3.221923828125,67.762
2024-07-17T05:07:46.998793,9,3.221923828125,67.762
2024-07-17T05:07:47.023909,9,3.221923828125,67.762
2024-07-17T05:07:47.049072,9,3.221923828125,67.762
2024-07-17T05:07:47.074196,9,3.221923828125,67.236
2024-07-17T05:07:47.099325,9,3.221923828125,67.236
2024-07-17T05:07:47.124487,9,3.221923828125,67.236
2024-07-17T05:07:47.149601,9,3.221923828125,67.236
2024-07-17T05:07:47.174716,9,3.221923828125,67.852
2024-07-17T05:07:47.199854,9,3.221923828125,67.852
2024-07-17T05:07:47.224964,9,3.221923828125,67.852
2024-07-17T05:07:47.250103,9,3.221923828125,67.852
2024-07-17T05:07:47.275221,9,3.221923828125,67.852
2024-07-17T05:07:47.300367,9,3.221923828125,67.483
2024-07-17T05:07:47.325478,9,3.221923828125,67.483
2024-07-17T05:07:47.350590,9,3.221923828125,67.483
2024-07-17T05:07:47.375731,9,3.221923828125,67.236
2024-07-17T05:07:47.400868,9,3.221923828125,67.236
2024-07-17T05:07:47.425980,9,3.221923828125,67.236
2024-07-17T05:07:47.451141,9,3.221923828125,67.236
2024-07-17T05:07:47.476263,9,3.221923828125,67.548
2024-07-17T05:07:47.501375,9,3.221923828125,67.548
2024-07-17T05:07:47.526517,9,3.221923828125,67.548
2024-07-17T05:07:47.551674,9,3.221923828125,67.548
2024-07-17T05:07:47.576806,9,3.221923828125,66.778
2024-07-17T05:07:47.602005,9,3.221923828125,66.778
2024-07-17T05:07:47.627170,9,3.221923828125,66.778
2024-07-17T05:07:47.652298,9,3.221923828125,66.778
2024-07-17T05:07:47.677438,9,3.221923828125,66.778
2024-07-17T05:07:47.702564,9,3.221923828125,67.405
2024-07-17T05:07:47.727700,9,3.221923828125,67.405
2024-07-17T05:07:47.752829,9,3.221923828125,67.405
2024-07-17T05:07:47.777944,9,3.221923828125,66.945
2024-07-17T05:07:47.803115,9,3.221923828125,66.945
2024-07-17T05:07:47.828227,9,3.221923828125,66.945
2024-07-17T05:07:47.853354,9,3.221923828125,66.945
2024-07-17T05:07:47.878465,9,3.221923828125,66.945
2024-07-17T05:07:47.903576,9,3.221923828125,67.657
2024-07-17T05:07:47.928703,9,3.221923828125,67.657
2024-07-17T05:07:47.953815,9,3.221923828125,67.657
2024-07-17T05:07:47.978972,9,3.221923828125,67.657
2024-07-17T05:07:48.004083,9,3.221923828125,67.069
2024-07-17T05:07:48.029210,9,3.221923828125,67.069
2024-07-17T05:07:48.054355,9,3.221923828125,67.069
2024-07-17T05:07:48.079475,9,3.221923828125,67.069
2024-07-17T05:07:48.104590,9,3.221923828125,67.599
2024-07-17T05:07:48.129705,9,3.221923828125,67.599
2024-07-17T05:07:48.154818,9,3.221923828125,67.599
2024-07-17T05:07:48.179933,9,3.221923828125,67.599
2024-07-17T05:07:48.205045,9,3.221923828125,67.042
2024-07-17T05:07:48.230179,9,3.221923828125,67.042
2024-07-17T05:07:48.255299,9,3.221923828125,67.042
2024-07-17T05:07:48.280411,9,3.221923828125,67.042
2024-07-17T05:07:48.305531,9,3.221923828125,67.042
2024-07-17T05:07:48.330643,9,3.221923828125,67.665
2024-07-17T05:07:48.355767,9,3.221923828125,67.665
2024-07-17T05:07:48.380895,9,3.221923828125,67.665
2024-07-17T05:07:48.406015,9,3.221923828125,66.972
2024-07-17T05:07:48.431125,9,3.221923828125,66.972
2024-07-17T05:07:48.456250,9,3.221923828125,66.972
2024-07-17T05:07:48.481373,9,3.221923828125,66.972
2024-07-17T05:07:48.506484,9,3.221923828125,67.806
2024-07-17T05:07:48.531615,9,3.221923828125,67.806
2024-07-17T05:07:48.556728,9,3.221923828125,67.806
2024-07-17T05:07:48.581857,9,3.221923828125,67.806
2024-07-17T05:07:48.606981,9,3.221923828125,67.042
2024-07-17T05:07:48.632104,9,3.221923828125,67.042
2024-07-17T05:07:48.657274,8,3.221923828125,67.042
2024-07-17T05:07:48.682466,8,3.221923828125,67.042
2024-07-17T05:07:48.707578,8,3.221923828125,67.042
2024-07-17T05:07:48.732729,8,3.221923828125,67.871
2024-07-17T05:07:48.757860,8,3.221923828125,67.871
2024-07-17T05:07:48.782986,8,3.221923828125,67.871
2024-07-17T05:07:48.808107,8,3.221923828125,67.166
2024-07-17T05:07:48.833230,8,3.221923828125,67.166
2024-07-17T05:07:48.858342,8,3.221923828125,67.166
2024-07-17T05:07:48.883511,8,3.221923828125,67.166
2024-07-17T05:07:48.908623,8,3.221923828125,67.166
2024-07-17T05:07:48.933760,8,3.221923828125,67.728
2024-07-17T05:07:48.958954,8,3.221923828125,67.728
2024-07-17T05:07:48.984088,8,3.221923828125,67.728
2024-07-17T05:07:49.009240,8,3.221923828125,67.728
2024-07-17T05:07:49.034362,8,3.221923828125,67.431
2024-07-17T05:07:49.059486,9,3.221923828125,67.431
2024-07-17T05:07:49.084677,9,3.221923828125,67.431
2024-07-17T05:07:49.109813,9,3.221923828125,67.431
2024-07-17T05:07:49.134953,9,3.221923828125,68.065
2024-07-17T05:07:49.160113,9,3.221923828125,68.065
2024-07-17T05:07:49.185247,9,3.221923828125,68.065
2024-07-17T05:07:49.210360,9,3.221923828125,68.065
2024-07-17T05:07:49.235501,9,3.221923828125,67.281
2024-07-17T05:07:49.260620,9,3.221923828125,67.281
2024-07-17T05:07:49.285784,9,3.221923828125,67.281
2024-07-17T05:07:49.310900,9,3.221923828125,67.281
2024-07-17T05:07:49.336011,9,3.221923828125,67.281
2024-07-17T05:07:49.361200,9,3.221923828125,67.332
2024-07-17T05:07:49.386348,9,3.221923828125,67.332
2024-07-17T05:07:49.411507,9,3.221923828125,67.332
2024-07-17T05:07:49.436646,9,3.221923828125,67.638
2024-07-17T05:07:49.461767,9,3.221923828125,67.638
2024-07-17T05:07:49.486874,9,3.221923828125,67.638
2024-07-17T05:07:49.511984,9,3.221923828125,67.638
2024-07-17T05:07:49.537143,9,3.221923828125,66.856
2024-07-17T05:07:49.562322,9,3.221923828125,66.856
2024-07-17T05:07:49.587456,9,3.221923828125,66.856
2024-07-17T05:07:49.612595,9,3.221923828125,66.856
2024-07-17T05:07:49.637714,9,3.221923828125,67.495
2024-07-17T05:07:49.662826,9,3.221923828125,67.495
2024-07-17T05:07:49.687950,8,3.221923828125,67.495
2024-07-17T05:07:49.713072,8,3.221923828125,67.495
2024-07-17T05:07:49.738246,8,3.221923828125,67.495
2024-07-17T05:07:49.763359,8,3.221923828125,67.016
2024-07-17T05:07:49.788532,8,3.221923828125,67.016
2024-07-17T05:07:49.813652,8,3.221923828125,67.016
2024-07-17T05:07:49.838783,8,3.221923828125,67.844
2024-07-17T05:07:49.863859,8,3.221923828125,67.844
2024-07-17T05:07:49.888992,9,3.221923828125,67.844
2024-07-17T05:07:49.914182,9,3.221923828125,67.844
2024-07-17T05:07:49.939309,9,3.221923828125,67.844
2024-07-17T05:07:49.964444,9,3.221923828125,67.404
2024-07-17T05:07:49.989591,9,3.221923828125,67.404
2024-07-17T05:07:50.014706,9,3.221923828125,67.404
2024-07-17T05:07:50.039834,9,3.221923828125,67.404
2024-07-17T05:07:50.064962,9,3.221923828125,67.404
2024-07-17T05:07:50.090117,9,3.221923828125,67.404
2024-07-17T05:07:50.115230,9,3.221923828125,67.404
2024-07-17T05:07:50.140395,9,3.221923828125,67.404
2024-07-17T05:07:50.165517,9,3.221923828125,67.665
2024-07-17T05:07:50.190641,9,3.221923828125,67.665
2024-07-17T05:07:50.215753,9,3.221923828125,67.665
2024-07-17T05:07:50.240872,9,3.221923828125,67.665
2024-07-17T05:07:50.266027,9,3.221923828125,67.665
2024-07-17T05:07:50.291191,9,3.221923828125,67.665
2024-07-17T05:07:50.316331,9,3.221923828125,67.665
2024-07-17T05:07:50.341443,9,3.221923828125,67.665
2024-07-17T05:07:50.366567,9,3.221923828125,67.665
2024-07-17T05:07:50.391686,9,3.221923828125,67.766
2024-07-17T05:07:50.416811,9,3.221923828125,67.766
2024-07-17T05:07:50.441932,9,3.221923828125,67.766
2024-07-17T05:07:50.467052,9,3.221923828125,67.766
2024-07-17T05:07:50.492201,9,3.221923828125,67.166
2024-07-17T05:07:50.517330,9,3.221923828125,67.166
2024-07-17T05:07:50.542442,9,3.221923828125,67.166
2024-07-17T05:07:50.567557,9,3.221923828125,67.806
2024-07-17T05:07:50.592679,9,3.221923828125,67.806
2024-07-17T05:07:50.617814,9,3.221923828125,67.806
2024-07-17T05:07:50.642941,9,3.221923828125,67.806
2024-07-17T05:07:50.668089,9,3.221923828125,67.281
2024-07-17T05:07:50.693217,9,3.221923828125,67.281
2024-07-17T05:07:50.718388,9,3.221923828125,67.281
2024-07-17T05:07:50.743518,9,3.221923828125,67.281
2024-07-17T05:07:50.768677,9,3.221923828125,67.281
2024-07-17T05:07:50.793811,9,3.221923828125,67.766
2024-07-17T05:07:50.818966,9,3.221923828125,67.766
2024-07-17T05:07:50.844122,9,3.221923828125,67.766
2024-07-17T05:07:50.869275,9,3.221923828125,67.352
2024-07-17T05:07:50.894429,9,3.221923828125,67.352
2024-07-17T05:07:50.919548,9,3.221923828125,67.352
2024-07-17T05:07:50.944696,9,3.221923828125,67.352
2024-07-17T05:07:50.969817,9,3.221923828125,67.352
2024-07-17T05:07:50.994934,9,3.221923828125,68.038
2024-07-17T05:07:51.020053,9,3.221923828125,68.038
2024-07-17T05:07:51.045222,9,3.221923828125,68.038
2024-07-17T05:07:51.070368,9,3.221923828125,68.038
2024-07-17T05:07:51.095480,9,3.221923828125,67.361
2024-07-17T05:07:51.120611,9,3.221923828125,67.361
2024-07-17T05:07:51.145768,9,3.221923828125,67.361
2024-07-17T05:07:51.170860,9,3.221923828125,67.361
2024-07-17T05:07:51.196000,9,3.221923828125,67.361
2024-07-17T05:07:51.221201,9,3.221923828125,67.475
2024-07-17T05:07:51.246324,9,3.221923828125,67.475
2024-07-17T05:07:51.271455,9,3.221923828125,67.475
2024-07-17T05:07:51.296584,9,3.221923828125,67.507
2024-07-17T05:07:51.321696,9,3.221923828125,67.507
2024-07-17T05:07:51.346819,9,3.221923828125,67.507
2024-07-17T05:07:51.371932,9,3.221923828125,67.507
2024-07-17T05:07:51.397066,9,3.221923828125,67.507
2024-07-17T05:07:51.422178,9,3.221923828125,66.99
2024-07-17T05:07:51.447303,9,3.221923828125,66.99
2024-07-17T05:07:51.472415,9,3.221923828125,66.99
2024-07-17T05:07:51.497527,9,3.221923828125,66.99
2024-07-17T05:07:51.522679,9,3.221923828125,67.431
2024-07-17T05:07:51.547858,9,3.221923828125,67.431
2024-07-17T05:07:51.572992,9,3.221923828125,67.431
2024-07-17T05:07:51.598127,9,3.221923828125,66.945
2024-07-17T05:07:51.623299,9,3.221923828125,66.945
2024-07-17T05:07:51.648422,9,3.221923828125,66.945
2024-07-17T05:07:51.673555,9,3.221923828125,66.945
2024-07-17T05:07:51.698666,9,3.221923828125,67.431
2024-07-17T05:07:51.723792,9,3.221923828125,67.431
2024-07-17T05:07:51.748913,9,3.221923828125,67.431
2024-07-17T05:07:51.774038,9,3.221923828125,67.431
2024-07-17T05:07:51.799156,9,3.221923828125,67.431
2024-07-17T05:07:51.824308,9,3.221923828125,66.846
2024-07-17T05:07:51.849451,9,3.221923828125,66.846
2024-07-17T05:07:51.874563,9,3.221923828125,66.846
2024-07-17T05:07:51.899711,9,3.221923828125,66.846
2024-07-17T05:07:51.924833,9,3.221923828125,67.792
2024-07-17T05:07:51.949949,9,3.221923828125,67.792
2024-07-17T05:07:51.975079,9,3.221923828125,67.792
2024-07-17T05:07:52.000214,9,3.221923828125,67.792
2024-07-17T05:07:52.025327,9,3.221923828125,66.727
2024-07-17T05:07:52.050465,9,3.221923828125,66.727
2024-07-17T05:07:52.075577,9,3.221923828125,66.727
2024-07-17T05:07:52.100751,9,3.221923828125,66.727
2024-07-17T05:07:52.125859,9,3.221923828125,67.877
2024-07-17T05:07:52.151000,9,3.221923828125,67.877
2024-07-17T05:07:52.176184,9,3.221923828125,67.877
2024-07-17T05:07:52.201334,9,3.221923828125,67.877
2024-07-17T05:07:52.226446,9,3.221923828125,67.877
2024-07-17T05:07:52.251558,9,3.221923828125,67.016
2024-07-17T05:07:52.276686,9,3.221923828125,67.016
2024-07-17T05:07:52.301798,9,3.221923828125,67.016
2024-07-17T05:07:52.326920,9,3.221923828125,67.844
2024-07-17T05:07:52.352042,9,3.221923828125,67.844
2024-07-17T05:07:52.377182,9,3.221923828125,67.844
2024-07-17T05:07:52.402309,9,3.221923828125,67.844
2024-07-17T05:07:52.427429,9,3.221923828125,67.844
2024-07-17T05:07:52.452550,9,3.221923828125,67.236
2024-07-17T05:07:52.477661,9,3.221923828125,67.236
2024-07-17T05:07:52.502813,9,3.221923828125,67.236
2024-07-17T05:07:52.527928,9,3.221923828125,67.236
2024-07-17T05:07:52.553093,8,3.221923828125,67.871
2024-07-17T05:07:52.578205,8,3.221923828125,67.871
2024-07-17T05:07:52.603361,8,3.221923828125,67.871
2024-07-17T05:07:52.628499,8,3.221923828125,67.113
2024-07-17T05:07:52.653656,8,3.221923828125,67.113
2024-07-17T05:07:52.678769,8,3.221923828125,67.113
2024-07-17T05:07:52.703859,8,3.221923828125,67.113
2024-07-17T05:07:52.729002,8,3.221923828125,67.638
2024-07-17T05:07:52.754128,8,3.221923828125,67.638
2024-07-17T05:07:52.779239,9,3.221923828125,67.638
2024-07-17T05:07:52.804351,9,3.221923828125,67.638
2024-07-17T05:07:52.829464,9,3.221923828125,67.638
2024-07-17T05:07:52.854632,9,3.221923828125,67.431
2024-07-17T05:07:52.879754,9,3.221923828125,67.431
2024-07-17T05:07:52.904893,9,3.221923828125,67.431
2024-07-17T05:07:52.930004,9,3.221923828125,67.431
2024-07-17T05:07:52.955167,9,3.221923828125,68.163
2024-07-17T05:07:52.980279,9,3.221923828125,68.163
2024-07-17T05:07:53.005403,9,3.221923828125,68.163
2024-07-17T05:07:53.030575,9,3.221923828125,68.163
2024-07-17T05:07:53.055687,9,3.221923828125,68.163
2024-07-17T05:07:53.080890,9,3.221923828125,67.405
2024-07-17T05:07:53.106012,9,3.221923828125,67.405
2024-07-17T05:07:53.131125,9,3.221923828125,67.405
2024-07-17T05:07:53.156275,9,3.221923828125,67.533
2024-07-17T05:07:53.181396,9,3.221923828125,67.533
2024-07-17T05:07:53.206516,9,3.221923828125,67.533
2024-07-17T05:07:53.231651,9,3.221923828125,67.533
2024-07-17T05:07:53.256818,9,3.221923828125,67.533
2024-07-17T05:07:53.281943,9,3.221923828125,67.529
2024-07-17T05:07:53.307135,9,3.221923828125,67.529
2024-07-17T05:07:53.332312,9,3.221923828125,67.529
2024-07-17T05:07:53.429563,9,3.221923828125,66.9
2024-07-17T05:07:53.454755,9,3.221923828125,64.273
2024-07-17T05:07:53.479860,9,3.221923828125,64.273
2024-07-17T05:07:53.504983,9,3.221923828125,64.273
2024-07-17T05:07:53.530137,9,3.221923828125,64.273
2024-07-17T05:07:53.555268,9,3.221923828125,67.309
2024-07-17T05:07:53.580388,9,3.221923828125,67.309
2024-07-17T05:07:53.605546,5,3.221923828125,67.309
2024-07-17T05:07:53.630688,5,3.221923828125,67.309
2024-07-17T05:07:53.655800,5,3.221923828125,67.309
2024-07-17T05:07:53.680915,5,3.221923828125,67.612
2024-07-17T05:07:53.706085,5,3.221923828125,67.612
2024-07-17T05:07:53.731211,5,3.221923828125,67.612
2024-07-17T05:07:53.756322,5,3.221923828125,67.612
2024-07-17T05:07:53.781442,5,3.221923828125,67.612
2024-07-17T05:07:53.806566,8,3.221923828125,67.612
2024-07-17T05:07:53.831689,8,3.221923828125,67.612
2024-07-17T05:07:53.856817,8,3.221923828125,67.612
2024-07-17T05:07:53.881949,8,3.221923828125,67.612
2024-07-17T05:07:53.907090,8,3.221923828125,67.593
2024-07-17T05:07:53.932243,8,3.221923828125,67.593
2024-07-17T05:07:53.957354,8,3.221923828125,67.593
2024-07-17T05:07:53.982485,8,3.221923828125,67.593
2024-07-17T05:07:54.007605,8,3.221923828125,67.593
2024-07-17T05:07:54.032734,8,3.221923828125,67.593
2024-07-17T05:07:54.057860,8,3.221923828125,67.593
2024-07-17T05:07:54.083026,8,3.221923828125,67.593
2024-07-17T05:07:54.108144,8,3.221923828125,67.619
2024-07-17T05:07:54.133257,8,3.221923828125,67.619
2024-07-17T05:07:54.158376,8,3.221923828125,67.619
2024-07-17T05:07:54.183488,8,3.221923828125,67.619
2024-07-17T05:07:54.208629,8,3.221923828125,67.619
2024-07-17T05:07:54.233741,9,3.221923828125,67.619
2024-07-17T05:07:54.258896,9,3.221923828125,67.619
2024-07-17T05:07:54.284007,9,3.221923828125,67.619
2024-07-17T05:07:54.309119,9,3.221923828125,67.89
2024-07-17T05:07:54.334312,9,3.221923828125,67.89
2024-07-17T05:07:54.359459,9,3.221923828125,67.89
2024-07-17T05:07:54.384597,9,3.221923828125,67.061
2024-07-17T05:07:54.409717,9,3.221923828125,67.061
2024-07-17T05:07:54.434896,8,3.221923828125,67.061
2024-07-17T05:07:54.460025,8,3.221923828125,67.061
2024-07-17T05:07:54.485136,8,3.221923828125,67.813
2024-07-17T05:07:54.510269,8,3.221923828125,67.813
2024-07-17T05:07:54.535405,8,3.221923828125,67.813
2024-07-17T05:07:54.560529,8,3.221923828125,67.813
2024-07-17T05:07:54.585642,8,3.221923828125,67.184
2024-07-17T05:07:54.610773,8,3.221923828125,67.184
2024-07-17T05:07:54.635859,9,3.221923828125,67.184
2024-07-17T05:07:54.660999,9,3.221923828125,67.184
2024-07-17T05:07:54.686111,9,3.221923828125,67.184
2024-07-17T05:07:54.711236,9,3.221923828125,67.897
2024-07-17T05:07:54.736348,9,3.221923828125,67.897
2024-07-17T05:07:54.761461,9,3.221923828125,67.897
2024-07-17T05:07:54.786617,9,3.221923828125,67.897
2024-07-17T05:07:54.811769,9,3.221923828125,67.431
2024-07-17T05:07:54.836919,9,3.221923828125,67.431
2024-07-17T05:07:54.862030,9,3.221923828125,67.431
2024-07-17T05:07:54.887159,9,3.221923828125,67.431
2024-07-17T05:07:54.912353,9,3.221923828125,67.431
2024-07-17T05:07:54.937476,9,3.221923828125,68.11
2024-07-17T05:07:54.962588,9,3.221923828125,68.11
2024-07-17T05:07:54.987713,9,3.221923828125,68.11
2024-07-17T05:07:55.012847,9,3.221923828125,67.361
2024-07-17T05:07:55.037981,9,3.221923828125,67.361
2024-07-17T05:07:55.063103,9,3.221923828125,67.361
2024-07-17T05:07:55.088251,9,3.221923828125,67.361
2024-07-17T05:07:55.113370,9,3.221923828125,67.361
2024-07-17T05:07:55.138500,9,3.221923828125,66.999
2024-07-17T05:07:55.163640,9,3.221923828125,66.999
2024-07-17T05:07:55.188853,9,3.221923828125,66.999
2024-07-17T05:07:55.214006,9,3.221923828125,67.334
2024-07-17T05:07:55.239118,9,3.221923828125,67.334
2024-07-17T05:07:55.264232,9,3.221923828125,67.334
2024-07-17T05:07:55.289358,9,3.221923828125,67.334
2024-07-17T05:07:55.314471,9,3.221923828125,67.334
2024-07-17T05:07:55.339633,9,3.221923828125,66.846
2024-07-17T05:07:55.364773,9,3.221923828125,66.846
2024-07-17T05:07:55.389877,9,3.221923828125,66.846
2024-07-17T05:07:55.415059,9,3.221923828125,67.556
2024-07-17T05:07:55.440188,9,3.221923828125,67.556
2024-07-17T05:07:55.465311,9,3.221923828125,67.556
2024-07-17T05:07:55.490423,9,3.221923828125,67.556
2024-07-17T05:07:55.515584,9,3.221923828125,66.921
2024-07-17T05:07:55.540707,9,3.221923828125,66.921
2024-07-17T05:07:55.565846,9,3.221923828125,66.921
2024-07-17T05:07:55.591000,9,3.221923828125,66.921
2024-07-17T05:07:55.616128,9,3.221923828125,66.921
2024-07-17T05:07:55.641325,9,3.221923828125,67.638
2024-07-17T05:07:55.666458,9,3.221923828125,67.638
2024-07-17T05:07:55.691602,9,3.221923828125,67.638
2024-07-17T05:07:55.716740,9,3.221923828125,67.638
2024-07-17T05:07:55.741890,9,3.221923828125,66.943
2024-07-17T05:07:55.767001,9,3.221923828125,66.943
2024-07-17T05:07:55.792114,9,3.221923828125,66.943
2024-07-17T05:07:55.817257,9,3.221923828125,66.943
2024-07-17T05:07:55.842394,9,3.221923828125,67.766
2024-07-17T05:07:55.867505,9,3.221923828125,67.766
2024-07-17T05:07:55.892632,9,3.221923828125,67.766
2024-07-17T05:07:55.917771,9,3.221923828125,67.766
2024-07-17T05:07:55.942859,9,3.221923828125,67.766
2024-07-17T05:07:55.967985,9,3.221923828125,66.727
2024-07-17T05:07:55.993126,9,3.221923828125,66.727
2024-07-17T05:07:56.018263,9,3.221923828125,66.727
2024-07-17T05:07:56.043456,9,3.221923828125,67.665
2024-07-17T05:07:56.068568,8,3.221923828125,67.665
2024-07-17T05:07:56.093683,8,3.221923828125,67.665
2024-07-17T05:07:56.118855,8,3.221923828125,67.665
2024-07-17T05:07:56.144025,8,3.221923828125,67.665
2024-07-17T05:07:56.169137,8,3.221923828125,67.138
2024-07-17T05:07:56.194250,8,3.221923828125,67.138
2024-07-17T05:07:56.219370,8,3.221923828125,67.138
2024-07-17T05:07:56.244503,8,3.221923828125,67.807
2024-07-17T05:07:56.269674,8,3.221923828125,67.807
2024-07-17T05:07:56.294804,9,3.221923828125,67.807
2024-07-17T05:07:56.319930,9,3.221923828125,67.807
2024-07-17T05:07:56.345041,9,3.221923828125,67.807
2024-07-17T05:07:56.370161,9,3.221923828125,67.236
2024-07-17T05:07:56.395273,9,3.221923828125,67.236
2024-07-17T05:07:56.420405,9,3.221923828125,67.236
2024-07-17T05:07:56.445573,9,3.221923828125,67.735
2024-07-17T05:07:56.470685,9,3.221923828125,67.735
2024-07-17T05:07:56.495840,9,3.221923828125,67.735
2024-07-17T05:07:56.520961,9,3.221923828125,67.735
2024-07-17T05:07:56.546085,9,3.221923828125,67.735
2024-07-17T05:07:56.571198,9,3.221923828125,67.378
2024-07-17T05:07:56.596325,9,3.221923828125,67.378
2024-07-17T05:07:56.621446,9,3.221923828125,67.378
2024-07-17T05:07:56.646568,9,3.221923828125,67.378
2024-07-17T05:07:56.671687,9,3.221923828125,68.09
2024-07-17T05:07:56.696851,9,3.221923828125,68.09
2024-07-17T05:07:56.721961,9,3.221923828125,68.09
2024-07-17T05:07:56.747086,9,3.221923828125,68.09
2024-07-17T05:07:56.772208,9,3.221923828125,67.567
2024-07-17T05:07:56.797340,9,3.221923828125,67.567
2024-07-17T05:07:56.822466,9,3.221923828125,67.567
2024-07-17T05:07:56.847588,9,3.221923828125,67.567
2024-07-17T05:07:56.872701,9,3.221923828125,67.949
2024-07-17T05:07:56.897892,9,3.221923828125,67.949
2024-07-17T05:07:56.923062,9,3.221923828125,67.949
2024-07-17T05:07:56.948190,9,3.221923828125,67.949
2024-07-17T05:07:56.973359,9,3.221923828125,67.949
2024-07-17T05:07:56.998499,9,3.221923828125,67.47
2024-07-17T05:07:57.023656,9,3.221923828125,67.47
2024-07-17T05:07:57.048809,9,3.221923828125,67.47
2024-07-17T05:07:57.073935,9,3.221923828125,67.042
2024-07-17T05:07:57.099115,9,3.221923828125,67.042
2024-07-17T05:07:57.124264,9,3.221923828125,67.042
2024-07-17T05:07:57.149393,9,3.221923828125,67.042
2024-07-17T05:07:57.174520,9,3.221923828125,67.042
2024-07-17T05:07:57.199635,9,3.221923828125,67.431
2024-07-17T05:07:57.224795,9,3.221923828125,67.431
2024-07-17T05:07:57.249951,9,3.221923828125,67.431
2024-07-17T05:07:57.275091,9,3.221923828125,66.972
2024-07-17T05:07:57.300213,9,3.221923828125,66.972
2024-07-17T05:07:57.325335,9,3.221923828125,66.972
2024-07-17T05:07:57.350482,9,3.221923828125,66.972
2024-07-17T05:07:57.375602,9,3.221923828125,66.972
2024-07-17T05:07:57.400732,9,3.221923828125,67.69
2024-07-17T05:07:57.425843,9,3.221923828125,67.69
2024-07-17T05:07:57.450967,9,3.221923828125,67.69
2024-07-17T05:07:57.476091,9,3.221923828125,67.69
2024-07-17T05:07:57.501270,9,3.221923828125,67.529
2024-07-17T05:07:57.526438,9,3.221923828125,67.529
2024-07-17T05:07:57.551551,9,3.221923828125,67.529
2024-07-17T05:07:57.576676,9,3.221923828125,67.529
2024-07-17T05:07:57.601789,9,3.221923828125,67.529
2024-07-17T05:07:57.626859,9,3.221923828125,67.529
2024-07-17T05:07:57.651979,9,3.221923828125,67.529
2024-07-17T05:07:57.677106,9,3.221923828125,67.529
2024-07-17T05:07:57.702282,9,3.221923828125,66.945
2024-07-17T05:07:57.727394,9,3.221923828125,66.945
2024-07-17T05:07:57.752506,9,3.221923828125,66.945
2024-07-17T05:07:57.777655,9,3.221923828125,66.945
2024-07-17T05:07:57.802778,9,3.221923828125,66.945
2024-07-17T05:07:57.827867,9,3.221923828125,67.069
2024-07-17T05:07:57.853042,9,3.221923828125,67.069
2024-07-17T05:07:57.878203,9,3.221923828125,67.069
2024-07-17T05:07:57.903327,9,3.221923828125,67.069
2024-07-17T05:07:57.928470,9,3.221923828125,67.069
2024-07-17T05:07:57.953581,9,3.221923828125,67.069
2024-07-17T05:07:57.978704,9,3.221923828125,67.069
2024-07-17T05:07:58.003817,9,3.221923828125,67.069
2024-07-17T05:07:58.028960,9,3.221923828125,67.158
2024-07-17T05:07:58.054102,9,3.221923828125,67.158
2024-07-17T05:07:58.079223,9,3.221923828125,67.158
2024-07-17T05:07:58.104336,9,3.221923828125,67.158
2024-07-17T05:07:58.129449,9,3.221923828125,67.158
2024-07-17T05:07:58.154640,9,3.221923828125,67.158
2024-07-17T05:07:58.179775,9,3.221923828125,67.158
2024-07-17T05:07:58.204881,9,3.221923828125,67.158
2024-07-17T05:07:58.230018,9,3.221923828125,67.281
2024-07-17T05:07:58.255168,9,3.221923828125,67.281
2024-07-17T05:07:58.280280,9,3.221923828125,67.281
2024-07-17T05:07:58.305449,9,3.221923828125,67.787
2024-07-17T05:07:58.330568,9,3.221923828125,67.787
2024-07-17T05:07:58.355692,9,3.221923828125,67.787
2024-07-17T05:07:58.380805,9,3.221923828125,67.787
2024-07-17T05:07:58.405919,9,3.221923828125,67.787
2024-07-17T05:07:58.431046,9,3.221923828125,67.334
2024-07-17T05:07:58.456159,9,3.221923828125,67.334
2024-07-17T05:07:58.481346,9,3.221923828125,67.334
2024-07-17T05:07:58.506467,9,3.221923828125,67.334
2024-07-17T05:07:58.531592,9,3.221923828125,67.871
2024-07-17T05:07:58.556737,9,3.221923828125,67.871
2024-07-17T05:07:58.581862,9,3.221923828125,67.871
2024-07-17T05:07:58.606974,9,3.221923828125,67.871
2024-07-17T05:07:58.632126,9,3.221923828125,67.475
2024-07-17T05:07:58.657252,9,3.221923828125,67.475
2024-07-17T05:07:58.682364,9,3.221923828125,67.475
2024-07-17T05:07:58.707485,9,3.221923828125,67.475
2024-07-17T05:07:58.732659,9,3.221923828125,67.191
2024-07-17T05:07:58.757772,9,3.221923828125,67.191
2024-07-17T05:07:58.782882,9,3.221923828125,67.191
2024-07-17T05:07:58.807994,9,3.221923828125,67.191
2024-07-17T05:07:58.833195,9,3.221923828125,67.191
2024-07-17T05:07:58.858326,9,3.221923828125,67.638
2024-07-17T05:07:58.883453,9,3.221923828125,67.638
2024-07-17T05:07:58.908573,9,3.221923828125,67.638
2024-07-17T05:07:58.933756,9,3.221923828125,66.795
2024-07-17T05:07:58.958934,9,3.221923828125,66.795
2024-07-17T05:07:58.984071,9,3.221923828125,66.795
2024-07-17T05:07:59.009192,9,3.221923828125,66.795
2024-07-17T05:07:59.034321,9,3.221923828125,66.795
2024-07-17T05:07:59.059444,9,3.221923828125,67.475
2024-07-17T05:07:59.084572,9,3.221923828125,67.475
2024-07-17T05:07:59.109694,9,3.221923828125,67.475
2024-07-17T05:07:59.134807,9,3.221923828125,66.997
2024-07-17T05:07:59.159965,9,3.221923828125,66.997
2024-07-17T05:07:59.185132,9,3.221923828125,66.997
2024-07-17T05:07:59.210312,9,3.221923828125,66.997
2024-07-17T05:07:59.235423,9,3.221923828125,66.997
2024-07-17T05:07:59.260536,9,3.221923828125,67.443
2024-07-17T05:07:59.285663,9,3.221923828125,67.443
2024-07-17T05:07:59.310786,9,3.221923828125,67.443
2024-07-17T05:07:59.335859,9,3.221923828125,67.443
2024-07-17T05:07:59.360971,9,3.221923828125,66.297
2024-07-17T05:07:59.386084,8,3.221923828125,66.297
2024-07-17T05:07:59.411259,8,3.221923828125,66.297
2024-07-17T05:07:59.436411,8,3.221923828125,66.297
2024-07-17T05:07:59.461608,8,3.221923828125,67.573
2024-07-17T05:07:59.486720,8,3.221923828125,67.573
2024-07-17T05:07:59.511833,8,3.221923828125,67.573
2024-07-17T05:07:59.536948,8,3.221923828125,67.573
2024-07-17T05:07:59.562084,8,3.221923828125,67.21
2024-07-17T05:07:59.587205,10,3.221923828125,67.21
2024-07-17T05:07:59.612364,10,3.221923828125,67.21
2024-07-17T05:07:59.637475,10,3.221923828125,67.21
2024-07-17T05:07:59.662610,10,3.221923828125,67.21
2024-07-17T05:07:59.687735,10,3.221923828125,67.529
2024-07-17T05:07:59.712851,10,3.221923828125,67.529
2024-07-17T05:07:59.737974,10,3.221923828125,67.529
2024-07-17T05:07:59.763111,10,3.221923828125,68.155
2024-07-17T05:07:59.788275,11,3.221923828125,68.155
2024-07-17T05:07:59.813435,11,3.221923828125,68.155
2024-07-17T05:07:59.838562,11,3.221923828125,68.155
2024-07-17T05:07:59.863678,11,3.221923828125,68.155
2024-07-17T05:07:59.888806,11,3.221923828125,69.827
2024-07-17T05:07:59.913993,11,3.221923828125,69.827
2024-07-17T05:07:59.939116,11,3.221923828125,69.827
2024-07-17T05:07:59.964254,11,3.221923828125,69.755
2024-07-17T05:07:59.989387,11,3.221923828125,69.755
2024-07-17T05:08:00.014501,16,3.221923828125,69.755
2024-07-17T05:08:00.039625,16,3.221923828125,69.755
2024-07-17T05:08:00.064739,16,3.221923828125,69.755
2024-07-17T05:08:00.089871,16,3.221923828125,69.482
2024-07-17T05:08:00.115048,16,3.221923828125,69.482
2024-07-17T05:08:00.140201,16,3.221923828125,69.482
2024-07-17T05:08:00.165314,16,3.221923828125,69.146
2024-07-17T05:08:00.190440,16,3.221923828125,69.146
2024-07-17T05:08:00.215567,15,3.221923828125,69.146
2024-07-17T05:08:00.240748,15,3.221923828125,69.146
2024-07-17T05:08:00.265860,15,3.221923828125,69.146
2024-07-17T05:08:00.290999,15,3.221923828125,67.307
2024-07-17T05:08:00.316142,15,3.221923828125,67.307
2024-07-17T05:08:00.341312,15,3.221923828125,67.307
2024-07-17T05:08:00.366436,15,3.221923828125,67.307
2024-07-17T05:08:00.391618,15,3.221923828125,67.709
2024-07-17T05:08:00.416730,10,3.221923828125,67.709
2024-07-17T05:08:00.441873,10,3.221923828125,67.709
2024-07-17T05:08:00.466984,10,3.221923828125,67.709
2024-07-17T05:08:00.492125,10,3.221923828125,67.212
2024-07-17T05:08:00.517249,10,3.221923828125,67.212
2024-07-17T05:08:00.542361,10,3.221923828125,67.212
2024-07-17T05:08:00.567483,10,3.221923828125,67.212
2024-07-17T05:08:00.592609,10,3.221923828125,67.735
2024-07-17T05:08:00.617721,10,3.221923828125,67.735
2024-07-17T05:08:00.642834,10,3.221923828125,67.735
2024-07-17T05:08:00.667949,10,3.221923828125,67.735
2024-07-17T05:08:00.693062,10,3.221923828125,67.735
2024-07-17T05:08:00.718184,10,3.221923828125,70.059
2024-07-17T05:08:00.743312,10,3.221923828125,70.059
2024-07-17T05:08:00.768426,10,3.221923828125,70.059
2024-07-17T05:08:00.793543,10,3.221923828125,69.755
2024-07-17T05:08:00.818718,16,3.221923828125,69.755
2024-07-17T05:08:00.843830,16,3.221923828125,69.755
2024-07-17T05:08:00.868944,16,3.221923828125,69.755
2024-07-17T05:08:00.894057,16,3.221923828125,69.755
2024-07-17T05:08:00.919194,16,3.221923828125,69.482
2024-07-17T05:08:00.944376,16,3.221923828125,69.482
2024-07-17T05:08:00.969489,16,3.221923828125,69.482
2024-07-17T05:08:00.994603,16,3.221923828125,69.419
2024-07-17T05:08:01.019769,16,3.221923828125,69.419
2024-07-17T05:08:01.044901,16,3.221923828125,69.419
2024-07-17T05:08:01.070028,16,3.221923828125,69.419
2024-07-17T05:08:01.095141,16,3.221923828125,69.419
2024-07-17T05:08:01.120280,16,3.221923828125,67.113
2024-07-17T05:08:01.145417,16,3.221923828125,67.113
2024-07-17T05:08:01.170529,16,3.221923828125,67.113
2024-07-17T05:08:01.195725,16,3.221923828125,67.787
2024-07-17T05:08:01.220889,16,3.221923828125,67.787
2024-07-17T05:08:01.246000,10,3.221923828125,67.787
2024-07-17T05:08:01.271126,10,3.221923828125,67.787
2024-07-17T05:08:01.296248,10,3.221923828125,67.787
2024-07-17T05:08:01.321383,10,3.221923828125,67.443
2024-07-17T05:08:01.346525,10,3.221923828125,67.443
2024-07-17T05:08:01.371637,10,3.221923828125,67.443
2024-07-17T05:08:01.396762,10,3.221923828125,67.443
2024-07-17T05:08:01.421862,10,3.221923828125,67.443
2024-07-17T05:08:01.446976,10,3.221923828125,67.443
2024-07-17T05:08:01.472145,10,3.221923828125,67.443
2024-07-17T05:08:01.497268,10,3.221923828125,67.443
2024-07-17T05:08:01.522381,10,3.221923828125,69.852
2024-07-17T05:08:01.547512,10,3.221923828125,69.852
2024-07-17T05:08:01.572666,10,3.221923828125,69.852
2024-07-17T05:08:01.597786,10,3.221923828125,69.852
2024-07-17T05:08:01.622859,10,3.221923828125,70.157
2024-07-17T05:08:01.647979,15,3.221923828125,70.157
2024-07-17T05:08:01.673147,15,3.221923828125,70.157
2024-07-17T05:08:01.698261,15,3.221923828125,70.157
2024-07-17T05:08:01.723394,15,3.221923828125,70.157
2024-07-17T05:08:01.748506,15,3.221923828125,69.508
2024-07-17T05:08:01.773649,15,3.221923828125,69.508
2024-07-17T05:08:01.798795,15,3.221923828125,69.508
2024-07-17T05:08:01.823859,15,3.221923828125,69.508
2024-07-17T05:08:01.848984,15,3.221923828125,69.508
2024-07-17T05:08:01.874110,16,3.221923828125,69.508
2024-07-17T05:08:01.899256,16,3.221923828125,69.508
2024-07-17T05:08:01.924390,16,3.221923828125,69.508
2024-07-17T05:08:01.949575,16,3.221923828125,67.378
2024-07-17T05:08:01.974687,16,3.221923828125,67.378
2024-07-17T05:08:01.999800,16,3.221923828125,67.378
2024-07-17T05:08:02.024929,16,3.221923828125,67.844
2024-07-17T05:08:02.050108,16,3.221923828125,67.844
2024-07-17T05:08:02.075288,11,3.221923828125,67.844
2024-07-17T05:08:02.100410,11,3.221923828125,67.844
2024-07-17T05:08:02.125533,11,3.221923828125,67.844
2024-07-17T05:08:02.150644,11,3.221923828125,67.431
2024-07-17T05:08:02.175813,11,3.221923828125,67.431
2024-07-17T05:08:02.200956,11,3.221923828125,67.431
2024-07-17T05:08:02.226066,11,3.221923828125,67.993
2024-07-17T05:08:02.251180,11,3.221923828125,67.993
2024-07-17T05:08:02.276315,10,3.221923828125,67.993
2024-07-17T05:08:02.301444,10,3.221923828125,67.993
2024-07-17T05:08:02.326558,10,3.221923828125,67.993
2024-07-17T05:08:02.351673,10,3.221923828125,69.753
2024-07-17T05:08:02.376789,10,3.221923828125,69.753
2024-07-17T05:08:02.401859,10,3.221923828125,69.753
2024-07-17T05:08:02.427042,10,3.221923828125,69.753
2024-07-17T05:08:02.452154,10,3.221923828125,70.005
2024-07-17T05:08:02.477282,14,3.221923828125,70.005
2024-07-17T05:08:02.502444,14,3.221923828125,70.005
2024-07-17T05:08:02.527556,14,3.221923828125,70.005
2024-07-17T05:08:02.552702,14,3.221923828125,69.605
2024-07-17T05:08:02.577836,14,3.221923828125,69.605
2024-07-17T05:08:02.602950,14,3.221923828125,69.605
2024-07-17T05:08:02.628062,14,3.221923828125,69.605
2024-07-17T05:08:02.653176,14,3.221923828125,68.855
2024-07-17T05:08:02.678363,16,3.221923828125,68.855
2024-07-17T05:08:02.703490,16,3.221923828125,68.855
2024-07-17T05:08:02.728601,16,3.221923828125,68.855
2024-07-17T05:08:02.753713,16,3.221923828125,68.855
2024-07-17T05:08:02.778862,16,3.221923828125,67.191
2024-07-17T05:08:02.803973,16,3.221923828125,67.191
2024-07-17T05:08:02.829084,16,3.221923828125,67.191
2024-07-17T05:08:02.854197,16,3.221923828125,67.787
2024-07-17T05:08:02.879318,16,3.221923828125,67.787
2024-07-17T05:08:02.904444,12,3.221923828125,67.787
2024-07-17T05:08:02.929596,12,3.221923828125,67.787
2024-07-17T05:08:02.954751,12,3.221923828125,67.787
2024-07-17T05:08:02.979896,12,3.221923828125,66.867
2024-07-17T05:08:03.005006,12,3.221923828125,66.867
2024-07-17T05:08:03.030174,12,3.221923828125,66.867
2024-07-17T05:08:03.055336,12,3.221923828125,67.533
2024-07-17T05:08:03.080449,12,3.221923828125,67.533
2024-07-17T05:08:03.105605,10,3.221923828125,67.533
2024-07-17T05:08:03.130725,10,3.221923828125,67.533
2024-07-17T05:08:03.155863,10,3.221923828125,67.533
2024-07-17T05:08:03.180973,10,3.221923828125,69.702
2024-07-17T05:08:03.206097,10,3.221923828125,69.702
2024-07-17T05:08:03.231211,10,3.221923828125,69.702
2024-07-17T05:08:03.256331,10,3.221923828125,69.702
2024-07-17T05:08:03.281464,10,3.221923828125,69.536
2024-07-17T05:08:03.306588,13,3.221923828125,69.536
2024-07-17T05:08:03.331738,13,3.221923828125,69.536
2024-07-17T05:08:03.356887,13,3.221923828125,69.536
2024-07-17T05:08:03.382006,13,3.221923828125,69.536
2024-07-17T05:08:03.407118,13,3.221923828125,69.73
2024-07-17T05:08:03.432232,13,3.221923828125,69.73
2024-07-17T05:08:03.457373,13,3.221923828125,69.73
2024-07-17T05:08:03.482506,13,3.221923828125,69.73
2024-07-17T05:08:03.515907,16,3.221923828125,69.439
2024-07-17T05:08:03.541030,16,3.221923828125,69.439
2024-07-17T05:08:03.566144,16,3.221923828125,69.439
2024-07-17T05:08:03.591271,16,3.221923828125,66.99
2024-07-17T05:08:03.616404,16,3.221923828125,66.99
2024-07-17T05:08:03.641576,16,3.221923828125,66.99
2024-07-17T05:08:03.666689,16,3.221923828125,66.99
2024-07-17T05:08:03.691875,16,3.221923828125,67.391
2024-07-17T05:08:03.716994,14,3.221923828125,67.391
2024-07-17T05:08:03.742109,14,3.221923828125,67.391
2024-07-17T05:08:03.767223,14,3.221923828125,67.391
2024-07-17T05:08:03.792360,14,3.221923828125,67.391
2024-07-17T05:08:03.817484,14,3.221923828125,67.139
2024-07-17T05:08:03.842596,14,3.221923828125,67.139
2024-07-17T05:08:03.867717,14,3.221923828125,67.139
2024-07-17T05:08:03.892854,14,3.221923828125,67.413
2024-07-17T05:08:03.917965,10,3.221923828125,67.413
2024-07-17T05:08:03.943169,10,3.221923828125,67.413
2024-07-17T05:08:03.968308,10,3.221923828125,67.413
2024-07-17T05:08:03.993441,10,3.221923828125,67.413
2024-07-17T05:08:04.018554,10,3.221923828125,68.718
2024-07-17T05:08:04.043957,10,3.221923828125,68.718
2024-07-17T05:08:04.069127,10,3.221923828125,68.718
2024-07-17T05:08:04.094239,10,3.221923828125,69.801
2024-07-17T05:08:04.119354,10,3.221923828125,69.801
2024-07-17T05:08:04.144480,12,3.221923828125,69.801
2024-07-17T05:08:04.169602,12,3.221923828125,69.801
2024-07-17T05:08:04.194765,12,3.221923828125,69.801
2024-07-17T05:08:04.219881,12,3.221923828125,69.554
2024-07-17T05:08:04.245016,12,3.221923828125,69.554
2024-07-17T05:08:04.270135,12,3.221923828125,69.554
2024-07-17T05:08:04.295248,12,3.221923828125,69.462
2024-07-17T05:08:04.320366,12,3.221923828125,69.462
2024-07-17T05:08:04.345537,16,3.221923828125,69.462
2024-07-17T05:08:04.370671,16,3.221923828125,69.462
2024-07-17T05:08:04.395849,16,3.221923828125,69.462
2024-07-17T05:08:04.420983,16,3.221923828125,69.003
2024-07-17T05:08:04.446106,16,3.221923828125,69.003
2024-07-17T05:08:04.471219,16,3.221923828125,69.003
2024-07-17T05:08:04.496332,16,3.221923828125,69.003
2024-07-17T05:08:04.521454,15,3.221923828125,67.412
2024-07-17T05:08:04.546577,15,3.221923828125,67.412
2024-07-17T05:08:04.571711,15,3.221923828125,67.412
2024-07-17T05:08:04.596923,15,3.221923828125,67.412
2024-07-17T05:08:04.622034,15,3.221923828125,67.779
2024-07-17T05:08:04.647174,15,3.221923828125,67.779
2024-07-17T05:08:04.672319,15,3.221923828125,67.779
2024-07-17T05:08:04.697487,15,3.221923828125,67.779
2024-07-17T05:08:04.722599,15,3.221923828125,67.096
2024-07-17T05:08:04.747754,10,3.221923828125,67.096
2024-07-17T05:08:04.772899,10,3.221923828125,67.096
2024-07-17T05:08:04.798020,10,3.221923828125,67.096
2024-07-17T05:08:04.823162,10,3.221923828125,67.096
2024-07-17T05:08:04.848300,10,3.221923828125,67.54
2024-07-17T05:08:04.873451,10,3.221923828125,67.54
2024-07-17T05:08:04.898564,10,3.221923828125,67.54
2024-07-17T05:08:04.923708,10,3.221923828125,70.383
2024-07-17T05:08:04.948831,10,3.221923828125,70.383
2024-07-17T05:08:04.973990,10,3.221923828125,70.383
2024-07-17T05:08:04.999103,10,3.221923828125,70.383
2024-07-17T05:08:05.024218,10,3.221923828125,70.383
2024-07-17T05:08:05.049332,10,3.221923828125,69.74
2024-07-17T05:08:05.074461,10,3.221923828125,69.74
2024-07-17T05:08:05.099593,10,3.221923828125,69.74
2024-07-17T05:08:05.124705,10,3.221923828125,69.74
2024-07-17T05:08:05.149864,10,3.221923828125,69.74
2024-07-17T05:08:05.174987,16,3.221923828125,69.74
2024-07-17T05:08:05.205910,16,3.221923828125,69.74
2024-07-17T05:08:05.231063,16,3.221923828125,69.74
2024-07-17T05:08:05.256175,16,3.221923828125,66.845
2024-07-17T05:08:05.281308,16,3.221923828125,66.845
2024-07-17T05:08:05.306420,16,3.221923828125,66.845
2024-07-17T05:08:05.331532,16,3.221923828125,66.845
2024-07-17T05:08:05.356707,16,3.221923828125,66.845
2024-07-17T05:08:05.381832,16,3.221923828125,66.845
2024-07-17T05:08:05.406955,16,3.221923828125,66.845
2024-07-17T05:08:05.432090,16,3.221923828125,66.845
2024-07-17T05:08:05.457216,16,3.221923828125,67.186
2024-07-17T05:08:05.482329,16,3.221923828125,67.186
2024-07-17T05:08:05.507493,16,3.221923828125,67.186
2024-07-17T05:08:05.532662,16,3.221923828125,67.186
2024-07-17T05:08:05.557789,16,3.221923828125,67.186
2024-07-17T05:08:05.582890,10,3.221923828125,67.186
2024-07-17T05:08:05.607999,10,3.221923828125,67.186
2024-07-17T05:08:05.633173,10,3.221923828125,67.186
2024-07-17T05:08:05.658293,10,3.221923828125,69.775
2024-07-17T05:08:05.683428,10,3.221923828125,69.775
2024-07-17T05:08:05.708555,10,3.221923828125,69.775
2024-07-17T05:08:05.733684,10,3.221923828125,69.775
2024-07-17T05:08:05.758805,10,3.221923828125,69.633
2024-07-17T05:08:05.783931,15,3.221923828125,69.633
2024-07-17T05:08:05.809059,15,3.221923828125,69.633
2024-07-17T05:08:05.834173,15,3.221923828125,69.633
2024-07-17T05:08:05.859288,15,3.221923828125,69.633
2024-07-17T05:08:05.884413,15,3.221923828125,69.579
2024-07-17T05:08:05.909609,15,3.221923828125,69.579
2024-07-17T05:08:05.934721,15,3.221923828125,69.579
2024-07-17T05:08:05.959890,15,3.221923828125,69.411
2024-07-17T05:08:05.985019,15,3.221923828125,69.411
2024-07-17T05:08:06.010150,16,3.221923828125,69.411
2024-07-17T05:08:06.035276,16,3.221923828125,69.411
2024-07-17T05:08:06.060417,16,3.221923828125,69.411
2024-07-17T05:08:06.085529,16,3.221923828125,69.094
2024-07-17T05:08:06.110690,16,3.221923828125,69.094
2024-07-17T05:08:06.135825,16,3.221923828125,69.094
2024-07-17T05:08:06.160949,16,3.221923828125,67.184
2024-07-17T05:08:06.186062,16,3.221923828125,67.184
2024-07-17T05:08:06.211222,11,3.221923828125,67.184
2024-07-17T05:08:06.236382,11,3.221923828125,67.184
2024-07-17T05:08:06.261558,11,3.221923828125,67.184
2024-07-17T05:08:06.286670,11,3.221923828125,67.71
2024-07-17T05:08:06.311806,11,3.221923828125,67.71
2024-07-17T05:08:06.336969,11,3.221923828125,67.71
2024-07-17T05:08:06.362083,11,3.221923828125,67.353
2024-07-17T05:08:06.387228,11,3.221923828125,67.353
2024-07-17T05:08:06.412352,10,3.221923828125,67.353
2024-07-17T05:08:06.437506,10,3.221923828125,67.353
2024-07-17T05:08:06.462619,10,3.221923828125,67.353
2024-07-17T05:08:06.487734,10,3.221923828125,67.818
2024-07-17T05:08:06.512859,10,3.221923828125,67.818
2024-07-17T05:08:06.537999,10,3.221923828125,67.818
2024-07-17T05:08:06.563167,10,3.221923828125,67.818
2024-07-17T05:08:06.588279,10,3.221923828125,70.253
2024-07-17T05:08:06.613393,14,3.221923828125,70.253
2024-07-17T05:08:06.638533,14,3.221923828125,70.253
2024-07-17T05:08:06.663645,14,3.221923828125,70.253
2024-07-17T05:08:06.688760,14,3.221923828125,69.365
2024-07-17T05:08:06.713869,14,3.221923828125,69.365
2024-07-17T05:08:06.738991,14,3.221923828125,69.365
2024-07-17T05:08:06.764115,14,3.221923828125,69.365
2024-07-17T05:08:06.789236,14,3.221923828125,69.314
2024-07-17T05:08:06.814397,16,3.221923828125,69.314
2024-07-17T05:08:06.839507,16,3.221923828125,69.314
2024-07-17T05:08:06.864620,16,3.221923828125,69.314
2024-07-17T05:08:06.895859,16,3.221923828125,69.172
2024-07-17T05:08:06.921024,16,3.221923828125,69.172
2024-07-17T05:08:06.946149,16,3.221923828125,69.172
2024-07-17T05:08:06.971281,16,3.221923828125,69.172
2024-07-17T05:08:06.996392,16,3.221923828125,66.918
2024-07-17T05:08:07.021536,13,3.221923828125,66.918
2024-07-17T05:08:07.046721,13,3.221923828125,66.918
2024-07-17T05:08:07.071841,13,3.221923828125,66.918
2024-07-17T05:08:07.096993,13,3.221923828125,66.918
2024-07-17T05:08:07.122161,13,3.221923828125,67.819
2024-07-17T05:08:07.147284,13,3.221923828125,67.819
2024-07-17T05:08:07.172426,13,3.221923828125,67.819
2024-07-17T05:08:07.197553,13,3.221923828125,67.069
2024-07-17T05:08:07.222696,13,3.221923828125,67.069
2024-07-17T05:08:07.247809,10,3.221923828125,67.069
2024-07-17T05:08:07.272924,10,3.221923828125,67.069
2024-07-17T05:08:07.298043,10,3.221923828125,67.069
2024-07-17T05:08:07.323200,10,3.221923828125,67.69
2024-07-17T05:08:07.348311,10,3.221923828125,67.69
2024-07-17T05:08:07.373435,10,3.221923828125,67.69
2024-07-17T05:08:07.398547,10,3.221923828125,70.157
2024-07-17T05:08:07.423698,10,3.221923828125,70.157
2024-07-17T05:08:07.448853,13,3.221923828125,70.157
2024-07-17T05:08:07.473964,13,3.221923828125,70.157
2024-07-17T05:08:07.499077,13,3.221923828125,70.077
2024-07-17T05:08:07.524191,13,3.221923828125,70.077
2024-07-17T05:08:07.549315,13,3.221923828125,70.077
2024-07-17T05:08:07.574440,13,3.221923828125,70.077
2024-07-17T05:08:07.599553,13,3.221923828125,69.633
2024-07-17T05:08:07.624683,13,3.221923828125,69.633
2024-07-17T05:08:07.649794,16,3.221923828125,69.633
2024-07-17T05:08:07.674920,16,3.221923828125,69.633
2024-07-17T05:08:07.700032,16,3.221923828125,69.633
2024-07-17T05:08:07.725197,16,3.221923828125,69.172
2024-07-17T05:08:07.750322,16,3.221923828125,69.172
2024-07-17T05:08:07.775458,16,3.221923828125,69.172
2024-07-17T05:08:07.800572,16,3.221923828125,69.172
2024-07-17T05:08:07.825693,16,3.221923828125,66.997
2024-07-17T05:08:07.850814,13,3.221923828125,66.997
2024-07-17T05:08:07.875936,13,3.221923828125,66.997
2024-07-17T05:08:07.901061,13,3.221923828125,66.997
2024-07-17T05:08:07.926183,13,3.221923828125,66.997
2024-07-17T05:08:07.951305,13,3.221923828125,67.613
2024-07-17T05:08:07.976458,13,3.221923828125,67.613
2024-07-17T05:08:08.001619,13,3.221923828125,67.613
2024-07-17T05:08:08.026732,13,3.221923828125,67.069
2024-07-17T05:08:08.051877,9,3.221923828125,67.069
2024-07-17T05:08:08.076988,9,3.221923828125,67.069
2024-07-17T05:08:08.102107,9,3.221923828125,67.069
2024-07-17T05:08:08.127273,9,3.221923828125,67.069
2024-07-17T05:08:08.152384,9,3.221923828125,67.792
2024-07-17T05:08:08.177495,9,3.221923828125,67.792
2024-07-17T05:08:08.202628,9,3.221923828125,67.792
2024-07-17T05:08:08.227753,9,3.221923828125,67.21
2024-07-17T05:08:08.252860,9,3.221923828125,67.21
2024-07-17T05:08:08.277991,9,3.221923828125,67.21
2024-07-17T05:08:08.303111,9,3.221923828125,67.21
2024-07-17T05:08:08.328251,9,3.221923828125,67.21
2024-07-17T05:08:08.353363,9,3.221923828125,67.729
2024-07-17T05:08:08.378486,9,3.221923828125,67.729
2024-07-17T05:08:08.403672,9,3.221923828125,67.729
2024-07-17T05:08:08.428798,9,3.221923828125,67.094
2024-07-17T05:08:08.453912,9,3.221923828125,67.094
2024-07-17T05:08:08.479035,9,3.221923828125,67.094
2024-07-17T05:08:08.504158,9,3.221923828125,67.094
2024-07-17T05:08:08.529279,9,3.221923828125,67.916
2024-07-17T05:08:08.554411,9,3.221923828125,67.916
2024-07-17T05:08:08.579523,9,3.221923828125,67.916
2024-07-17T05:08:08.604649,9,3.221923828125,67.916
2024-07-17T05:08:08.629762,9,3.221923828125,67.042
2024-07-17T05:08:08.654860,9,3.221923828125,67.042
2024-07-17T05:08:08.679972,9,3.221923828125,67.042
2024-07-17T05:08:08.705134,9,3.221923828125,67.042
2024-07-17T05:08:08.730277,9,3.221923828125,67.042
2024-07-17T05:08:08.755401,9,3.221923828125,67.774
2024-07-17T05:08:08.780523,9,3.221923828125,67.774
2024-07-17T05:08:08.805635,9,3.221923828125,67.774
2024-07-17T05:08:08.830756,9,3.221923828125,67.774
2024-07-17T05:08:08.855894,9,3.221923828125,67.592
2024-07-17T05:08:08.881007,9,3.221923828125,67.592
2024-07-17T05:08:08.906176,9,3.221923828125,67.592
2024-07-17T05:08:08.931296,9,3.221923828125,67.592
2024-07-17T05:08:08.956428,9,3.221923828125,67.592
2024-07-17T05:08:08.981554,9,3.221923828125,67.281
2024-07-17T05:08:09.006711,9,3.221923828125,67.281
2024-07-17T05:08:09.031830,9,3.221923828125,67.281
2024-07-17T05:08:09.056961,9,3.221923828125,67.281
2024-07-17T05:08:09.082097,9,3.221923828125,67.281
2024-07-17T05:08:09.107278,9,3.221923828125,67.281
2024-07-17T05:08:09.132398,9,3.221923828125,67.281
2024-07-17T05:08:09.157525,9,3.221923828125,67.281
2024-07-17T05:08:09.182636,9,3.221923828125,67.559
2024-07-17T05:08:09.207749,9,3.221923828125,67.559
2024-07-17T05:08:09.232873,9,3.221923828125,67.559
2024-07-17T05:08:09.258019,9,3.221923828125,67.559
2024-07-17T05:08:09.283139,9,3.221923828125,67.559
2024-07-17T05:08:09.308266,9,3.221923828125,67.559
2024-07-17T05:08:09.333395,9,3.221923828125,67.559
2024-07-17T05:08:09.358506,9,3.221923828125,67.559
2024-07-17T05:08:09.383650,9,3.221923828125,67.529
2024-07-17T05:08:09.408761,9,3.221923828125,67.529
2024-07-17T05:08:09.433881,9,3.221923828125,67.529
2024-07-17T05:08:09.459004,9,3.221923828125,67.529
2024-07-17T05:08:09.484122,9,3.221923828125,67.529
2024-07-17T05:08:09.509235,9,3.221923828125,67.529
2024-07-17T05:08:09.534408,9,3.221923828125,67.529
2024-07-17T05:08:09.559578,9,3.221923828125,67.529
2024-07-17T05:08:09.584774,9,3.221923828125,67.611
2024-07-17T05:08:09.609860,9,3.221923828125,67.611
2024-07-17T05:08:09.634972,9,3.221923828125,67.611
2024-07-17T05:08:09.660083,9,3.221923828125,67.611
2024-07-17T05:08:09.685209,9,3.221923828125,66.99
2024-07-17T05:08:09.710332,9,3.221923828125,66.99
2024-07-17T05:08:09.735486,9,3.221923828125,66.99
2024-07-17T05:08:09.760646,9,3.221923828125,66.99
2024-07-17T05:08:09.785765,9,3.221923828125,67.657
2024-07-17T05:08:09.810873,9,3.221923828125,67.657
2024-07-17T05:08:09.835984,9,3.221923828125,67.657
2024-07-17T05:08:09.861106,9,3.221923828125,67.657
2024-07-17T05:08:09.953376,9,3.221923828125,66.945
2024-07-17T05:08:09.978564,9,3.221923828125,66.945
2024-07-17T05:08:10.003711,9,3.221923828125,64.692
2024-07-17T05:08:10.028867,9,3.221923828125,64.692
2024-07-17T05:08:10.053976,9,3.221923828125,64.692
2024-07-17T05:08:10.079157,9,3.221923828125,67.774
2024-07-17T05:08:10.104293,9,3.221923828125,67.774
2024-07-17T05:08:10.129406,5,3.221923828125,67.774
2024-07-17T05:08:10.154518,5,3.221923828125,67.774
2024-07-17T05:08:10.179673,5,3.221923828125,67.774
2024-07-17T05:08:10.204785,5,3.221923828125,67.042
2024-07-17T05:08:10.229926,5,3.221923828125,67.042
2024-07-17T05:08:10.255036,5,3.221923828125,67.042
2024-07-17T05:08:10.280212,5,3.221923828125,67.042
2024-07-17T05:08:10.305333,5,3.221923828125,67.689
2024-07-17T05:08:10.330451,8,3.221923828125,67.689
2024-07-17T05:08:10.355576,8,3.221923828125,67.689
2024-07-17T05:08:10.380699,8,3.221923828125,67.689
2024-07-17T05:08:10.405812,8,3.221923828125,67.21
2024-07-17T05:08:10.430927,8,3.221923828125,67.21
2024-07-17T05:08:10.456055,8,3.221923828125,67.21
2024-07-17T05:08:10.481179,8,3.221923828125,67.21
2024-07-17T05:08:10.506319,8,3.221923828125,67.21
2024-07-17T05:08:10.531441,9,3.221923828125,67.819
2024-07-17T05:08:10.556553,9,3.221923828125,67.819
2024-07-17T05:08:10.581678,9,3.221923828125,67.819
2024-07-17T05:08:10.606863,9,3.221923828125,67.236
2024-07-17T05:08:10.631990,9,3.221923828125,67.236
2024-07-17T05:08:10.657164,9,3.221923828125,67.236
2024-07-17T05:08:10.682298,9,3.221923828125,67.236
2024-07-17T05:08:10.707413,9,3.221923828125,67.818
2024-07-17T05:08:10.732536,9,3.221923828125,67.818
2024-07-17T05:08:10.757683,9,3.221923828125,67.818
2024-07-17T05:08:10.782857,9,3.221923828125,67.818
2024-07-17T05:08:10.807980,9,3.221923828125,67.818
2024-07-17T05:08:10.833100,9,3.221923828125,67.502
2024-07-17T05:08:10.858279,9,3.221923828125,67.502
2024-07-17T05:08:10.883420,9,3.221923828125,67.502
2024-07-17T05:08:10.908593,9,3.221923828125,68.305
2024-07-17T05:08:10.933705,9,3.221923828125,68.305
2024-07-17T05:08:10.958828,9,3.221923828125,68.305
2024-07-17T05:08:10.983970,9,3.221923828125,68.305
2024-07-17T05:08:11.009117,9,3.221923828125,68.305
2024-07-17T05:08:11.034270,9,3.221923828125,67.529
2024-07-17T05:08:11.059382,9,3.221923828125,67.529
2024-07-17T05:08:11.084541,9,3.221923828125,67.529
2024-07-17T05:08:11.109665,9,3.221923828125,67.916
2024-07-17T05:08:11.134777,9,3.221923828125,67.916
2024-07-17T05:08:11.159901,9,3.221923828125,67.916
2024-07-17T05:08:11.185035,9,3.221923828125,67.916
2024-07-17T05:08:11.210158,9,3.221923828125,67.916
2024-07-17T05:08:11.235268,9,3.221923828125,67.709
2024-07-17T05:08:11.260398,9,3.221923828125,67.709
2024-07-17T05:08:11.285529,9,3.221923828125,67.709
2024-07-17T05:08:11.310655,9,3.221923828125,67.709
2024-07-17T05:08:11.335793,9,3.221923828125,67.018
2024-07-17T05:08:11.360859,9,3.221923828125,67.018
2024-07-17T05:08:11.385983,9,3.221923828125,67.018
2024-07-17T05:08:11.411106,9,3.221923828125,67.018
2024-07-17T05:08:11.436238,9,3.221923828125,67.018
2024-07-17T05:08:11.461368,9,3.221923828125,67.638
2024-07-17T05:08:11.486488,9,3.221923828125,67.638
2024-07-17T05:08:11.511601,9,3.221923828125,67.638
2024-07-17T05:08:11.536735,9,3.221923828125,67.638
2024-07-17T05:08:11.561901,9,3.221923828125,67.113
2024-07-17T05:08:11.587069,9,3.221923828125,67.113
2024-07-17T05:08:11.612180,9,3.221923828125,67.113
2024-07-17T05:08:11.637305,9,3.221923828125,67.799
2024-07-17T05:08:11.662431,9,3.221923828125,67.799
2024-07-17T05:08:11.687550,9,3.221923828125,67.799
2024-07-17T05:08:11.712672,9,3.221923828125,67.799
2024-07-17T05:08:11.737819,9,3.221923828125,67.018
2024-07-17T05:08:11.763019,9,3.221923828125,67.018
2024-07-17T05:08:11.788146,9,3.221923828125,67.018
2024-07-17T05:08:11.813258,9,3.221923828125,67.018
2024-07-17T05:08:11.838382,9,3.221923828125,67.018
2024-07-17T05:08:11.863577,9,3.221923828125,67.54
2024-07-17T05:08:11.888735,9,3.221923828125,67.54
2024-07-17T05:08:11.913867,9,3.221923828125,67.54
2024-07-17T05:08:11.938999,9,3.221923828125,67.131
2024-07-17T05:08:11.964127,9,3.221923828125,67.131
2024-07-17T05:08:11.989250,9,3.221923828125,67.131
2024-07-17T05:08:12.014378,9,3.221923828125,67.131
2024-07-17T05:08:12.039501,9,3.221923828125,67.131
2024-07-17T05:08:12.064678,9,3.221923828125,67.889
2024-07-17T05:08:12.089847,9,3.221923828125,67.889
2024-07-17T05:08:12.114965,9,3.221923828125,67.889
2024-07-17T05:08:12.140087,9,3.221923828125,67.889
2024-07-17T05:08:12.165282,9,3.221923828125,67.096
2024-07-17T05:08:12.190422,9,3.221923828125,67.096
2024-07-17T05:08:12.215535,9,3.221923828125,67.096
2024-07-17T05:08:12.240671,9,3.221923828125,67.096
2024-07-17T05:08:12.265869,9,3.221923828125,67.96
2024-07-17T05:08:12.291005,9,3.221923828125,67.96
2024-07-17T05:08:12.316135,9,3.221923828125,67.96
2024-07-17T05:08:12.341283,9,3.221923828125,67.96
2024-07-17T05:08:12.366395,9,3.221923828125,67.405
2024-07-17T05:08:12.391535,9,3.221923828125,67.405
2024-07-17T05:08:12.416667,9,3.221923828125,67.405
2024-07-17T05:08:12.441832,9,3.221923828125,67.405
2024-07-17T05:08:12.466956,9,3.221923828125,67.889
2024-07-17T05:08:12.492067,9,3.221923828125,67.889
2024-07-17T05:08:12.517186,9,3.221923828125,67.889
2024-07-17T05:08:12.542306,9,3.221923828125,67.889
2024-07-17T05:08:12.567430,9,3.221923828125,67.38
2024-07-17T05:08:12.592542,9,3.221923828125,67.38
2024-07-17T05:08:12.617695,8,3.221923828125,67.38
2024-07-17T05:08:12.642805,8,3.221923828125,67.38
2024-07-17T05:08:12.667920,8,3.221923828125,67.38
2024-07-17T05:08:12.693032,8,3.221923828125,67.405
2024-07-17T05:08:12.718144,8,3.221923828125,67.405
2024-07-17T05:08:12.743255,8,3.221923828125,67.405
2024-07-17T05:08:12.768393,8,3.221923828125,67.405
2024-07-17T05:08:12.793512,8,3.221923828125,67.405
2024-07-17T05:08:12.818625,8,3.221923828125,67.405
2024-07-17T05:08:12.843758,8,3.221923828125,67.405
2024-07-17T05:08:12.868875,8,3.221923828125,67.405
2024-07-17T05:08:12.893993,8,3.221923828125,67.406
2024-07-17T05:08:12.919137,8,3.221923828125,67.406
2024-07-17T05:08:12.944248,8,3.221923828125,67.406
2024-07-17T05:08:12.969395,8,3.221923828125,67.406
2024-07-17T05:08:12.994508,8,3.221923828125,67.406
2024-07-17T05:08:13.019622,9,3.221923828125,67.406
2024-07-17T05:08:13.044766,9,3.221923828125,67.406
2024-07-17T05:08:13.069867,9,3.221923828125,67.406
2024-07-17T05:08:13.095042,9,3.221923828125,67.404
2024-07-17T05:08:13.120153,9,3.221923828125,67.404
2024-07-17T05:08:13.145303,9,3.221923828125,67.404
2024-07-17T05:08:13.170415,9,3.221923828125,67.404
2024-07-17T05:08:13.195566,9,3.221923828125,67.404
2024-07-17T05:08:13.220703,9,3.221923828125,67.404
2024-07-17T05:08:13.245816,9,3.221923828125,67.404
2024-07-17T05:08:13.270987,9,3.221923828125,67.404
2024-07-17T05:08:13.296126,9,3.221923828125,67.404
2024-07-17T05:08:13.321286,9,3.221923828125,67.819
2024-07-17T05:08:13.346397,9,3.221923828125,67.819
2024-07-17T05:08:13.371536,9,3.221923828125,67.819
2024-07-17T05:08:13.396659,9,3.221923828125,67.042
2024-07-17T05:08:13.421792,9,3.221923828125,67.042
2024-07-17T05:08:13.446907,9,3.221923828125,67.042
2024-07-17T05:08:13.472045,9,3.221923828125,67.042
2024-07-17T05:08:13.497222,9,3.221923828125,67.922
2024-07-17T05:08:13.522347,9,3.221923828125,67.922
2024-07-17T05:08:13.547470,9,3.221923828125,67.922
2024-07-17T05:08:13.572596,9,3.221923828125,67.922
2024-07-17T05:08:13.597721,9,3.221923828125,66.9
2024-07-17T05:08:13.622833,9,3.221923828125,66.9
2024-07-17T05:08:13.647986,9,3.221923828125,66.9
2024-07-17T05:08:13.673099,9,3.221923828125,66.9
2024-07-17T05:08:13.698224,9,3.221923828125,66.9
2024-07-17T05:08:13.723349,9,3.221923828125,67.613
2024-07-17T05:08:13.748460,9,3.221923828125,67.613
2024-07-17T05:08:13.773572,9,3.221923828125,67.613
2024-07-17T05:08:13.798708,9,3.221923828125,67.042
2024-07-17T05:08:13.823850,9,3.221923828125,67.042
2024-07-17T05:08:13.848962,8,3.221923828125,67.042
2024-07-17T05:08:13.874130,8,3.221923828125,67.042
2024-07-17T05:08:13.899257,8,3.221923828125,67.042
2024-07-17T05:08:13.924386,8,3.221923828125,67.916
2024-07-17T05:08:13.949508,8,3.221923828125,67.916
2024-07-17T05:08:13.974660,8,3.221923828125,67.916
2024-07-17T05:08:13.999795,8,3.221923828125,66.997
2024-07-17T05:08:14.024927,8,3.221923828125,66.997
2024-07-17T05:08:14.050047,9,3.221923828125,66.997
2024-07-17T05:08:14.075159,9,3.221923828125,66.997
2024-07-17T05:08:14.100270,9,3.221923828125,66.997
2024-07-17T05:08:14.125395,9,3.221923828125,67.987
2024-07-17T05:08:14.150533,9,3.221923828125,67.987
2024-07-17T05:08:14.175662,9,3.221923828125,67.987
2024-07-17T05:08:14.200782,9,3.221923828125,67.987
2024-07-17T05:08:14.225909,9,3.221923828125,67.042
2024-07-17T05:08:14.251032,9,3.221923828125,67.042
2024-07-17T05:08:14.276182,9,3.221923828125,67.042
2024-07-17T05:08:14.301332,9,3.221923828125,67.042
2024-07-17T05:08:14.326524,9,3.221923828125,67.733
2024-07-17T05:08:14.351655,9,3.221923828125,67.733
2024-07-17T05:08:14.376806,9,3.221923828125,67.733
2024-07-17T05:08:14.401941,9,3.221923828125,67.733
2024-07-17T05:08:14.427113,9,3.221923828125,67.385
2024-07-17T05:08:14.452257,9,3.221923828125,67.385
2024-07-17T05:08:14.477385,9,3.221923828125,67.385
2024-07-17T05:08:14.502496,9,3.221923828125,67.385
2024-07-17T05:08:14.527624,9,3.221923828125,67.844
2024-07-17T05:08:14.552752,9,3.221923828125,67.844
2024-07-17T05:08:14.577882,9,3.221923828125,67.844
2024-07-17T05:08:14.603027,9,3.221923828125,67.844
2024-07-17T05:08:14.628147,9,3.221923828125,67.263
2024-07-17T05:08:14.653285,9,3.221923828125,67.263
2024-07-17T05:08:14.678453,9,3.221923828125,67.263
2024-07-17T05:08:14.703575,9,3.221923828125,67.263
2024-07-17T05:08:14.728769,9,3.221923828125,67.263
2024-07-17T05:08:14.753872,9,3.221923828125,67.889
2024-07-17T05:08:14.778984,9,3.221923828125,67.889
2024-07-17T05:08:14.804112,9,3.221923828125,67.889
2024-07-17T05:08:14.829294,9,3.221923828125,67.431
2024-07-17T05:08:14.854461,9,3.221923828125,67.431
2024-07-17T05:08:14.879572,9,3.221923828125,67.431
2024-07-17T05:08:14.904685,9,3.221923828125,67.431
2024-07-17T05:08:14.929831,9,3.221923828125,67.431
2024-07-17T05:08:14.954957,9,3.221923828125,68.135
2024-07-17T05:08:14.980104,9,3.221923828125,68.135
2024-07-17T05:08:15.005273,9,3.221923828125,68.135
2024-07-17T05:08:15.030403,9,3.221923828125,67.54
2024-07-17T05:08:15.055515,9,3.221923828125,67.54
2024-07-17T05:08:15.080629,9,3.221923828125,67.54
2024-07-17T05:08:15.105777,9,3.221923828125,67.54
2024-07-17T05:08:15.130869,9,3.221923828125,67.54
2024-07-17T05:08:15.156019,9,3.221923828125,67.087
2024-07-17T05:08:15.181140,9,3.221923828125,67.087
2024-07-17T05:08:15.206320,9,3.221923828125,67.087
2024-07-17T05:08:15.231432,9,3.221923828125,67.087
2024-07-17T05:08:15.256627,9,3.221923828125,67.69
2024-07-17T05:08:15.281746,9,3.221923828125,67.69
2024-07-17T05:08:15.306912,9,3.221923828125,67.69
2024-07-17T05:08:15.332022,9,3.221923828125,67.69
2024-07-17T05:08:15.357152,9,3.221923828125,67.69
2024-07-17T05:08:15.382286,9,3.221923828125,67.087
2024-07-17T05:08:15.407405,9,3.221923828125,67.087
2024-07-17T05:08:15.432518,9,3.221923828125,67.087
2024-07-17T05:08:15.457630,9,3.221923828125,67.556
2024-07-17T05:08:15.482743,9,3.221923828125,67.556
2024-07-17T05:08:15.507883,9,3.221923828125,67.556
2024-07-17T05:08:15.533057,9,3.221923828125,67.556
2024-07-17T05:08:15.558226,9,3.221923828125,67.061
2024-07-17T05:08:15.583351,9,3.221923828125,67.061
2024-07-17T05:08:15.608462,9,3.221923828125,67.061
2024-07-17T05:08:15.633612,9,3.221923828125,67.061
2024-07-17T05:08:15.658733,9,3.221923828125,67.638
2024-07-17T05:08:15.683849,9,3.221923828125,67.638
2024-07-17T05:08:15.708991,9,3.221923828125,67.638
2024-07-17T05:08:15.734109,9,3.221923828125,67.638
2024-07-17T05:08:15.759285,9,3.221923828125,67.638
2024-07-17T05:08:15.784480,9,3.221923828125,67.139
2024-07-17T05:08:15.809647,9,3.221923828125,67.139
2024-07-17T05:08:15.834771,9,3.221923828125,67.139
2024-07-17T05:08:15.859913,9,3.221923828125,67.762
2024-07-17T05:08:15.885054,9,3.221923828125,67.762
2024-07-17T05:08:15.910181,9,3.221923828125,67.762
2024-07-17T05:08:15.935339,9,3.221923828125,67.762
2024-07-17T05:08:15.960468,9,3.221923828125,67.762
2024-07-17T05:08:15.985592,9,3.221923828125,67.21
2024-07-17T05:08:16.010712,9,3.221923828125,67.21
2024-07-17T05:08:16.035825,9,3.221923828125,67.21
2024-07-17T05:08:16.060982,9,3.221923828125,67.21
2024-07-17T05:08:16.086108,9,3.221923828125,67.818
2024-07-17T05:08:16.111231,9,3.221923828125,67.818
2024-07-17T05:08:16.136379,9,3.221923828125,67.818
2024-07-17T05:08:16.161516,9,3.221923828125,67.818
2024-07-17T05:08:16.186664,9,3.221923828125,67.166
2024-07-17T05:08:16.211806,9,3.221923828125,67.166
2024-07-17T05:08:16.237019,9,3.221923828125,67.166
2024-07-17T05:08:16.262196,9,3.221923828125,67.166
2024-07-17T05:08:16.287320,9,3.221923828125,68.038
2024-07-17T05:08:16.312442,8,3.221923828125,68.038
2024-07-17T05:08:16.337570,8,3.221923828125,68.038
2024-07-17T05:08:16.362700,8,3.221923828125,68.038
2024-07-17T05:08:16.387813,8,3.221923828125,68.038
2024-07-17T05:08:16.412956,8,3.221923828125,67.212
2024-07-17T05:08:16.438076,8,3.221923828125,67.212
2024-07-17T05:08:16.463249,8,3.221923828125,67.212
2024-07-17T05:08:16.488418,8,3.221923828125,67.212
2024-07-17T05:08:16.513557,8,3.221923828125,68.33
2024-07-17T05:08:16.538668,8,3.221923828125,68.33
2024-07-17T05:08:16.563779,8,3.221923828125,68.33
2024-07-17T05:08:16.588860,8,3.221923828125,67.818
2024-07-17T05:08:16.614035,8,3.221923828125,67.818
2024-07-17T05:08:16.639192,8,3.221923828125,67.818
2024-07-17T05:08:16.664385,8,3.221923828125,67.818
2024-07-17T05:08:16.689497,8,3.221923828125,67.968
2024-07-17T05:08:16.714617,8,3.221923828125,67.968
2024-07-17T05:08:16.739800,9,3.221923828125,67.968
2024-07-17T05:08:16.764923,9,3.221923828125,67.968
2024-07-17T05:08:16.790048,9,3.221923828125,67.968
2024-07-17T05:08:16.815235,9,3.221923828125,68.038
2024-07-17T05:08:16.840358,9,3.221923828125,68.038
2024-07-17T05:08:16.865537,9,3.221923828125,68.038
2024-07-17T05:08:16.890657,9,3.221923828125,68.038
2024-07-17T05:08:16.915779,9,3.221923828125,68.038
2024-07-17T05:08:16.940859,9,3.221923828125,68.038
2024-07-17T05:08:16.965980,9,3.221923828125,68.038
2024-07-17T05:08:16.991093,9,3.221923828125,68.038
2024-07-17T05:08:17.016224,9,3.221923828125,66.99
2024-07-17T05:08:17.041374,9,3.221923828125,66.99
2024-07-17T05:08:17.066501,9,3.221923828125,66.99
2024-07-17T05:08:17.091628,9,3.221923828125,66.99
2024-07-17T05:08:17.116790,9,3.221923828125,66.99
2024-07-17T05:08:17.141912,9,3.221923828125,66.99
2024-07-17T05:08:17.167083,9,3.221923828125,66.99
2024-07-17T05:08:17.192194,9,3.221923828125,66.99
2024-07-17T05:08:17.217317,9,3.221923828125,67.042
2024-07-17T05:08:17.242449,9,3.221923828125,67.042
2024-07-17T05:08:17.267628,9,3.221923828125,67.042
2024-07-17T05:08:17.292784,9,3.221923828125,67.042
2024-07-17T05:08:17.317949,9,3.221923828125,67.599
2024-07-17T05:08:17.343144,9,3.221923828125,67.599
2024-07-17T05:08:17.368267,9,3.221923828125,67.599
2024-07-17T05:08:17.393379,9,3.221923828125,67.599
2024-07-17T05:08:17.418490,9,3.221923828125,67.599
2024-07-17T05:08:17.443624,9,3.221923828125,67.087
2024-07-17T05:08:17.468749,9,3.221923828125,67.087
2024-07-17T05:08:17.493859,9,3.221923828125,67.087
2024-07-17T05:08:17.519027,9,3.221923828125,67.087
2024-07-17T05:08:17.544149,9,3.221923828125,67.593
2024-07-17T05:08:17.569285,9,3.221923828125,67.593
2024-07-17T05:08:17.594413,9,3.221923828125,67.593
2024-07-17T05:08:17.619532,9,3.221923828125,67.061
2024-07-17T05:08:17.644659,9,3.221923828125,67.061
2024-07-17T05:08:17.669790,9,3.221923828125,67.061
2024-07-17T05:08:17.694868,9,3.221923828125,67.061
2024-07-17T05:08:17.719980,9,3.221923828125,67.818
2024-07-17T05:08:17.745101,9,3.221923828125,67.818
2024-07-17T05:08:17.770250,9,3.221923828125,67.818
2024-07-17T05:08:17.795414,9,3.221923828125,67.818
2024-07-17T05:08:17.820526,9,3.221923828125,67.818
2024-07-17T05:08:17.845677,9,3.221923828125,67.094
2024-07-17T05:08:17.870803,9,3.221923828125,67.094
2024-07-17T05:08:17.895925,9,3.221923828125,67.094
2024-07-17T05:08:17.921107,9,3.221923828125,67.819
2024-07-17T05:08:17.946226,9,3.221923828125,67.819
2024-07-17T05:08:17.971350,9,3.221923828125,67.819
2024-07-17T05:08:17.996482,9,3.221923828125,67.819
2024-07-17T05:08:18.021620,9,3.221923828125,67.819
2024-07-17T05:08:18.046731,9,3.221923828125,67.139
2024-07-17T05:08:18.071855,9,3.221923828125,67.139
2024-07-17T05:08:18.096987,9,3.221923828125,67.139
2024-07-17T05:08:18.122100,9,3.221923828125,67.139
2024-07-17T05:08:18.147212,9,3.221923828125,67.806
2024-07-17T05:08:18.172338,9,3.221923828125,67.806
2024-07-17T05:08:18.197532,9,3.221923828125,67.806
2024-07-17T05:08:18.222668,9,3.221923828125,67.806
2024-07-17T05:08:18.247822,9,3.221923828125,67.806
2024-07-17T05:08:18.272961,9,3.221923828125,67.191
2024-07-17T05:08:18.298080,9,3.221923828125,67.191
2024-07-17T05:08:18.323190,9,3.221923828125,67.191
2024-07-17T05:08:18.348376,9,3.221923828125,67.897
2024-07-17T05:08:18.373488,9,3.221923828125,67.897
2024-07-17T05:08:18.398651,9,3.221923828125,67.897
2024-07-17T05:08:18.423778,9,3.221923828125,67.897
2024-07-17T05:08:18.448877,9,3.221923828125,67.897
2024-07-17T05:08:18.473996,9,3.221923828125,67.54
2024-07-17T05:08:18.499127,9,3.221923828125,67.54
2024-07-17T05:08:18.524241,9,3.221923828125,67.54
2024-07-17T05:08:18.549352,9,3.221923828125,67.54
2024-07-17T05:08:18.574466,9,3.221923828125,67.993
2024-07-17T05:08:18.599678,9,3.221923828125,67.993
2024-07-17T05:08:18.624790,9,3.221923828125,67.993
2024-07-17T05:08:18.649902,9,3.221923828125,67.502
2024-07-17T05:08:18.675052,9,3.221923828125,67.502
2024-07-17T05:08:18.700202,9,3.221923828125,67.502
2024-07-17T05:08:18.725342,9,3.221923828125,67.502
2024-07-17T05:08:18.750486,9,3.221923828125,68.11
2024-07-17T05:08:18.775637,9,3.221923828125,68.11
2024-07-17T05:08:18.800762,9,3.221923828125,68.11
2024-07-17T05:08:18.825859,9,3.221923828125,68.11
2024-07-17T05:08:18.850988,9,3.221923828125,68.11
2024-07-17T05:08:18.876108,9,3.221923828125,67.548
2024-07-17T05:08:18.901255,9,3.221923828125,67.548
2024-07-17T05:08:18.926366,9,3.221923828125,67.548
2024-07-17T05:08:18.951549,9,3.221923828125,67.548
2024-07-17T05:08:18.976690,9,3.221923828125,67.502
2024-07-17T05:08:19.001827,8,3.221923828125,67.502
2024-07-17T05:08:19.026950,8,3.221923828125,67.502
2024-07-17T05:08:19.052070,8,3.221923828125,67.502
2024-07-17T05:08:19.077181,8,3.221923828125,67.483
2024-07-17T05:08:19.102292,8,3.221923828125,67.483
2024-07-17T05:08:19.127465,8,3.221923828125,67.483
2024-07-17T05:08:19.152577,8,3.221923828125,67.483
2024-07-17T05:08:19.177704,8,3.221923828125,66.999
2024-07-17T05:08:19.202838,9,3.221923828125,66.999
2024-07-17T05:08:19.227963,9,3.221923828125,66.999
2024-07-17T05:08:19.253074,9,3.221923828125,66.999
2024-07-17T05:08:19.278230,9,3.221923828125,66.999
2024-07-17T05:08:19.303397,9,3.221923828125,67.529
2024-07-17T05:08:19.328536,9,3.221923828125,67.529
2024-07-17T05:08:19.353691,9,3.221923828125,67.529
2024-07-17T05:08:19.378802,9,3.221923828125,67.015
2024-07-17T05:08:19.403965,9,3.221923828125,67.015
2024-07-17T05:08:19.429100,9,3.221923828125,67.015
2024-07-17T05:08:19.454218,9,3.221923828125,67.015
2024-07-17T05:08:19.479355,9,3.221923828125,67.916
2024-07-17T05:08:19.504465,9,3.221923828125,67.916
2024-07-17T05:08:19.529596,9,3.221923828125,67.916
2024-07-17T05:08:19.554726,9,3.221923828125,67.916
2024-07-17T05:08:19.579838,9,3.221923828125,67.115
2024-07-17T05:08:19.605001,9,3.221923828125,67.115
2024-07-17T05:08:19.630123,9,3.221923828125,67.115
2024-07-17T05:08:19.655235,9,3.221923828125,67.115
2024-07-17T05:08:19.680346,9,3.221923828125,67.115
2024-07-17T05:08:19.705458,9,3.221923828125,67.638
2024-07-17T05:08:19.730593,9,3.221923828125,67.638
2024-07-17T05:08:19.755722,9,3.221923828125,67.638
2024-07-17T05:08:19.780890,9,3.221923828125,66.997
2024-07-17T05:08:19.806000,9,3.221923828125,66.997
2024-07-17T05:08:19.831118,9,3.221923828125,66.997
2024-07-17T05:08:19.856267,9,3.221923828125,66.997
2024-07-17T05:08:19.881388,9,3.221923828125,66.997
2024-07-17T05:08:19.906500,9,3.221923828125,67.916
2024-07-17T05:08:19.931652,9,3.221923828125,67.916
2024-07-17T05:08:19.956801,9,3.221923828125,67.916
2024-07-17T05:08:19.981914,9,3.221923828125,67.916
2024-07-17T05:08:20.007090,9,3.221923828125,67.139
2024-07-17T05:08:20.032249,9,3.221923828125,67.139
2024-07-17T05:08:20.057372,9,3.221923828125,67.139
2024-07-17T05:08:20.082484,9,3.221923828125,67.139
2024-07-17T05:08:20.107606,9,3.221923828125,67.941
2024-07-17T05:08:20.132726,9,3.221923828125,67.941
2024-07-17T05:08:20.157838,9,3.221923828125,67.941
2024-07-17T05:08:20.182952,9,3.221923828125,67.941
2024-07-17T05:08:20.208096,9,3.221923828125,67.385
2024-07-17T05:08:20.233233,9,3.221923828125,67.385
2024-07-17T05:08:20.258357,9,3.221923828125,67.385
2024-07-17T05:08:20.283482,9,3.221923828125,67.385
2024-07-17T05:08:20.308593,9,3.221923828125,67.385
2024-07-17T05:08:20.333784,9,3.221923828125,67.915
2024-07-17T05:08:20.358905,9,3.221923828125,67.915
2024-07-17T05:08:20.384015,9,3.221923828125,67.915
2024-07-17T05:08:20.409211,9,3.221923828125,67.735
2024-07-17T05:08:20.434323,9,3.221923828125,67.735
2024-07-17T05:08:20.459433,8,3.221923828125,67.735
2024-07-17T05:08:20.484561,8,3.221923828125,67.735
2024-07-17T05:08:20.509673,8,3.221923828125,67.941
2024-07-17T05:08:20.534794,8,3.221923828125,67.941
2024-07-17T05:08:20.559870,8,3.221923828125,67.941
2024-07-17T05:08:20.584996,8,3.221923828125,67.941
2024-07-17T05:08:20.610179,8,3.221923828125,67.585
2024-07-17T05:08:20.635305,8,3.221923828125,67.585
2024-07-17T05:08:20.660417,9,3.221923828125,67.585
2024-07-17T05:08:20.685542,9,3.221923828125,67.585
2024-07-17T05:08:20.710673,9,3.221923828125,67.585
2024-07-17T05:08:20.735794,9,3.221923828125,67.288
2024-07-17T05:08:20.760909,9,3.221923828125,67.288
2024-07-17T05:08:20.786070,9,3.221923828125,67.288
2024-07-17T05:08:20.811180,9,3.221923828125,67.288
2024-07-17T05:08:20.836332,9,3.221923828125,67.288
2024-07-17T05:08:20.861453,8,3.221923828125,67.288
2024-07-17T05:08:20.886579,8,3.221923828125,67.288
2024-07-17T05:08:20.911715,8,3.221923828125,67.288
2024-07-17T05:08:20.936866,8,3.221923828125,67.54
2024-07-17T05:08:20.961986,8,3.221923828125,67.54
2024-07-17T05:08:20.987099,8,3.221923828125,67.54
2024-07-17T05:08:21.012228,8,3.221923828125,67.54
2024-07-17T05:08:21.037362,8,3.221923828125,67.54
2024-07-17T05:08:21.062526,9,3.221923828125,67.54
2024-07-17T05:08:21.087646,9,3.221923828125,67.54
2024-07-17T05:08:21.112809,9,3.221923828125,67.54
2024-07-17T05:08:21.138011,9,3.221923828125,67.774
2024-07-17T05:08:21.163122,9,3.221923828125,67.774
2024-07-17T05:08:21.188255,9,3.221923828125,67.774
2024-07-17T05:08:21.213400,9,3.221923828125,67.774
2024-07-17T05:08:21.238529,9,3.221923828125,66.99
2024-07-17T05:08:21.263641,9,3.221923828125,66.99
2024-07-17T05:08:21.288774,9,3.221923828125,66.99
2024-07-17T05:08:21.313917,9,3.221923828125,66.99
2024-07-17T05:08:21.339037,9,3.221923828125,66.99
2024-07-17T05:08:21.364192,9,3.221923828125,67.786
2024-07-17T05:08:21.389304,9,3.221923828125,67.786
2024-07-17T05:08:21.414433,9,3.221923828125,67.786
2024-07-17T05:08:21.439545,9,3.221923828125,66.972
2024-07-17T05:08:21.464664,9,3.221923828125,66.972
2024-07-17T05:08:21.489811,9,3.221923828125,66.972
2024-07-17T05:08:21.514961,9,3.221923828125,66.972
2024-07-17T05:08:21.540073,9,3.221923828125,67.754
2024-07-17T05:08:21.565221,9,3.221923828125,67.754
2024-07-17T05:08:21.590332,9,3.221923828125,67.754
2024-07-17T05:08:21.615477,9,3.221923828125,67.754
2024-07-17T05:08:21.640602,9,3.221923828125,67.158
2024-07-17T05:08:21.665714,9,3.221923828125,67.158
2024-07-17T05:08:21.690827,9,3.221923828125,67.158
2024-07-17T05:08:21.715941,9,3.221923828125,67.158
2024-07-17T05:08:21.741086,9,3.221923828125,67.158
2024-07-17T05:08:21.766195,9,3.221923828125,67.826
2024-07-17T05:08:21.791391,9,3.221923828125,67.826
2024-07-17T05:08:21.816571,9,3.221923828125,67.826
2024-07-17T05:08:21.841683,9,3.221923828125,67.147
2024-07-17T05:08:21.866826,9,3.221923828125,67.147
2024-07-17T05:08:21.891948,9,3.221923828125,67.147
2024-07-17T05:08:21.917112,9,3.221923828125,67.147
2024-07-17T05:08:21.942248,9,3.221923828125,67.147
2024-07-17T05:08:21.967360,9,3.221923828125,67.799
2024-07-17T05:08:21.992495,9,3.221923828125,67.799
2024-07-17T05:08:22.017631,9,3.221923828125,67.799
2024-07-17T05:08:22.042755,9,3.221923828125,67.799
2024-07-17T05:08:22.067895,9,3.221923828125,67.087
2024-07-17T05:08:22.093006,9,3.221923828125,67.087
2024-07-17T05:08:22.118156,9,3.221923828125,67.087
2024-07-17T05:08:22.143298,9,3.221923828125,67.087
2024-07-17T05:08:22.168409,9,3.221923828125,67.774
2024-07-17T05:08:22.193530,9,3.221923828125,67.774
2024-07-17T05:08:22.218681,9,3.221923828125,67.774
2024-07-17T05:08:22.243847,9,3.221923828125,67.774
2024-07-17T05:08:22.268971,9,3.221923828125,67.352
2024-07-17T05:08:22.294081,9,3.221923828125,67.352
2024-07-17T05:08:22.319215,9,3.221923828125,67.352
2024-07-17T05:08:22.344332,9,3.221923828125,67.352
2024-07-17T05:08:22.369526,9,3.221923828125,67.352
2024-07-17T05:08:22.394724,9,3.221923828125,67.915
2024-07-17T05:08:22.419938,9,3.221923828125,67.915
2024-07-17T05:08:22.445048,9,3.221923828125,67.915
2024-07-17T05:08:22.470206,9,3.221923828125,67.502
2024-07-17T05:08:22.495336,9,3.221923828125,67.502
2024-07-17T05:08:22.520447,9,3.221923828125,67.502
2024-07-17T05:08:22.545570,9,3.221923828125,67.502
2024-07-17T05:08:22.570733,9,3.221923828125,67.502
2024-07-17T05:08:22.595909,9,3.221923828125,67.994
2024-07-17T05:08:22.621034,9,3.221923828125,67.994
2024-07-17T05:08:22.646173,9,3.221923828125,67.994
2024-07-17T05:08:22.671305,9,3.221923828125,67.352
2024-07-17T05:08:22.696426,9,3.221923828125,67.352
2024-07-17T05:08:22.721583,9,3.221923828125,67.352
2024-07-17T05:08:22.746712,9,3.221923828125,67.352
2024-07-17T05:08:22.771881,9,3.221923828125,67.352
2024-07-17T05:08:22.797015,9,3.221923828125,68.11
2024-07-17T05:08:22.822126,9,3.221923828125,68.11
2024-07-17T05:08:22.847254,9,3.221923828125,68.11
2024-07-17T05:08:22.935419,8,3.221923828125,67.502
2024-07-17T05:08:22.960673,8,3.221923828125,67.502
2024-07-17T05:08:22.985828,8,3.221923828125,67.502
2024-07-17T05:08:23.010949,8,3.221923828125,64.158
2024-07-17T05:08:23.036109,8,3.221923828125,64.158
2024-07-17T05:08:23.061238,8,3.221923828125,64.158
2024-07-17T05:08:23.086370,8,3.221923828125,66.848
2024-07-17T05:08:23.111520,8,3.221923828125,66.848
2024-07-17T05:08:23.136631,5,3.221923828125,66.848
2024-07-17T05:08:23.161753,5,3.221923828125,66.848
2024-07-17T05:08:23.186929,5,3.221923828125,66.848
2024-07-17T05:08:23.212114,5,3.221923828125,67.825
2024-07-17T05:08:23.237297,5,3.221923828125,67.825
2024-07-17T05:08:23.262425,5,3.221923828125,67.825
2024-07-17T05:08:23.287537,5,3.221923828125,67.016
2024-07-17T05:08:23.312676,5,3.221923828125,67.016
2024-07-17T05:08:23.337801,8,3.221923828125,67.016
2024-07-17T05:08:23.362925,8,3.221923828125,67.016
2024-07-17T05:08:23.388036,8,3.221923828125,67.016
2024-07-17T05:08:23.413222,8,3.221923828125,67.897
2024-07-17T05:08:23.438342,8,3.221923828125,67.897
2024-07-17T05:08:23.463462,8,3.221923828125,67.897
2024-07-17T05:08:23.488575,8,3.221923828125,67.897
2024-07-17T05:08:23.513732,8,3.221923828125,67.061
2024-07-17T05:08:23.538847,9,3.221923828125,67.061
2024-07-17T05:08:23.563956,9,3.221923828125,67.061
2024-07-17T05:08:23.589084,9,3.221923828125,67.061
2024-07-17T05:08:23.614196,9,3.221923828125,67.922
2024-07-17T05:08:23.639329,9,3.221923828125,67.922
2024-07-17T05:08:23.664489,9,3.221923828125,67.922
2024-07-17T05:08:23.689601,9,3.221923828125,67.922
2024-07-17T05:08:23.714757,9,3.221923828125,67.016
2024-07-17T05:08:23.739912,9,3.221923828125,67.016
2024-07-17T05:08:23.765035,9,3.221923828125,67.016
2024-07-17T05:08:23.790160,9,3.221923828125,67.016
2024-07-17T05:08:23.815278,9,3.221923828125,67.016
2024-07-17T05:08:23.840407,9,3.221923828125,67.89
2024-07-17T05:08:23.865541,9,3.221923828125,67.89
2024-07-17T05:08:23.890712,9,3.221923828125,67.89
2024-07-17T05:08:23.915918,9,3.221923828125,67.334
2024-07-17T05:08:23.941029,9,3.221923828125,67.334
2024-07-17T05:08:23.966148,9,3.221923828125,67.334
2024-07-17T05:08:23.991262,9,3.221923828125,67.334
2024-07-17T05:08:24.016396,9,3.221923828125,67.334
2024-07-17T05:08:24.041509,9,3.221923828125,67.915
2024-07-17T05:08:24.066622,9,3.221923828125,67.915
2024-07-17T05:08:24.091733,9,3.221923828125,67.915
2024-07-17T05:08:24.116969,9,3.221923828125,67.58
2024-07-17T05:08:24.142090,9,3.221923828125,67.58
2024-07-17T05:08:24.167202,9,3.221923828125,67.58
2024-07-17T05:08:24.192381,9,3.221923828125,67.58
2024-07-17T05:08:24.217514,9,3.221923828125,67.58
2024-07-17T05:08:24.242641,9,3.221923828125,67.236
2024-07-17T05:08:24.267809,9,3.221923828125,67.236
2024-07-17T05:08:24.292951,9,3.221923828125,67.236
2024-07-17T05:08:24.318084,9,3.221923828125,67.236
2024-07-17T05:08:24.343197,9,3.221923828125,67.236
2024-07-17T05:08:24.368320,9,3.221923828125,67.236
2024-07-17T05:08:24.393452,9,3.221923828125,67.236
2024-07-17T05:08:24.418636,9,3.221923828125,67.236
2024-07-17T05:08:24.443861,9,3.221923828125,67.483
2024-07-17T05:08:24.468988,9,3.221923828125,67.483
2024-07-17T05:08:24.494115,9,3.221923828125,67.483
2024-07-17T05:08:24.519245,9,3.221923828125,67.483
2024-07-17T05:08:24.544368,9,3.221923828125,67.483
2024-07-17T05:08:24.569530,8,3.221923828125,68.11
2024-07-17T05:08:24.594641,8,3.221923828125,68.11
2024-07-17T05:08:24.619796,8,3.221923828125,68.11
2024-07-17T05:08:24.644929,8,3.221923828125,68.11
2024-07-17T05:08:24.670039,8,3.221923828125,68.11
2024-07-17T05:08:24.695162,8,3.221923828125,68.11
2024-07-17T05:08:24.720309,8,3.221923828125,68.11
2024-07-17T05:08:24.745433,8,3.221923828125,67.863
2024-07-17T05:08:24.770544,8,3.221923828125,67.863
2024-07-17T05:08:24.795693,9,3.221923828125,67.863
2024-07-17T05:08:24.820867,9,3.221923828125,67.863
2024-07-17T05:08:24.845989,9,3.221923828125,67.863
2024-07-17T05:08:24.871155,9,3.221923828125,67.573
2024-07-17T05:08:24.896289,9,3.221923828125,67.573
2024-07-17T05:08:24.921399,9,3.221923828125,67.573
2024-07-17T05:08:24.946523,9,3.221923828125,66.921
2024-07-17T05:08:24.971650,9,3.221923828125,66.921
2024-07-17T05:08:24.996773,9,3.221923828125,66.921
2024-07-17T05:08:25.021859,9,3.221923828125,66.921
2024-07-17T05:08:25.046980,9,3.221923828125,66.921
2024-07-17T05:08:25.072090,9,3.221923828125,67.638
2024-07-17T05:08:25.097274,9,3.221923828125,67.638
2024-07-17T05:08:25.122385,9,3.221923828125,67.638
2024-07-17T05:08:25.147513,9,3.221923828125,67.016
2024-07-17T05:08:25.172625,9,3.221923828125,67.016
2024-07-17T05:08:25.197737,9,3.221923828125,67.016
2024-07-17T05:08:25.222898,9,3.221923828125,67.016
2024-07-17T05:08:25.248007,9,3.221923828125,67.016
2024-07-17T05:08:25.273141,9,3.221923828125,67.818
2024-07-17T05:08:25.298274,9,3.221923828125,67.818
2024-07-17T05:08:25.323386,9,3.221923828125,67.818
2024-07-17T05:08:25.348510,9,3.221923828125,67.818
2024-07-17T05:08:25.373623,9,3.221923828125,67.018
2024-07-17T05:08:25.398788,9,3.221923828125,67.018
2024-07-17T05:08:25.423859,9,3.221923828125,67.018
2024-07-17T05:08:25.448991,9,3.221923828125,67.018
2024-07-17T05:08:25.474112,9,3.221923828125,67.844
2024-07-17T05:08:25.499229,9,3.221923828125,67.844
2024-07-17T05:08:25.524345,9,3.221923828125,67.844
2024-07-17T05:08:25.549482,9,3.221923828125,67.844
2024-07-17T05:08:25.574608,9,3.221923828125,66.997
2024-07-17T05:08:25.599734,9,3.221923828125,66.997
2024-07-17T05:08:25.624942,9,3.221923828125,66.997
2024-07-17T05:08:25.650052,9,3.221923828125,66.997
2024-07-17T05:08:25.675187,9,3.221923828125,66.997
2024-07-17T05:08:25.700306,9,3.221923828125,67.889
2024-07-17T05:08:25.725471,9,3.221923828125,67.889
2024-07-17T05:08:25.750612,9,3.221923828125,67.889
2024-07-17T05:08:25.775783,9,3.221923828125,67.115
2024-07-17T05:08:25.800907,9,3.221923828125,67.115
2024-07-17T05:08:25.826018,9,3.221923828125,67.115
2024-07-17T05:08:25.851132,9,3.221923828125,67.115
2024-07-17T05:08:25.876267,9,3.221923828125,67.115
2024-07-17T05:08:25.901378,9,3.221923828125,67.863
2024-07-17T05:08:25.926548,9,3.221923828125,67.863
2024-07-17T05:08:25.951682,9,3.221923828125,67.863
2024-07-17T05:08:25.976815,9,3.221923828125,67.307
2024-07-17T05:08:26.001953,9,3.221923828125,67.307
2024-07-17T05:08:26.027132,9,3.221923828125,67.307
2024-07-17T05:08:26.052252,9,3.221923828125,67.307
2024-07-17T05:08:26.077363,9,3.221923828125,67.307
2024-07-17T05:08:26.102483,9,3.221923828125,67.968
2024-07-17T05:08:26.127606,9,3.221923828125,67.968
2024-07-17T05:08:26.152732,9,3.221923828125,67.968
2024-07-17T05:08:26.177866,9,3.221923828125,67.968
2024-07-17T05:08:26.202978,9,3.221923828125,67.212
2024-07-17T05:08:26.228105,8,3.221923828125,67.212
2024-07-17T05:08:26.253230,8,3.221923828125,67.212
2024-07-17T05:08:26.278356,8,3.221923828125,67.212
2024-07-17T05:08:26.303511,8,3.221923828125,68.057
2024-07-17T05:08:26.328642,8,3.221923828125,68.057
2024-07-17T05:08:26.353762,8,3.221923828125,68.057
2024-07-17T05:08:26.378874,8,3.221923828125,68.057
2024-07-17T05:08:26.403985,8,3.221923828125,67.502
2024-07-17T05:08:26.429112,9,3.221923828125,67.502
2024-07-17T05:08:26.454226,9,3.221923828125,67.502
2024-07-17T05:08:26.479356,9,3.221923828125,67.502
2024-07-17T05:08:26.504469,9,3.221923828125,67.502
2024-07-17T05:08:26.529581,9,3.221923828125,67.986
2024-07-17T05:08:26.554771,9,3.221923828125,67.986
2024-07-17T05:08:26.579878,9,3.221923828125,67.986
2024-07-17T05:08:26.605075,9,3.221923828125,67.406
2024-07-17T05:08:26.630202,9,3.221923828125,67.406
2024-07-17T05:08:26.655333,9,3.221923828125,67.406
2024-07-17T05:08:26.680455,9,3.221923828125,67.406
2024-07-17T05:08:26.705568,9,3.221923828125,67.406
2024-07-17T05:08:26.730711,9,3.221923828125,67.261
2024-07-17T05:08:26.755867,9,3.221923828125,67.261
2024-07-17T05:08:26.781001,9,3.221923828125,67.261
2024-07-17T05:08:26.806120,9,3.221923828125,67.665
2024-07-17T05:08:26.831270,9,3.221923828125,67.665
2024-07-17T05:08:26.856381,9,3.221923828125,67.665
2024-07-17T05:08:26.881494,9,3.221923828125,67.665
2024-07-17T05:08:26.906635,9,3.221923828125,67.665
2024-07-17T05:08:26.931772,9,3.221923828125,67.184
2024-07-17T05:08:26.956859,9,3.221923828125,67.184
2024-07-17T05:08:26.981988,9,3.221923828125,67.184
2024-07-17T05:08:27.007099,9,3.221923828125,67.58
2024-07-17T05:08:27.032224,9,3.221923828125,67.58
2024-07-17T05:08:27.057335,9,3.221923828125,67.58
2024-07-17T05:08:27.082511,9,3.221923828125,67.58
2024-07-17T05:08:27.107684,9,3.221923828125,67.58
2024-07-17T05:08:27.132821,9,3.221923828125,67.087
2024-07-17T05:08:27.157957,9,3.221923828125,67.087
2024-07-17T05:08:27.183111,9,3.221923828125,67.087
2024-07-17T05:08:27.208248,9,3.221923828125,67.087
2024-07-17T05:08:27.233400,9,3.221923828125,67.657
2024-07-17T05:08:27.258511,9,3.221923828125,67.657
2024-07-17T05:08:27.283623,9,3.221923828125,67.657
2024-07-17T05:08:27.308747,9,3.221923828125,67.657
2024-07-17T05:08:27.333860,9,3.221923828125,67.042
2024-07-17T05:08:27.358984,9,3.221923828125,67.042
2024-07-17T05:08:27.384105,9,3.221923828125,67.042
2024-07-17T05:08:27.409233,9,3.221923828125,67.042
2024-07-17T05:08:27.434364,9,3.221923828125,67.844
2024-07-17T05:08:27.459475,9,3.221923828125,67.844
2024-07-17T05:08:27.484596,9,3.221923828125,67.844
2024-07-17T05:08:27.509707,9,3.221923828125,67.844
2024-07-17T05:08:27.534876,9,3.221923828125,67.263
2024-07-17T05:08:27.559999,9,3.221923828125,67.263
2024-07-17T05:08:27.585110,9,3.221923828125,67.263
2024-07-17T05:08:27.610221,9,3.221923828125,67.263
2024-07-17T05:08:27.635406,9,3.221923828125,67.993
2024-07-17T05:08:27.660517,9,3.221923828125,67.993
2024-07-17T05:08:27.685680,9,3.221923828125,67.993
2024-07-17T05:08:27.710803,9,3.221923828125,67.993
2024-07-17T05:08:27.735932,9,3.221923828125,67.993
2024-07-17T05:08:27.761068,9,3.221923828125,67.184
2024-07-17T05:08:27.786181,9,3.221923828125,67.184
2024-07-17T05:08:27.811294,9,3.221923828125,67.184
2024-07-17T05:08:27.836406,9,3.221923828125,68.181
2024-07-17T05:08:27.861530,9,3.221923828125,68.181
2024-07-17T05:08:27.886655,9,3.221923828125,68.181
2024-07-17T05:08:27.911795,9,3.221923828125,68.181
2024-07-17T05:08:27.936892,9,3.221923828125,68.181
2024-07-17T05:08:27.962014,9,3.221923828125,67.255
2024-07-17T05:08:27.987163,9,3.221923828125,67.255
2024-07-17T05:08:28.012275,9,3.221923828125,67.255
2024-07-17T05:08:28.037470,9,3.221923828125,68.349
2024-07-17T05:08:28.062627,9,3.221923828125,68.349
2024-07-17T05:08:28.087748,9,3.221923828125,68.349
2024-07-17T05:08:28.112859,9,3.221923828125,68.349
2024-07-17T05:08:28.137971,9,3.221923828125,68.349
2024-07-17T05:08:28.163093,9,3.221923828125,67.941
2024-07-17T05:08:28.188216,9,3.221923828125,67.941
2024-07-17T05:08:28.213328,9,3.221923828125,67.941
2024-07-17T05:08:28.238459,9,3.221923828125,67.941
2024-07-17T05:08:28.263582,9,3.221923828125,67.941
2024-07-17T05:08:28.288715,9,3.221923828125,67.941
2024-07-17T05:08:28.313827,9,3.221923828125,67.941
2024-07-17T05:08:28.338952,9,3.221923828125,67.941
2024-07-17T05:08:28.364083,9,3.221923828125,68.207
2024-07-17T05:08:28.389246,9,3.221923828125,68.207
2024-07-17T05:08:28.414356,9,3.221923828125,68.207
2024-07-17T05:08:28.439482,9,3.221923828125,68.207
2024-07-17T05:08:28.464621,9,3.221923828125,68.207
2024-07-17T05:08:28.489734,9,3.221923828125,68.207
2024-07-17T05:08:28.514881,9,3.221923828125,68.207
2024-07-17T05:08:28.540057,9,3.221923828125,68.207
2024-07-17T05:08:28.565194,9,3.221923828125,67.537
2024-07-17T05:08:28.590326,9,3.221923828125,67.537
2024-07-17T05:08:28.615471,9,3.221923828125,67.537
2024-07-17T05:08:28.640598,9,3.221923828125,67.537
2024-07-17T05:08:28.665720,9,3.221923828125,67.405
2024-07-17T05:08:28.690857,9,3.221923828125,67.405
2024-07-17T05:08:28.715987,9,3.221923828125,67.405
2024-07-17T05:08:28.741098,9,3.221923828125,67.405
2024-07-17T05:08:28.766211,9,3.221923828125,67.405
2024-07-17T05:08:28.791345,9,3.221923828125,66.921
2024-07-17T05:08:28.816467,9,3.221923828125,66.921
2024-07-17T05:08:28.841579,9,3.221923828125,66.921
2024-07-17T05:08:28.866734,9,3.221923828125,67.844
2024-07-17T05:08:28.891911,9,3.221923828125,67.844
2024-07-17T05:08:28.917058,9,3.221923828125,67.844
2024-07-17T05:08:28.942176,9,3.221923828125,67.844
2024-07-17T05:08:28.967339,9,3.221923828125,67.844
2024-07-17T05:08:28.992463,9,3.221923828125,66.997
2024-07-17T05:08:29.017590,9,3.221923828125,66.997
2024-07-17T05:08:29.042760,9,3.221923828125,66.997
2024-07-17T05:08:29.067873,9,3.221923828125,67.682
2024-07-17T05:08:29.092995,9,3.221923828125,67.682
2024-07-17T05:08:29.118106,9,3.221923828125,67.682
2024-07-17T05:08:29.143219,9,3.221923828125,67.682
2024-07-17T05:08:29.168339,9,3.221923828125,67.682
2024-07-17T05:08:29.193462,9,3.221923828125,67.132
2024-07-17T05:08:29.218601,9,3.221923828125,67.132
2024-07-17T05:08:29.243721,9,3.221923828125,67.132
2024-07-17T05:08:29.268843,9,3.221923828125,67.132
2024-07-17T05:08:29.293958,9,3.221923828125,67.735
2024-07-17T05:08:29.319128,9,3.221923828125,67.735
2024-07-17T05:08:29.344249,9,3.221923828125,67.735
2024-07-17T05:08:29.369370,9,3.221923828125,67.735
2024-07-17T05:08:29.394481,9,3.221923828125,67.094
2024-07-17T05:08:29.419601,9,3.221923828125,67.094
2024-07-17T05:08:29.444712,9,3.221923828125,67.094
2024-07-17T05:08:29.469850,9,3.221923828125,67.094
2024-07-17T05:08:29.494960,9,3.221923828125,67.094
2024-07-17T05:08:29.520086,9,3.221923828125,67.889
2024-07-17T05:08:29.545206,9,3.221923828125,67.889
2024-07-17T05:08:29.570357,9,3.221923828125,67.889
2024-07-17T05:08:29.595469,9,3.221923828125,67.035
2024-07-17T05:08:29.620591,9,3.221923828125,67.035
2024-07-17T05:08:29.645703,9,3.221923828125,67.035
2024-07-17T05:08:29.670830,9,3.221923828125,67.035
2024-07-17T05:08:29.695945,9,3.221923828125,67.735
2024-07-17T05:08:29.721072,9,3.221923828125,67.735
2024-07-17T05:08:29.746241,9,3.221923828125,67.735
2024-07-17T05:08:29.771352,9,3.221923828125,67.735
2024-07-17T05:08:29.796520,9,3.221923828125,67.735
2024-07-17T05:08:29.821643,9,3.221923828125,67.385
2024-07-17T05:08:29.846766,9,3.221923828125,67.385
2024-07-17T05:08:29.871867,9,3.221923828125,67.385
2024-07-17T05:08:29.896995,9,3.221923828125,67.818
2024-07-17T05:08:29.922117,9,3.221923828125,67.818
2024-07-17T05:08:29.947244,8,3.221923828125,67.818
2024-07-17T05:08:29.972382,8,3.221923828125,67.818
2024-07-17T05:08:29.997507,8,3.221923828125,67.818
2024-07-17T05:08:30.022620,8,3.221923828125,67.327
2024-07-17T05:08:30.047732,8,3.221923828125,67.327
2024-07-17T05:08:30.072870,8,3.221923828125,67.327
2024-07-17T05:08:30.097991,8,3.221923828125,67.832
2024-07-17T05:08:30.123169,8,3.221923828125,67.832
2024-07-17T05:08:30.148298,9,3.221923828125,67.832
2024-07-17T05:08:30.173409,9,3.221923828125,67.832
2024-07-17T05:08:30.198582,9,3.221923828125,67.832
2024-07-17T05:08:30.223744,9,3.221923828125,67.113
2024-07-17T05:08:30.248859,9,3.221923828125,67.113
2024-07-17T05:08:30.273971,9,3.221923828125,67.113
2024-07-17T05:08:30.299104,9,3.221923828125,67.113
2024-07-17T05:08:30.324265,9,3.221923828125,67.884
2024-07-17T05:08:30.349402,9,3.221923828125,67.884
2024-07-17T05:08:30.374522,9,3.221923828125,67.884
2024-07-17T05:08:30.399661,9,3.221923828125,67.884
2024-07-17T05:08:30.424784,9,3.221923828125,67.884
2024-07-17T05:08:30.449884,9,3.221923828125,67.115
2024-07-17T05:08:30.475017,9,3.221923828125,67.115
2024-07-17T05:08:30.500170,9,3.221923828125,67.115
2024-07-17T05:08:30.525281,9,3.221923828125,66.938
2024-07-17T05:08:30.550454,9,3.221923828125,66.938
2024-07-17T05:08:30.575576,9,3.221923828125,66.938
2024-07-17T05:08:30.600697,9,3.221923828125,66.938
2024-07-17T05:08:30.625865,9,3.221923828125,66.938
2024-07-17T05:08:30.650977,9,3.221923828125,67.502
2024-07-17T05:08:30.676101,9,3.221923828125,67.502
2024-07-17T05:08:30.701243,9,3.221923828125,67.502
2024-07-17T05:08:30.726374,9,3.221923828125,66.796
2024-07-17T05:08:30.751507,9,3.221923828125,66.796
2024-07-17T05:08:30.776635,9,3.221923828125,66.796
2024-07-17T05:08:30.801746,9,3.221923828125,66.796
2024-07-17T05:08:30.826859,9,3.221923828125,66.796
2024-07-17T05:08:30.851970,9,3.221923828125,67.406
2024-07-17T05:08:30.877103,9,3.221923828125,67.406
2024-07-17T05:08:30.902229,9,3.221923828125,67.406
2024-07-17T05:08:30.927355,9,3.221923828125,66.769
2024-07-17T05:08:30.952466,9,3.221923828125,66.769
2024-07-17T05:08:30.977627,9,3.221923828125,66.769
2024-07-17T05:08:31.002746,9,3.221923828125,66.769
2024-07-17T05:08:31.027860,9,3.221923828125,66.769
2024-07-17T05:08:31.053016,9,3.221923828125,67.624
2024-07-17T05:08:31.078135,9,3.221923828125,67.624
2024-07-17T05:08:31.103259,9,3.221923828125,67.624
2024-07-17T05:08:31.128399,9,3.221923828125,67.624
2024-07-17T05:08:31.153526,9,3.221923828125,66.9
2024-07-17T05:08:31.178649,9,3.221923828125,66.9
2024-07-17T05:08:31.203779,9,3.221923828125,66.9
2024-07-17T05:08:31.228916,9,3.221923828125,66.9
2024-07-17T05:08:31.254073,9,3.221923828125,67.496
2024-07-17T05:08:31.279218,9,3.221923828125,67.496
2024-07-17T05:08:31.304330,9,3.221923828125,67.496
2024-07-17T05:08:31.329442,9,3.221923828125,67.496
2024-07-17T05:08:31.354568,9,3.221923828125,66.945
2024-07-17T05:08:31.379733,9,3.221923828125,66.945
2024-07-17T05:08:31.404847,9,3.221923828125,66.945
2024-07-17T05:08:31.429957,9,3.221923828125,66.945
2024-07-17T05:08:31.455075,9,3.221923828125,66.945
2024-07-17T05:08:31.480199,9,3.221923828125,67.599
2024-07-17T05:08:31.505336,9,3.221923828125,67.599
2024-07-17T05:08:31.530457,9,3.221923828125,67.599
2024-07-17T05:08:31.555616,9,3.221923828125,67.599
2024-07-17T05:08:31.580728,9,3.221923828125,66.997
2024-07-17T05:08:31.605853,9,3.221923828125,66.997
2024-07-17T05:08:31.631055,9,3.221923828125,66.997
2024-07-17T05:08:31.656167,9,3.221923828125,67.787
2024-07-17T05:08:31.681290,9,3.221923828125,67.787
2024-07-17T05:08:31.706476,9,3.221923828125,67.787
2024-07-17T05:08:31.731601,9,3.221923828125,67.787
2024-07-17T05:08:31.756733,9,3.221923828125,67.042
2024-07-17T05:08:31.781849,9,3.221923828125,67.042
2024-07-17T05:08:31.806993,9,3.221923828125,67.042
2024-07-17T05:08:31.832121,9,3.221923828125,67.042
2024-07-17T05:08:31.857232,9,3.221923828125,67.042
2024-07-17T05:08:31.882344,9,3.221923828125,67.13
2024-07-17T05:08:31.907456,9,3.221923828125,67.13
2024-07-17T05:08:31.932568,9,3.221923828125,67.13
2024-07-17T05:08:31.957693,9,3.221923828125,67.13
2024-07-17T05:08:31.982804,9,3.221923828125,67.13
2024-07-17T05:08:32.007919,9,3.221923828125,67.13
2024-07-17T05:08:32.033038,9,3.221923828125,67.13
2024-07-17T05:08:32.058215,9,3.221923828125,67.13
2024-07-17T05:08:32.083361,9,3.221923828125,67.139
2024-07-17T05:08:32.108555,9,3.221923828125,67.139
2024-07-17T05:08:32.133666,9,3.221923828125,67.139
2024-07-17T05:08:32.158786,9,3.221923828125,67.139
2024-07-17T05:08:32.183859,9,3.221923828125,67.139
2024-07-17T05:08:32.208982,9,3.221923828125,67.139
2024-07-17T05:08:32.234109,9,3.221923828125,67.139
2024-07-17T05:08:32.259240,9,3.221923828125,67.139
2024-07-17T05:08:32.284352,9,3.221923828125,67.139
2024-07-17T05:08:32.309465,9,3.221923828125,67.12
2024-07-17T05:08:32.334650,9,3.221923828125,67.12
2024-07-17T05:08:32.359761,9,3.221923828125,67.12
2024-07-17T05:08:32.384879,9,3.221923828125,67.12
2024-07-17T05:08:32.410115,9,3.221923828125,67.12
2024-07-17T05:08:32.435248,9,3.221923828125,67.12
2024-07-17T05:08:32.460368,9,3.221923828125,67.12
2024-07-17T05:08:32.485509,9,3.221923828125,67.443
2024-07-17T05:08:32.510642,9,3.221923828125,67.443
2024-07-17T05:08:32.535804,9,3.221923828125,67.443
2024-07-17T05:08:32.560918,9,3.221923828125,67.443
2024-07-17T05:08:32.586074,9,3.221923828125,66.626
2024-07-17T05:08:32.611193,9,3.221923828125,66.626
2024-07-17T05:08:32.636333,9,3.221923828125,66.626
2024-07-17T05:08:32.661466,9,3.221923828125,66.626
2024-07-17T05:08:32.686662,9,3.221923828125,66.626
2024-07-17T05:08:32.711831,9,3.221923828125,67.599
2024-07-17T05:08:32.736954,9,3.221923828125,67.599
2024-07-17T05:08:32.762128,9,3.221923828125,67.599
2024-07-17T05:08:32.787240,9,3.221923828125,66.63
2024-07-17T05:08:32.812353,9,3.221923828125,66.63
2024-07-17T05:08:32.837513,9,3.221923828125,66.63
2024-07-17T05:08:32.862691,9,3.221923828125,66.63
2024-07-17T05:08:32.887869,9,3.221923828125,66.63
2024-07-17T05:08:32.912980,9,3.221923828125,67.45
2024-07-17T05:08:32.938158,9,3.221923828125,67.45
2024-07-17T05:08:32.963278,9,3.221923828125,67.45
2024-07-17T05:08:32.988420,9,3.221923828125,67.45
2024-07-17T05:08:33.013565,9,3.221923828125,66.724
2024-07-17T05:08:33.038732,9,3.221923828125,66.724
2024-07-17T05:08:33.063894,9,3.221923828125,66.724
2024-07-17T05:08:33.089004,9,3.221923828125,66.724
2024-07-17T05:08:33.114133,9,3.221923828125,67.709
2024-07-17T05:08:33.139279,9,3.221923828125,67.709
2024-07-17T05:08:33.164399,9,3.221923828125,67.709
2024-07-17T05:08:33.189516,9,3.221923828125,67.709
2024-07-17T05:08:33.214636,9,3.221923828125,66.982
2024-07-17T05:08:33.239748,9,3.221923828125,66.982
2024-07-17T05:08:33.264945,9,3.221923828125,66.982
2024-07-17T05:08:33.290055,9,3.221923828125,66.982
2024-07-17T05:08:33.315167,9,3.221923828125,66.982
2024-07-17T05:08:33.340281,9,3.221923828125,67.638
2024-07-17T05:08:33.365407,9,3.221923828125,67.638
2024-07-17T05:08:33.390543,9,3.221923828125,67.638
2024-07-17T05:08:33.415669,9,3.221923828125,66.848
2024-07-17T05:08:33.440848,9,3.221923828125,66.848
2024-07-17T05:08:33.465959,9,3.221923828125,66.848
2024-07-17T05:08:33.491081,9,3.221923828125,66.848
2024-07-17T05:08:33.516192,9,3.221923828125,67.567
2024-07-17T05:08:33.541325,9,3.221923828125,67.567
2024-07-17T05:08:33.566466,9,3.221923828125,67.567
2024-07-17T05:08:33.591579,9,3.221923828125,67.567
2024-07-17T05:08:33.616744,9,3.221923828125,66.972
2024-07-17T05:08:33.641858,9,3.221923828125,66.972
2024-07-17T05:08:33.666982,9,3.221923828125,66.972
2024-07-17T05:08:33.692101,9,3.221923828125,66.972
2024-07-17T05:08:33.717248,9,3.221923828125,66.972
2024-07-17T05:08:33.742405,9,3.221923828125,67.458
2024-07-17T05:08:33.767529,9,3.221923828125,67.458
2024-07-17T05:08:33.792655,9,3.221923828125,67.458
2024-07-17T05:08:33.817766,9,3.221923828125,67.398
2024-07-17T05:08:33.842859,9,3.221923828125,67.398
2024-07-17T05:08:33.867983,8,3.221923828125,67.398
2024-07-17T05:08:33.893094,8,3.221923828125,67.398
2024-07-17T05:08:33.918216,8,3.221923828125,67.398
2024-07-17T05:08:33.943358,8,3.221923828125,67.986
2024-07-17T05:08:33.968551,8,3.221923828125,67.986
2024-07-17T05:08:33.993663,8,3.221923828125,67.986
2024-07-17T05:08:34.018776,8,3.221923828125,67.986
2024-07-17T05:08:34.043873,8,3.221923828125,67.236
2024-07-17T05:08:34.069012,9,3.221923828125,67.236
2024-07-17T05:08:34.094190,9,3.221923828125,67.236
2024-07-17T05:08:34.119317,9,3.221923828125,67.236
2024-07-17T05:08:34.144440,9,3.221923828125,67.236
2024-07-17T05:08:34.169578,9,3.221923828125,67.844
2024-07-17T05:08:34.194701,9,3.221923828125,67.844
2024-07-17T05:08:34.219835,9,3.221923828125,67.844
2024-07-17T05:08:34.244956,9,3.221923828125,67.236
2024-07-17T05:08:34.270074,9,3.221923828125,67.236
2024-07-17T05:08:34.295209,9,3.221923828125,67.236
2024-07-17T05:08:34.320329,9,3.221923828125,67.236
2024-07-17T05:08:34.345453,9,3.221923828125,67.236
2024-07-17T05:08:34.370585,9,3.221923828125,66.893
2024-07-17T05:08:34.395728,9,3.221923828125,66.893
2024-07-17T05:08:34.420838,9,3.221923828125,66.893
2024-07-17T05:08:34.445953,9,3.221923828125,67.385
2024-07-17T05:08:34.471068,9,3.221923828125,67.385
2024-07-17T05:08:34.496249,9,3.221923828125,67.385
2024-07-17T05:08:34.521405,9,3.221923828125,67.385
2024-07-17T05:08:34.546532,9,3.221923828125,66.751
2024-07-17T05:08:34.571644,9,3.221923828125,66.751
2024-07-17T05:08:34.596770,9,3.221923828125,66.751
2024-07-17T05:08:34.621868,9,3.221923828125,66.751
2024-07-17T05:08:34.647011,9,3.221923828125,67.38
2024-07-17T05:08:34.672158,9,3.221923828125,67.38
2024-07-17T05:08:34.697298,9,3.221923828125,67.38
2024-07-17T05:08:34.722409,9,3.221923828125,67.38
2024-07-17T05:08:34.747522,9,3.221923828125,67.38
2024-07-17T05:08:34.772634,9,3.221923828125,66.867
2024-07-17T05:08:34.797759,9,3.221923828125,66.867
2024-07-17T05:08:34.822915,9,3.221923828125,66.867
2024-07-17T05:08:34.848033,9,3.221923828125,67.502
2024-07-17T05:08:34.873144,9,3.221923828125,67.502
2024-07-17T05:08:34.898279,9,3.221923828125,67.502
2024-07-17T05:08:34.923417,9,3.221923828125,67.502
2024-07-17T05:08:34.948575,9,3.221923828125,67.502
2024-07-17T05:08:34.973696,9,3.221923828125,66.699
2024-07-17T05:08:34.998861,9,3.221923828125,66.699
2024-07-17T05:08:35.023997,9,3.221923828125,66.699
2024-07-17T05:08:35.049164,9,3.221923828125,66.699
2024-07-17T05:08:35.074287,9,3.221923828125,67.593
2024-07-17T05:08:35.099452,9,3.221923828125,67.593
2024-07-17T05:08:35.124575,9,3.221923828125,67.593
2024-07-17T05:08:35.149763,9,3.221923828125,67.593
2024-07-17T05:08:35.174894,9,3.221923828125,67.593
2024-07-17T05:08:35.200015,9,3.221923828125,66.769
2024-07-17T05:08:35.225188,9,3.221923828125,66.769
2024-07-17T05:08:35.250307,9,3.221923828125,66.769
2024-07-17T05:08:35.275419,9,3.221923828125,67.708
2024-07-17T05:08:35.300532,9,3.221923828125,67.708
2024-07-17T05:08:35.325652,9,3.221923828125,67.708
2024-07-17T05:08:35.350777,9,3.221923828125,67.708
2024-07-17T05:08:35.375860,9,3.221923828125,67.708
2024-07-17T05:08:35.400971,9,3.221923828125,66.893
2024-07-17T05:08:35.426084,9,3.221923828125,66.893
2024-07-17T05:08:35.451225,9,3.221923828125,66.893
2024-07-17T05:08:35.476337,9,3.221923828125,67.787
2024-07-17T05:08:35.501457,9,3.221923828125,67.787
2024-07-17T05:08:35.526579,9,3.221923828125,67.787
2024-07-17T05:08:35.551698,9,3.221923828125,67.787
2024-07-17T05:08:35.576810,9,3.221923828125,67.787
2024-07-17T05:08:35.601925,9,3.221923828125,67.806
2024-07-17T05:08:35.627037,9,3.221923828125,67.806
2024-07-17T05:08:35.652173,9,3.221923828125,67.806
2024-07-17T05:08:35.677337,9,3.221923828125,67.806
2024-07-17T05:08:35.702448,9,3.221923828125,67.806
2024-07-17T05:08:35.727570,9,3.221923828125,67.806
2024-07-17T05:08:35.752692,9,3.221923828125,67.806
2024-07-17T05:08:35.777818,9,3.221923828125,67.806
2024-07-17T05:08:35.802931,9,3.221923828125,67.612
2024-07-17T05:08:35.828043,9,3.221923828125,67.612
2024-07-17T05:08:35.853181,9,3.221923828125,67.612
2024-07-17T05:08:35.878314,9,3.221923828125,67.612
2024-07-17T05:08:35.903426,9,3.221923828125,67.612
2024-07-17T05:08:35.928567,9,3.221923828125,67.612
2024-07-17T05:08:35.953689,9,3.221923828125,67.612
2024-07-17T05:08:35.978799,9,3.221923828125,67.612
2024-07-17T05:08:36.003923,9,3.221923828125,67.708
2024-07-17T05:08:36.029100,9,3.221923828125,67.708
2024-07-17T05:08:36.054286,9,3.221923828125,67.708
2024-07-17T05:08:36.079398,9,3.221923828125,67.708
2024-07-17T05:08:36.104534,9,3.221923828125,67.708
2024-07-17T05:08:36.129655,9,3.221923828125,67.708
2024-07-17T05:08:36.154812,9,3.221923828125,67.708
2024-07-17T05:08:36.179946,9,3.221923828125,67.708
2024-07-17T05:08:36.205058,9,3.221923828125,67.708
2024-07-17T05:08:36.230215,9,3.221923828125,67.025
2024-07-17T05:08:36.255341,9,3.221923828125,67.025
2024-07-17T05:08:36.280453,9,3.221923828125,67.025
2024-07-17T05:08:36.305610,9,3.221923828125,67.334
2024-07-17T05:08:36.330745,9,3.221923828125,67.334
2024-07-17T05:08:36.355879,9,3.221923828125,67.334
2024-07-17T05:08:36.380991,9,3.221923828125,67.334
2024-07-17T05:08:36.406105,9,3.221923828125,67.334
2024-07-17T05:08:36.431227,9,3.221923828125,66.821
2024-07-17T05:08:36.456339,9,3.221923828125,66.821
2024-07-17T05:08:36.481460,9,3.221923828125,66.821
2024-07-17T05:08:36.506597,9,3.221923828125,66.821
2024-07-17T05:08:36.531791,9,3.221923828125,67.458
2024-07-17T05:08:36.556910,9,3.221923828125,67.458
2024-07-17T05:08:36.582039,9,3.221923828125,67.458
2024-07-17T05:08:36.607227,9,3.221923828125,66.751
2024-07-17T05:08:36.632351,9,3.221923828125,66.751
2024-07-17T05:08:36.657462,9,3.221923828125,66.751
2024-07-17T05:08:36.682603,9,3.221923828125,66.751
2024-07-17T05:08:36.707731,9,3.221923828125,66.751
2024-07-17T05:08:36.732932,9,3.221923828125,67.458
2024-07-17T05:08:36.758107,9,3.221923828125,67.458
2024-07-17T05:08:36.783244,9,3.221923828125,67.458
2024-07-17T05:08:36.808419,9,3.221923828125,67.458
2024-07-17T05:08:36.833531,9,3.221923828125,66.627
2024-07-17T05:08:36.858643,9,3.221923828125,66.627
2024-07-17T05:08:36.883765,9,3.221923828125,66.627
2024-07-17T05:08:36.908910,9,3.221923828125,66.627
2024-07-17T05:08:36.934028,9,3.221923828125,67.548
2024-07-17T05:08:36.959150,9,3.221923828125,67.548
2024-07-17T05:08:36.984278,9,3.221923828125,67.548
2024-07-17T05:08:37.009402,9,3.221923828125,67.548
2024-07-17T05:08:37.034526,9,3.221923828125,67.548
2024-07-17T05:08:37.059638,9,3.221923828125,66.751
2024-07-17T05:08:37.084750,9,3.221923828125,66.751
2024-07-17T05:08:37.109906,9,3.221923828125,66.751
2024-07-17T05:08:37.135033,9,3.221923828125,67.45
2024-07-17T05:08:37.160154,9,3.221923828125,67.45
2024-07-17T05:08:37.185266,9,3.221923828125,67.45
2024-07-17T05:08:37.210378,9,3.221923828125,67.45
2024-07-17T05:08:37.235520,9,3.221923828125,67.45
2024-07-17T05:08:37.260671,9,3.221923828125,66.821
2024-07-17T05:08:37.285856,9,3.221923828125,66.821
2024-07-17T05:08:37.310975,9,3.221923828125,66.821
2024-07-17T05:08:37.336086,9,3.221923828125,67.638
2024-07-17T05:08:37.361213,9,3.221923828125,67.638
2024-07-17T05:08:37.386336,9,3.221923828125,67.638
2024-07-17T05:08:37.411540,9,3.221923828125,67.638
2024-07-17T05:08:37.436668,9,3.221923828125,67.638
2024-07-17T05:08:37.461791,9,3.221923828125,66.867
2024-07-17T05:08:37.486859,9,3.221923828125,66.867
2024-07-17T05:08:37.511974,9,3.221923828125,66.867
2024-07-17T05:08:37.537087,9,3.221923828125,66.867
2024-07-17T05:08:37.562258,8,3.221923828125,67.665
2024-07-17T05:08:37.587394,8,3.221923828125,67.665
2024-07-17T05:08:37.612524,8,3.221923828125,67.665
2024-07-17T05:08:37.637654,8,3.221923828125,67.665
2024-07-17T05:08:37.662775,8,3.221923828125,67.211
2024-07-17T05:08:37.687868,8,3.221923828125,67.211
2024-07-17T05:08:37.712978,8,3.221923828125,67.211
2024-07-17T05:08:37.738101,8,3.221923828125,67.211
2024-07-17T05:08:37.763214,8,3.221923828125,67.548
2024-07-17T05:08:37.788326,9,3.221923828125,67.548
2024-07-17T05:08:37.813457,9,3.221923828125,67.548
2024-07-17T05:08:37.838606,9,3.221923828125,67.548
2024-07-17T05:08:37.863718,9,3.221923828125,67.548
2024-07-17T05:08:37.888884,9,3.221923828125,67.264
2024-07-17T05:08:37.913993,9,3.221923828125,67.264
2024-07-17T05:08:37.939126,9,3.221923828125,67.264
2024-07-17T05:08:37.964246,9,3.221923828125,67.871
2024-07-17T05:08:37.989358,9,3.221923828125,67.871
2024-07-17T05:08:38.014481,9,3.221923828125,67.871
2024-07-17T05:08:38.039621,9,3.221923828125,67.871
2024-07-17T05:08:38.064751,9,3.221923828125,67.871
2024-07-17T05:08:38.089882,9,3.221923828125,67.385
2024-07-17T05:08:38.115028,9,3.221923828125,67.385
2024-07-17T05:08:38.140184,9,3.221923828125,67.385
2024-07-17T05:08:38.165324,9,3.221923828125,67.229
2024-07-17T05:08:38.284425,9,3.221923828125,64.523
2024-07-17T05:08:38.309653,9,3.221923828125,64.523
2024-07-17T05:08:38.334803,9,3.221923828125,64.523
2024-07-17T05:08:38.359928,9,3.221923828125,64.523
2024-07-17T05:08:38.385052,9,3.221923828125,66.297
2024-07-17T05:08:38.410188,4,3.221923828125,66.297
2024-07-17T05:08:38.435306,4,3.221923828125,66.297
2024-07-17T05:08:38.460466,4,3.221923828125,66.297
2024-07-17T05:08:38.485579,4,3.221923828125,66.432
2024-07-17T05:08:38.510699,4,3.221923828125,66.432
2024-07-17T05:08:38.535826,4,3.221923828125,66.432
2024-07-17T05:08:38.560957,4,3.221923828125,66.432
2024-07-17T05:08:38.586083,4,3.221923828125,67.431
2024-07-17T05:08:38.611232,8,3.221923828125,67.431
2024-07-17T05:08:38.636406,8,3.221923828125,67.431
2024-07-17T05:08:38.661541,8,3.221923828125,67.431
2024-07-17T05:08:38.686662,8,3.221923828125,67.431
2024-07-17T05:08:38.711852,8,3.221923828125,66.698
2024-07-17T05:08:38.737010,8,3.221923828125,66.698
2024-07-17T05:08:38.762138,8,3.221923828125,66.698
2024-07-17T05:08:38.787268,8,3.221923828125,67.78
2024-07-17T05:08:38.812388,8,3.221923828125,67.78
2024-07-17T05:08:38.837516,9,3.221923828125,67.78
2024-07-17T05:08:38.862627,9,3.221923828125,67.78
2024-07-17T05:08:38.887748,9,3.221923828125,67.78
2024-07-17T05:08:38.912909,9,3.221923828125,66.821
2024-07-17T05:08:38.938028,9,3.221923828125,66.821
2024-07-17T05:08:38.963140,9,3.221923828125,66.821
2024-07-17T05:08:38.988268,9,3.221923828125,67.593
2024-07-17T05:08:39.013388,9,3.221923828125,67.593
2024-07-17T05:08:39.038499,9,3.221923828125,67.593
2024-07-17T05:08:39.063611,9,3.221923828125,67.593
2024-07-17T05:08:39.088752,9,3.221923828125,67.593
2024-07-17T05:08:39.113882,9,3.221923828125,66.796
2024-07-17T05:08:39.138992,9,3.221923828125,66.796
2024-07-17T05:08:39.164113,9,3.221923828125,66.796
2024-07-17T05:08:39.189246,9,3.221923828125,67.799
2024-07-17T05:08:39.214359,9,3.221923828125,67.799
2024-07-17T05:08:39.239483,9,3.221923828125,67.799
2024-07-17T05:08:39.264609,9,3.221923828125,67.799
2024-07-17T05:08:39.289728,9,3.221923828125,67.799
2024-07-17T05:08:39.314854,9,3.221923828125,67.585
2024-07-17T05:08:39.339971,9,3.221923828125,67.585
2024-07-17T05:08:39.365082,9,3.221923828125,67.585
2024-07-17T05:08:39.390234,9,3.221923828125,67.585
2024-07-17T05:08:39.415353,9,3.221923828125,67.585
2024-07-17T05:08:39.440464,9,3.221923828125,67.585
2024-07-17T05:08:39.465588,9,3.221923828125,67.585
2024-07-17T05:08:39.490744,9,3.221923828125,67.585
2024-07-17T05:08:39.515873,9,3.221923828125,67.061
2024-07-17T05:08:39.540984,9,3.221923828125,67.061
2024-07-17T05:08:39.566104,9,3.221923828125,67.061
2024-07-17T05:08:39.591240,9,3.221923828125,67.061
2024-07-17T05:08:39.616378,9,3.221923828125,67.657
2024-07-17T05:08:39.641498,9,3.221923828125,67.657
2024-07-17T05:08:39.666635,9,3.221923828125,67.657
2024-07-17T05:08:39.691746,9,3.221923828125,67.657
2024-07-17T05:08:39.716859,9,3.221923828125,67.657
2024-07-17T05:08:39.741969,9,3.221923828125,67.657
2024-07-17T05:08:39.767089,9,3.221923828125,67.657
2024-07-17T05:08:39.792200,9,3.221923828125,67.657
2024-07-17T05:08:39.817312,9,3.221923828125,67.657
2024-07-17T05:08:39.842434,9,3.221923828125,67.657
2024-07-17T05:08:39.867545,8,3.221923828125,67.657
2024-07-17T05:08:39.892724,8,3.221923828125,67.657
2024-07-17T05:08:39.917848,8,3.221923828125,67.657
2024-07-17T05:08:39.942981,8,3.221923828125,67.599
2024-07-17T05:08:39.968121,8,3.221923828125,67.599
2024-07-17T05:08:39.993300,8,3.221923828125,67.599
2024-07-17T05:08:40.018411,8,3.221923828125,67.599
2024-07-17T05:08:40.043523,8,3.221923828125,67.599
2024-07-17T05:08:40.068635,9,3.221923828125,67.599
2024-07-17T05:08:40.093748,9,3.221923828125,67.599
2024-07-17T05:08:40.118867,9,3.221923828125,67.599
2024-07-17T05:08:40.144049,9,3.221923828125,67.863
2024-07-17T05:08:40.169212,9,3.221923828125,67.863
2024-07-17T05:08:40.194335,9,3.221923828125,67.863
2024-07-17T05:08:40.219548,9,3.221923828125,67.333
2024-07-17T05:08:40.244658,9,3.221923828125,67.333
2024-07-17T05:08:40.269771,9,3.221923828125,67.333
2024-07-17T05:08:40.294909,9,3.221923828125,67.333
2024-07-17T05:08:40.320049,9,3.221923828125,67.333
2024-07-17T05:08:40.345251,9,3.221923828125,66.964
2024-07-17T05:08:40.370362,9,3.221923828125,66.964
2024-07-17T05:08:40.395516,9,3.221923828125,66.964
2024-07-17T05:08:40.420645,9,3.221923828125,66.964
2024-07-17T05:08:40.445768,9,3.221923828125,67.352
2024-07-17T05:08:40.470880,9,3.221923828125,67.352
2024-07-17T05:08:40.496000,9,3.221923828125,67.352
2024-07-17T05:08:40.521120,9,3.221923828125,67.352
2024-07-17T05:08:40.546243,9,3.221923828125,66.796
2024-07-17T05:08:40.571370,9,3.221923828125,66.796
2024-07-17T05:08:40.596482,9,3.221923828125,66.796
2024-07-17T05:08:40.621594,9,3.221923828125,66.796
2024-07-17T05:08:40.646777,9,3.221923828125,67.476
2024-07-17T05:08:40.671897,9,3.221923828125,67.476
2024-07-17T05:08:40.697046,9,3.221923828125,67.476
2024-07-17T05:08:40.722157,9,3.221923828125,67.476
2024-07-17T05:08:40.747320,9,3.221923828125,67.476
2024-07-17T05:08:40.772432,9,3.221923828125,66.867
2024-07-17T05:08:40.797544,9,3.221923828125,66.867
2024-07-17T05:08:40.822657,9,3.221923828125,66.867
2024-07-17T05:08:40.847800,9,3.221923828125,67.559
2024-07-17T05:08:40.872920,9,3.221923828125,67.559
2024-07-17T05:08:40.898030,9,3.221923828125,67.559
2024-07-17T05:08:40.923188,9,3.221923828125,67.559
2024-07-17T05:08:40.948332,9,3.221923828125,67.559
2024-07-17T05:08:40.973518,9,3.221923828125,66.705
2024-07-17T05:08:40.998666,9,3.221923828125,66.705
2024-07-17T05:08:41.023799,9,3.221923828125,66.705
2024-07-17T05:08:41.048924,9,3.221923828125,67.405
2024-07-17T05:08:41.074036,9,3.221923828125,67.405
2024-07-17T05:08:41.099161,9,3.221923828125,67.405
2024-07-17T05:08:41.124307,9,3.221923828125,67.405
2024-07-17T05:08:41.149467,9,3.221923828125,67.405
2024-07-17T05:08:41.174668,9,3.221923828125,66.867
2024-07-17T05:08:41.199800,9,3.221923828125,66.867
2024-07-17T05:08:41.224937,9,3.221923828125,66.867
2024-07-17T05:08:41.250064,9,3.221923828125,66.867
2024-07-17T05:08:41.275187,9,3.221923828125,67.665
2024-07-17T05:08:41.300298,9,3.221923828125,67.665
2024-07-17T05:08:41.325411,9,3.221923828125,67.665
2024-07-17T05:08:41.350565,9,3.221923828125,67.665
2024-07-17T05:08:41.375675,9,3.221923828125,66.795
2024-07-17T05:08:41.400825,9,3.221923828125,66.795
2024-07-17T05:08:41.426017,9,3.221923828125,66.795
2024-07-17T05:08:41.451152,9,3.221923828125,66.795
2024-07-17T05:08:41.476321,9,3.221923828125,67.612
2024-07-17T05:08:41.501433,9,3.221923828125,67.612
2024-07-17T05:08:41.526554,9,3.221923828125,67.612
2024-07-17T05:08:41.551665,9,3.221923828125,67.612
2024-07-17T05:08:41.576839,9,3.221923828125,67.158
2024-07-17T05:08:41.601960,9,3.221923828125,67.158
2024-07-17T05:08:41.627087,9,3.221923828125,67.158
2024-07-17T05:08:41.652220,9,3.221923828125,67.158
2024-07-17T05:08:41.677360,9,3.221923828125,67.734
2024-07-17T05:08:41.702481,9,3.221923828125,67.734
2024-07-17T05:08:41.727591,9,3.221923828125,67.734
2024-07-17T05:08:41.752703,9,3.221923828125,67.734
2024-07-17T05:08:41.777890,9,3.221923828125,67.734
2024-07-17T05:08:41.803039,9,3.221923828125,67.069
2024-07-17T05:08:41.828171,9,3.221923828125,67.069
2024-07-17T05:08:41.853295,9,3.221923828125,67.069
2024-07-17T05:08:41.878407,9,3.221923828125,67.708
2024-07-17T05:08:41.903528,9,3.221923828125,67.708
2024-07-17T05:08:41.928640,9,3.221923828125,67.708
2024-07-17T05:08:41.953761,9,3.221923828125,67.708
2024-07-17T05:08:41.978881,9,3.221923828125,67.708
2024-07-17T05:08:42.004007,9,3.221923828125,67.36
2024-07-17T05:08:42.029118,9,3.221923828125,67.36
2024-07-17T05:08:42.054239,9,3.221923828125,67.36
2024-07-17T05:08:42.079365,9,3.221923828125,68.038
2024-07-17T05:08:42.104507,9,3.221923828125,68.038
2024-07-17T05:08:42.129640,9,3.221923828125,68.038
2024-07-17T05:08:42.154766,9,3.221923828125,68.038
2024-07-17T05:08:42.179859,9,3.221923828125,68.038
2024-07-17T05:08:42.204993,9,3.221923828125,67.263
2024-07-17T05:08:42.230117,9,3.221923828125,67.263
2024-07-17T05:08:42.255292,9,3.221923828125,67.263
2024-07-17T05:08:42.280412,9,3.221923828125,67.263
2024-07-17T05:08:42.305544,9,3.221923828125,67.016
2024-07-17T05:08:42.330675,9,3.221923828125,67.016
2024-07-17T05:08:42.355795,9,3.221923828125,67.016
2024-07-17T05:08:42.380920,9,3.221923828125,67.016
2024-07-17T05:08:42.406070,9,3.221923828125,67.458
2024-07-17T05:08:42.431261,9,3.221923828125,67.458
2024-07-17T05:08:42.456453,9,3.221923828125,67.458
2024-07-17T05:08:42.481610,9,3.221923828125,67.458
2024-07-17T05:08:42.506774,9,3.221923828125,66.751
2024-07-17T05:08:42.531859,9,3.221923828125,66.751
2024-07-17T05:08:42.556977,9,3.221923828125,66.751
2024-07-17T05:08:42.582097,9,3.221923828125,66.751
2024-07-17T05:08:42.607290,9,3.221923828125,67.47
2024-07-17T05:08:42.632411,9,3.221923828125,67.47
2024-07-17T05:08:42.657562,9,3.221923828125,67.47
2024-07-17T05:08:42.682674,9,3.221923828125,67.47
2024-07-17T05:08:42.707786,9,3.221923828125,66.724
2024-07-17T05:08:42.732859,9,3.221923828125,66.724
2024-07-17T05:08:42.758028,9,3.221923828125,66.724
2024-07-17T05:08:42.783139,9,3.221923828125,66.724
2024-07-17T05:08:42.808300,9,3.221923828125,66.724
2024-07-17T05:08:42.833438,9,3.221923828125,67.556
2024-07-17T05:08:42.858568,9,3.221923828125,67.556
2024-07-17T05:08:42.883689,9,3.221923828125,67.556
2024-07-17T05:08:42.908810,9,3.221923828125,67.018
2024-07-17T05:08:42.933963,9,3.221923828125,67.018
2024-07-17T05:08:42.959092,9,3.221923828125,67.018
2024-07-17T05:08:42.984205,9,3.221923828125,67.018
2024-07-17T05:08:43.009320,9,3.221923828125,67.018
2024-07-17T05:08:43.034445,9,3.221923828125,67.637
2024-07-17T05:08:43.059557,9,3.221923828125,67.637
2024-07-17T05:08:43.084732,9,3.221923828125,67.637
2024-07-17T05:08:43.109863,9,3.221923828125,67.307
2024-07-17T05:08:43.134984,9,3.221923828125,67.307
2024-07-17T05:08:43.160095,9,3.221923828125,67.307
2024-07-17T05:08:43.185259,9,3.221923828125,67.307
2024-07-17T05:08:43.210371,9,3.221923828125,67.307
2024-07-17T05:08:43.235495,9,3.221923828125,66.824
2024-07-17T05:08:43.260607,9,3.221923828125,66.824
2024-07-17T05:08:43.285719,9,3.221923828125,66.824
2024-07-17T05:08:43.310842,9,3.221923828125,66.824
2024-07-17T05:08:43.335955,9,3.221923828125,66.824
2024-07-17T05:08:43.361149,9,3.221923828125,66.824
2024-07-17T05:08:43.386260,9,3.221923828125,66.824
2024-07-17T05:08:43.411373,9,3.221923828125,66.824
2024-07-17T05:08:43.436526,9,3.221923828125,67.016
2024-07-17T05:08:43.461662,9,3.221923828125,67.016
2024-07-17T05:08:43.486802,9,3.221923828125,67.016
2024-07-17T05:08:43.511915,9,3.221923828125,67.016
2024-07-17T05:08:43.537096,9,3.221923828125,67.016
2024-07-17T05:08:43.562218,9,3.221923828125,67.58
2024-07-17T05:08:43.587339,9,3.221923828125,67.58
2024-07-17T05:08:43.612467,9,3.221923828125,67.58
2024-07-17T05:08:43.637588,9,3.221923828125,67.58
2024-07-17T05:08:43.662720,9,3.221923828125,67.58
2024-07-17T05:08:43.687830,9,3.221923828125,67.58
2024-07-17T05:08:43.712957,9,3.221923828125,67.58
2024-07-17T05:08:43.738115,9,3.221923828125,67.309
2024-07-17T05:08:43.763250,9,3.221923828125,67.309
2024-07-17T05:08:43.788376,8,3.221923828125,67.309
2024-07-17T05:08:43.813488,8,3.221923828125,67.309
2024-07-17T05:08:43.838601,8,3.221923828125,67.309
2024-07-17T05:08:43.863793,8,3.221923828125,67.21
2024-07-17T05:08:43.888859,8,3.221923828125,67.21
2024-07-17T05:08:43.914031,8,3.221923828125,67.21
2024-07-17T05:08:43.939154,8,3.221923828125,67.889
2024-07-17T05:08:43.964287,8,3.221923828125,67.889
2024-07-17T05:08:43.989456,9,3.221923828125,67.889
2024-07-17T05:08:44.014588,9,3.221923828125,67.889
2024-07-17T05:08:44.039736,9,3.221923828125,67.889
2024-07-17T05:08:44.064859,9,3.221923828125,67.309
2024-07-17T05:08:44.089981,9,3.221923828125,67.309
2024-07-17T05:08:44.115092,9,3.221923828125,67.309
2024-07-17T05:08:44.140230,9,3.221923828125,66.972
2024-07-17T05:08:44.165349,9,3.221923828125,66.972
2024-07-17T05:08:44.190517,9,3.221923828125,66.972
2024-07-17T05:08:44.215627,9,3.221923828125,66.972
2024-07-17T05:08:44.240746,9,3.221923828125,66.972
2024-07-17T05:08:44.265887,9,3.221923828125,67.502
2024-07-17T05:08:44.290998,9,3.221923828125,67.502
2024-07-17T05:08:44.316166,9,3.221923828125,67.502
2024-07-17T05:08:44.341278,9,3.221923828125,67.502
2024-07-17T05:08:44.366390,9,3.221923828125,66.802
2024-07-17T05:08:44.391502,9,3.221923828125,66.802
2024-07-17T05:08:44.416636,9,3.221923828125,66.802
2024-07-17T05:08:44.441837,9,3.221923828125,66.802
2024-07-17T05:08:44.466950,9,3.221923828125,66.802
2024-07-17T05:08:44.492094,9,3.221923828125,67.529
2024-07-17T05:08:44.517220,9,3.221923828125,67.529
2024-07-17T05:08:44.542362,9,3.221923828125,67.529
2024-07-17T05:08:44.567473,9,3.221923828125,67.529
2024-07-17T05:08:44.592633,9,3.221923828125,66.964
2024-07-17T05:08:44.617812,9,3.221923828125,66.964
2024-07-17T05:08:44.642968,9,3.221923828125,66.964
2024-07-17T05:08:44.668079,9,3.221923828125,67.405
2024-07-17T05:08:44.693262,9,3.221923828125,67.405
2024-07-17T05:08:44.718451,9,3.221923828125,67.405
2024-07-17T05:08:44.743562,9,3.221923828125,67.405
2024-07-17T05:08:44.768730,9,3.221923828125,66.821
2024-07-17T05:08:44.793863,9,3.221923828125,66.821
2024-07-17T05:08:44.818988,9,3.221923828125,66.821
2024-07-17T05:08:44.844139,9,3.221923828125,66.821
2024-07-17T05:08:44.869259,9,3.221923828125,66.821
2024-07-17T05:08:44.894371,9,3.221923828125,67.529
2024-07-17T05:08:44.919483,9,3.221923828125,67.529
2024-07-17T05:08:44.944642,9,3.221923828125,67.529
2024-07-17T05:08:44.969799,9,3.221923828125,66.875
2024-07-17T05:08:44.994919,9,3.221923828125,66.875
2024-07-17T05:08:45.020036,9,3.221923828125,66.875
2024-07-17T05:08:45.045162,9,3.221923828125,66.875
2024-07-17T05:08:45.070286,9,3.221923828125,66.875
2024-07-17T05:08:45.095398,9,3.221923828125,67.585
2024-07-17T05:08:45.120523,9,3.221923828125,67.585
2024-07-17T05:08:45.145655,9,3.221923828125,67.585
2024-07-17T05:08:45.170767,9,3.221923828125,67.585
2024-07-17T05:08:45.195894,9,3.221923828125,66.945
2024-07-17T05:08:45.221012,9,3.221923828125,66.945
2024-07-17T05:08:45.246187,9,3.221923828125,66.945
2024-07-17T05:08:45.271298,9,3.221923828125,66.945
2024-07-17T05:08:45.296412,9,3.221923828125,67.637
2024-07-17T05:08:45.321537,9,3.221923828125,67.637
2024-07-17T05:08:45.346648,9,3.221923828125,67.637
2024-07-17T05:08:45.371785,9,3.221923828125,67.637
2024-07-17T05:08:45.396871,9,3.221923828125,67.042
2024-07-17T05:08:45.422010,9,3.221923828125,67.042
2024-07-17T05:08:45.447122,9,3.221923828125,67.042
2024-07-17T05:08:45.472259,9,3.221923828125,67.042
2024-07-17T05:08:45.497382,9,3.221923828125,67.592
2024-07-17T05:08:45.522505,9,3.221923828125,67.592
2024-07-17T05:08:45.547642,9,3.221923828125,67.592
2024-07-17T05:08:45.572753,9,3.221923828125,67.592
2024-07-17T05:08:45.597873,9,3.221923828125,67.191
2024-07-17T05:08:45.622993,9,3.221923828125,67.191
2024-07-17T05:08:45.648132,9,3.221923828125,67.191
2024-07-17T05:08:45.673224,9,3.221923828125,67.191
2024-07-17T05:08:45.698386,9,3.221923828125,67.191
2024-07-17T05:08:45.723505,9,3.221923828125,67.792
2024-07-17T05:08:45.748701,9,3.221923828125,67.792
2024-07-17T05:08:45.773812,9,3.221923828125,67.792
2024-07-17T05:08:45.798927,9,3.221923828125,67.458
2024-07-17T05:08:45.824039,9,3.221923828125,67.458
2024-07-17T05:08:45.849331,9,3.221923828125,67.458
2024-07-17T05:08:45.874444,9,3.221923828125,67.458
2024-07-17T05:08:45.899576,9,3.221923828125,67.458
2024-07-17T05:08:45.924687,9,3.221923828125,67.863
2024-07-17T05:08:45.949868,9,3.221923828125,67.863
2024-07-17T05:08:45.974992,9,3.221923828125,67.863
2024-07-17T05:08:46.000136,9,3.221923828125,67.45
2024-07-17T05:08:46.025278,9,3.221923828125,67.45
2024-07-17T05:08:46.050412,9,3.221923828125,67.45
2024-07-17T05:08:46.075575,9,3.221923828125,67.45
2024-07-17T05:08:46.100775,9,3.221923828125,67.45
2024-07-17T05:08:46.125939,9,3.221923828125,67.042
2024-07-17T05:08:46.151064,9,3.221923828125,67.042
2024-07-17T05:08:46.176206,9,3.221923828125,67.042
2024-07-17T05:08:46.201335,9,3.221923828125,67.042
2024-07-17T05:08:46.226449,9,3.221923828125,67.361
2024-07-17T05:08:46.251616,9,3.221923828125,67.361
2024-07-17T05:08:46.276738,9,3.221923828125,67.361
2024-07-17T05:08:46.301895,9,3.221923828125,67.361
2024-07-17T05:08:46.327013,9,3.221923828125,66.821
2024-07-17T05:08:46.352171,9,3.221923828125,66.821
2024-07-17T05:08:46.377282,9,3.221923828125,66.821
2024-07-17T05:08:46.402406,9,3.221923828125,66.821
2024-07-17T05:08:46.427532,9,3.221923828125,67.573
2024-07-17T05:08:46.452643,9,3.221923828125,67.573
2024-07-17T05:08:46.477777,9,3.221923828125,67.573
2024-07-17T05:08:46.502860,9,3.221923828125,67.573
2024-07-17T05:08:46.528032,9,3.221923828125,66.778
2024-07-17T05:08:46.553143,9,3.221923828125,66.778
2024-07-17T05:08:46.578266,9,3.221923828125,66.778
2024-07-17T05:08:46.603395,9,3.221923828125,66.778
2024-07-17T05:08:46.628519,9,3.221923828125,67.443
2024-07-17T05:08:46.653644,9,3.221923828125,67.443
2024-07-17T05:08:46.678785,9,3.221923828125,67.443
2024-07-17T05:08:46.703892,9,3.221923828125,67.443
2024-07-17T05:08:46.729024,9,3.221923828125,67.443
2024-07-17T05:08:46.754143,9,3.221923828125,66.867
2024-07-17T05:08:46.779279,9,3.221923828125,66.867
2024-07-17T05:08:46.804409,9,3.221923828125,66.867
2024-07-17T05:08:46.829530,9,3.221923828125,67.657
2024-07-17T05:08:46.854650,9,3.221923828125,67.657
2024-07-17T05:08:46.879787,9,3.221923828125,67.657
2024-07-17T05:08:46.904859,9,3.221923828125,67.657
2024-07-17T05:08:46.929980,9,3.221923828125,67.657
2024-07-17T05:08:46.955091,9,3.221923828125,66.972
2024-07-17T05:08:46.980248,9,3.221923828125,66.972
2024-07-17T05:08:47.005417,9,3.221923828125,66.972
2024-07-17T05:08:47.030527,9,3.221923828125,67.915
2024-07-17T05:08:47.055646,9,3.221923828125,67.915
2024-07-17T05:08:47.080782,9,3.221923828125,67.915
2024-07-17T05:08:47.105859,9,3.221923828125,67.915
2024-07-17T05:08:47.131019,9,3.221923828125,67.915
2024-07-17T05:08:47.156130,9,3.221923828125,67.735
2024-07-17T05:08:47.181252,9,3.221923828125,67.735
2024-07-17T05:08:47.206449,9,3.221923828125,67.735
2024-07-17T05:08:47.231568,9,3.221923828125,67.735
2024-07-17T05:08:47.256689,9,3.221923828125,67.735
2024-07-17T05:08:47.281803,9,3.221923828125,67.735
2024-07-17T05:08:47.306947,9,3.221923828125,67.735
2024-07-17T05:08:47.332120,9,3.221923828125,67.735
2024-07-17T05:08:47.357231,9,3.221923828125,67.502
2024-07-17T05:08:47.382364,9,3.221923828125,67.502
2024-07-17T05:08:47.407568,9,3.221923828125,67.502
2024-07-17T05:08:47.432710,9,3.221923828125,67.502
2024-07-17T05:08:47.457821,9,3.221923828125,67.502
2024-07-17T05:08:47.482970,8,3.221923828125,67.502
2024-07-17T05:08:47.508137,8,3.221923828125,67.502
2024-07-17T05:08:47.533256,8,3.221923828125,67.502
2024-07-17T05:08:47.558368,8,3.221923828125,67.36
2024-07-17T05:08:47.583535,8,3.221923828125,67.36
2024-07-17T05:08:47.608684,8,3.221923828125,67.36
2024-07-17T05:08:47.633795,8,3.221923828125,67.36
2024-07-17T05:08:47.658910,8,3.221923828125,67.832
2024-07-17T05:08:47.684065,9,3.221923828125,67.832
2024-07-17T05:08:47.709177,9,3.221923828125,67.832
2024-07-17T05:08:47.734288,9,3.221923828125,67.832
2024-07-17T05:08:47.759413,9,3.221923828125,67.832
2024-07-17T05:08:47.784553,9,3.221923828125,67.896
2024-07-17T05:08:47.809695,9,3.221923828125,67.896
2024-07-17T05:08:47.834862,9,3.221923828125,67.896
2024-07-17T05:08:47.859990,9,3.221923828125,67.378
2024-07-17T05:08:47.885134,9,3.221923828125,67.378
2024-07-17T05:08:47.910245,9,3.221923828125,67.378
2024-07-17T05:08:47.935421,9,3.221923828125,67.378
2024-07-17T05:08:47.960543,9,3.221923828125,67.378
2024-07-17T05:08:47.985653,9,3.221923828125,66.848
2024-07-17T05:08:48.010782,9,3.221923828125,66.848
2024-07-17T05:08:48.035889,9,3.221923828125,66.848
2024-07-17T05:08:48.060999,9,3.221923828125,67.316
2024-07-17T05:08:48.086111,9,3.221923828125,67.316
2024-07-17T05:08:48.111240,9,3.221923828125,67.316
2024-07-17T05:08:48.136362,9,3.221923828125,67.316
2024-07-17T05:08:48.161485,9,3.221923828125,67.316
2024-07-17T05:08:48.186608,9,3.221923828125,66.821
2024-07-17T05:08:48.211760,9,3.221923828125,66.821
2024-07-17T05:08:48.236875,9,3.221923828125,66.821
2024-07-17T05:08:48.262062,9,3.221923828125,66.821
2024-07-17T05:08:48.287193,9,3.221923828125,67.378
2024-07-17T05:08:48.312304,9,3.221923828125,67.378
2024-07-17T05:08:48.337428,9,3.221923828125,67.378
2024-07-17T05:08:48.362541,9,3.221923828125,67.378
2024-07-17T05:08:48.387707,9,3.221923828125,66.708
2024-07-17T05:08:48.412840,9,3.221923828125,66.708
2024-07-17T05:08:48.437965,9,3.221923828125,66.708
2024-07-17T05:08:48.463077,9,3.221923828125,66.708
2024-07-17T05:08:48.488205,9,3.221923828125,67.559
2024-07-17T05:08:48.513357,9,3.221923828125,67.559
2024-07-17T05:08:48.538492,9,3.221923828125,67.559
2024-07-17T05:08:48.563626,9,3.221923828125,67.559
2024-07-17T05:08:48.588750,9,3.221923828125,67.016
2024-07-17T05:08:48.613859,9,3.221923828125,67.016
2024-07-17T05:08:48.639022,9,3.221923828125,67.016
2024-07-17T05:08:48.664139,9,3.221923828125,67.016
2024-07-17T05:08:48.689278,9,3.221923828125,67.573
2024-07-17T05:08:48.714413,9,3.221923828125,67.573
2024-07-17T05:08:48.739579,9,3.221923828125,67.573
2024-07-17T05:08:48.764704,9,3.221923828125,67.573
2024-07-17T05:08:48.789818,9,3.221923828125,67.573
2024-07-17T05:08:48.814932,9,3.221923828125,66.895
2024-07-17T05:08:48.840082,9,3.221923828125,66.895
2024-07-17T05:08:48.865217,9,3.221923828125,66.895
2024-07-17T05:08:48.890328,9,3.221923828125,67.637
2024-07-17T05:08:48.915456,9,3.221923828125,67.637
2024-07-17T05:08:48.940613,8,3.221923828125,67.637
2024-07-17T05:08:48.965803,8,3.221923828125,67.637
2024-07-17T05:08:48.990938,8,3.221923828125,67.637
2024-07-17T05:08:49.016060,8,3.221923828125,66.918
2024-07-17T05:08:49.041193,8,3.221923828125,66.918
2024-07-17T05:08:49.066323,8,3.221923828125,66.918
2024-07-17T05:08:49.091436,8,3.221923828125,67.689
2024-07-17T05:08:49.116551,8,3.221923828125,67.689
2024-07-17T05:08:49.141663,9,3.221923828125,67.689
2024-07-17T05:08:49.166796,9,3.221923828125,67.689
2024-07-17T05:08:49.191925,9,3.221923828125,67.689
2024-07-17T05:08:49.217046,9,3.221923828125,67.212
2024-07-17T05:08:49.242189,9,3.221923828125,67.212
2024-07-17T05:08:49.267364,9,3.221923828125,67.212
2024-07-17T05:08:49.292486,9,3.221923828125,67.212
2024-07-17T05:08:49.317607,9,3.221923828125,67.766
2024-07-17T05:08:49.342749,9,3.221923828125,67.766
2024-07-17T05:08:49.367913,9,3.221923828125,67.766
2024-07-17T05:08:49.393024,9,3.221923828125,67.766
2024-07-17T05:08:49.418137,9,3.221923828125,67.211
2024-07-17T05:08:49.443281,9,3.221923828125,67.211
2024-07-17T05:08:49.523275,9,3.221923828125,65.143
2024-07-17T05:08:49.548516,9,3.221923828125,65.143
2024-07-17T05:08:49.573733,9,3.221923828125,65.143
2024-07-17T05:08:49.598907,9,3.221923828125,65.143
2024-07-17T05:08:49.624080,9,3.221923828125,66.533
2024-07-17T05:08:49.649213,9,3.221923828125,66.533
2024-07-17T05:08:49.674338,9,3.221923828125,66.533
2024-07-17T05:08:49.699471,9,3.221923828125,66.533
2024-07-17T05:08:49.724583,9,3.221923828125,67.334
2024-07-17T05:08:49.749707,5,3.221923828125,67.334
2024-07-17T05:08:49.774830,5,3.221923828125,67.334
2024-07-17T05:08:49.799958,5,3.221923828125,67.334
2024-07-17T05:08:49.825140,5,3.221923828125,67.334
2024-07-17T05:08:49.850251,5,3.221923828125,66.626
2024-07-17T05:08:49.875404,5,3.221923828125,66.626
2024-07-17T05:08:49.900526,5,3.221923828125,66.626
2024-07-17T05:08:49.925638,5,3.221923828125,67.405
2024-07-17T05:08:49.950749,5,3.221923828125,67.405
2024-07-17T05:08:49.975859,8,3.221923828125,67.405
2024-07-17T05:08:50.000992,8,3.221923828125,67.405
2024-07-17T05:08:50.026105,8,3.221923828125,67.405
2024-07-17T05:08:50.051218,8,3.221923828125,66.841
2024-07-17T05:08:50.076388,8,3.221923828125,66.841
2024-07-17T05:08:50.101564,8,3.221923828125,66.841
2024-07-17T05:08:50.126676,8,3.221923828125,67.665
2024-07-17T05:08:50.151802,8,3.221923828125,67.665
2024-07-17T05:08:50.176947,9,3.221923828125,67.665
2024-07-17T05:08:50.202069,9,3.221923828125,67.665
2024-07-17T05:08:50.227225,9,3.221923828125,67.665
2024-07-17T05:08:50.252378,9,3.221923828125,66.803
2024-07-17T05:08:50.277519,9,3.221923828125,66.803
2024-07-17T05:08:50.302632,9,3.221923828125,66.803
2024-07-17T05:08:50.327770,9,3.221923828125,66.803
2024-07-17T05:08:50.352890,9,3.221923828125,67.612
2024-07-17T05:08:50.378000,9,3.221923828125,67.612
2024-07-17T05:08:50.403129,9,3.221923828125,67.612
2024-07-17T05:08:50.428240,9,3.221923828125,67.612
2024-07-17T05:08:50.453362,9,3.221923828125,66.938
2024-07-17T05:08:50.478488,9,3.221923828125,66.938
2024-07-17T05:08:50.503663,9,3.221923828125,66.938
2024-07-17T05:08:50.528836,9,3.221923828125,66.938
2024-07-17T05:08:50.553950,9,3.221923828125,66.938
2024-07-17T05:08:50.579070,9,3.221923828125,67.754
2024-07-17T05:08:50.604203,9,3.221923828125,67.754
2024-07-17T05:08:50.629351,9,3.221923828125,67.754
2024-07-17T05:08:50.654526,9,3.221923828125,67.106
2024-07-17T05:08:50.679646,9,3.221923828125,67.106
2024-07-17T05:08:50.704759,9,3.221923828125,67.106
2024-07-17T05:08:50.729935,9,3.221923828125,67.106
2024-07-17T05:08:50.755053,9,3.221923828125,67.733
2024-07-17T05:08:50.780200,9,3.221923828125,67.733
2024-07-17T05:08:50.805321,9,3.221923828125,67.733
2024-07-17T05:08:50.830432,9,3.221923828125,67.733
2024-07-17T05:08:50.855561,9,3.221923828125,67.733
2024-07-17T05:08:50.880735,9,3.221923828125,66.824
2024-07-17T05:08:50.905916,9,3.221923828125,66.824
2024-07-17T05:08:50.931114,9,3.221923828125,66.824
2024-07-17T05:08:50.956233,9,3.221923828125,68.031
2024-07-17T05:08:50.981368,9,3.221923828125,68.031
2024-07-17T05:08:51.006490,9,3.221923828125,68.031
2024-07-17T05:08:51.031610,9,3.221923828125,68.031
2024-07-17T05:08:51.056722,9,3.221923828125,68.031
2024-07-17T05:08:51.081872,9,3.221923828125,67.683
2024-07-17T05:08:51.106994,9,3.221923828125,67.683
2024-07-17T05:08:51.132122,9,3.221923828125,67.683
2024-07-17T05:08:51.157234,9,3.221923828125,67.683
2024-07-17T05:08:51.182404,9,3.221923828125,67.683
2024-07-17T05:08:51.207523,9,3.221923828125,67.683
2024-07-17T05:08:51.232688,9,3.221923828125,67.683
2024-07-17T05:08:51.257819,9,3.221923828125,67.683
2024-07-17T05:08:51.282932,9,3.221923828125,67.941
2024-07-17T05:08:51.308058,9,3.221923828125,67.941
2024-07-17T05:08:51.333194,9,3.221923828125,67.941
2024-07-17T05:08:51.358360,9,3.221923828125,67.941
2024-07-17T05:08:51.383497,9,3.221923828125,67.941
2024-07-17T05:08:51.408639,9,3.221923828125,67.941
2024-07-17T05:08:51.433751,9,3.221923828125,67.941
2024-07-17T05:08:51.458859,9,3.221923828125,67.941
2024-07-17T05:08:51.484034,9,3.221923828125,67.431
2024-07-17T05:08:51.509205,9,3.221923828125,67.431
2024-07-17T05:08:51.534364,9,3.221923828125,67.431
2024-07-17T05:08:51.559488,9,3.221923828125,67.431
2024-07-17T05:08:51.584607,9,3.221923828125,67.431
2024-07-17T05:08:51.609717,9,3.221923828125,67.431
2024-07-17T05:08:51.634829,9,3.221923828125,67.431
2024-07-17T05:08:51.659954,9,3.221923828125,67.431
2024-07-17T05:08:51.685113,9,3.221923828125,67.431
2024-07-17T05:08:51.710248,9,3.221923828125,66.796
2024-07-17T05:08:51.735359,9,3.221923828125,66.796
2024-07-17T05:08:51.760521,9,3.221923828125,66.796
2024-07-17T05:08:51.785685,9,3.221923828125,67.405
2024-07-17T05:08:51.810805,9,3.221923828125,67.405
2024-07-17T05:08:51.835932,9,3.221923828125,67.405
2024-07-17T05:08:51.861041,9,3.221923828125,67.405
2024-07-17T05:08:51.886193,9,3.221923828125,67.405
2024-07-17T05:08:51.911312,9,3.221923828125,66.99
2024-07-17T05:08:51.936424,9,3.221923828125,66.99
2024-07-17T05:08:51.961558,9,3.221923828125,66.99
2024-07-17T05:08:51.986732,9,3.221923828125,67.511
2024-07-17T05:08:52.011855,9,3.221923828125,67.511
2024-07-17T05:08:52.036979,9,3.221923828125,67.511
2024-07-17T05:08:52.062100,9,3.221923828125,67.511
2024-07-17T05:08:52.087220,9,3.221923828125,67.511
2024-07-17T05:08:52.112334,9,3.221923828125,66.848
2024-07-17T05:08:52.137469,9,3.221923828125,66.848
2024-07-17T05:08:52.162590,9,3.221923828125,66.848
2024-07-17T05:08:52.187702,9,3.221923828125,67.54
2024-07-17T05:08:52.212825,9,3.221923828125,67.54
2024-07-17T05:08:52.237938,9,3.221923828125,67.54
2024-07-17T05:08:52.263051,9,3.221923828125,67.54
2024-07-17T05:08:52.288188,9,3.221923828125,67.54
2024-07-17T05:08:52.313365,9,3.221923828125,66.9
2024-07-17T05:08:52.338486,9,3.221923828125,66.9
2024-07-17T05:08:52.363599,9,3.221923828125,66.9
2024-07-17T05:08:52.388724,9,3.221923828125,66.9
2024-07-17T05:08:52.413889,9,3.221923828125,67.592
2024-07-17T05:08:52.439014,9,3.221923828125,67.592
2024-07-17T05:08:52.464137,9,3.221923828125,67.592
2024-07-17T05:08:52.489277,9,3.221923828125,67.592
2024-07-17T05:08:52.514399,9,3.221923828125,66.972
2024-07-17T05:08:52.539511,9,3.221923828125,66.972
2024-07-17T05:08:52.564710,9,3.221923828125,66.972
2024-07-17T05:08:52.589866,9,3.221923828125,66.972
2024-07-17T05:08:52.614976,9,3.221923828125,67.665
2024-07-17T05:08:52.640169,9,3.221923828125,67.665
2024-07-17T05:08:52.665290,9,3.221923828125,67.665
2024-07-17T05:08:52.690416,9,3.221923828125,67.665
2024-07-17T05:08:52.715547,9,3.221923828125,67.665
2024-07-17T05:08:52.740677,9,3.221923828125,66.972
2024-07-17T05:08:52.765803,9,3.221923828125,66.972
2024-07-17T05:08:52.790925,9,3.221923828125,66.972
2024-07-17T05:08:52.816046,9,3.221923828125,67.721
2024-07-17T05:08:52.841157,9,3.221923828125,67.721
2024-07-17T05:08:52.866281,8,3.221923828125,67.721
2024-07-17T05:08:52.891401,8,3.221923828125,67.721
2024-07-17T05:08:52.916552,8,3.221923828125,67.721
2024-07-17T05:08:52.941663,8,3.221923828125,67.21
2024-07-17T05:08:52.966787,8,3.221923828125,67.21
2024-07-17T05:08:52.991859,8,3.221923828125,67.21
2024-07-17T05:08:53.017028,8,3.221923828125,67.807
2024-07-17T05:08:53.042138,8,3.221923828125,67.807
2024-07-17T05:08:53.067262,9,3.221923828125,67.807
2024-07-17T05:08:53.092381,9,3.221923828125,67.807
2024-07-17T05:08:53.117514,9,3.221923828125,67.807
2024-07-17T05:08:53.142649,9,3.221923828125,67.353
2024-07-17T05:08:53.167781,9,3.221923828125,67.353
2024-07-17T05:08:53.192889,9,3.221923828125,67.353
2024-07-17T05:08:53.218102,9,3.221923828125,67.818
2024-07-17T05:08:53.243225,9,3.221923828125,67.818
2024-07-17T05:08:53.268357,9,3.221923828125,67.818
2024-07-17T05:08:53.293488,9,3.221923828125,67.818
2024-07-17T05:08:53.318599,9,3.221923828125,67.818
2024-07-17T05:08:53.343760,9,3.221923828125,67.147
2024-07-17T05:08:53.368860,9,3.221923828125,67.147
2024-07-17T05:08:53.393985,9,3.221923828125,67.147
2024-07-17T05:08:53.419097,9,3.221923828125,67.147
2024-07-17T05:08:53.444208,9,3.221923828125,66.734
2024-07-17T05:08:53.469380,9,3.221923828125,66.734
2024-07-17T05:08:53.494519,9,3.221923828125,66.734
2024-07-17T05:08:53.519655,9,3.221923828125,66.734
2024-07-17T05:08:53.544768,9,3.221923828125,67.237
2024-07-17T05:08:53.569859,9,3.221923828125,67.237
2024-07-17T05:08:53.594976,9,3.221923828125,67.237
2024-07-17T05:08:53.620088,9,3.221923828125,67.237
2024-07-17T05:08:53.645208,9,3.221923828125,66.919
2024-07-17T05:08:53.670357,9,3.221923828125,66.919
2024-07-17T05:08:53.695515,9,3.221923828125,66.919
2024-07-17T05:08:53.720626,9,3.221923828125,66.919
2024-07-17T05:08:53.745766,9,3.221923828125,66.919
2024-07-17T05:08:53.770871,9,3.221923828125,67.638
2024-07-17T05:08:53.796052,9,3.221923828125,67.638
2024-07-17T05:08:53.821171,9,3.221923828125,67.638
2024-07-17T05:08:53.846301,9,3.221923828125,66.751
2024-07-17T05:08:53.871422,9,3.221923828125,66.751
2024-07-17T05:08:53.896606,9,3.221923828125,66.751
2024-07-17T05:08:53.921729,9,3.221923828125,66.751
2024-07-17T05:08:53.946867,9,3.221923828125,66.751
2024-07-17T05:08:53.971997,9,3.221923828125,67.488
2024-07-17T05:08:53.997140,9,3.221923828125,67.488
2024-07-17T05:08:54.022291,9,3.221923828125,67.488
2024-07-17T05:08:54.047442,9,3.221923828125,66.821
2024-07-17T05:08:54.072553,9,3.221923828125,66.821
2024-07-17T05:08:54.097712,9,3.221923828125,66.821
2024-07-17T05:08:54.122841,9,3.221923828125,66.821
2024-07-17T05:08:54.147983,9,3.221923828125,66.821
2024-07-17T05:08:54.173119,9,3.221923828125,67.71
2024-07-17T05:08:54.198241,9,3.221923828125,67.71
2024-07-17T05:08:54.223370,9,3.221923828125,67.71
2024-07-17T05:08:54.248492,9,3.221923828125,67.71
2024-07-17T05:08:54.273604,9,3.221923828125,66.972
2024-07-17T05:08:54.298742,9,3.221923828125,66.972
2024-07-17T05:08:54.323870,9,3.221923828125,66.972
2024-07-17T05:08:54.348982,9,3.221923828125,66.972
2024-07-17T05:08:54.374095,9,3.221923828125,67.458
2024-07-17T05:08:54.399207,9,3.221923828125,67.458
2024-07-17T05:08:54.424327,9,3.221923828125,67.458
2024-07-17T05:08:54.449473,9,3.221923828125,67.458
2024-07-17T05:08:54.474599,9,3.221923828125,67.21
2024-07-17T05:08:54.499728,9,3.221923828125,67.21
2024-07-17T05:08:54.524917,9,3.221923828125,67.21
2024-07-17T05:08:54.550069,9,3.221923828125,67.21
2024-07-17T05:08:54.575179,9,3.221923828125,67.916
2024-07-17T05:08:54.600290,9,3.221923828125,67.916
2024-07-17T05:08:54.625403,9,3.221923828125,67.916
2024-07-17T05:08:54.650527,9,3.221923828125,67.916
2024-07-17T05:08:54.675676,9,3.221923828125,67.069
2024-07-17T05:08:54.700823,9,3.221923828125,67.069
2024-07-17T05:08:54.725937,9,3.221923828125,67.069
2024-07-17T05:08:54.751047,9,3.221923828125,67.069
2024-07-17T05:08:54.776178,9,3.221923828125,67.069
2024-07-17T05:08:54.801290,9,3.221923828125,67.774
2024-07-17T05:08:54.826403,9,3.221923828125,67.774
2024-07-17T05:08:54.851515,9,3.221923828125,67.774
2024-07-17T05:08:54.876647,9,3.221923828125,67.599
2024-07-17T05:08:54.901773,9,3.221923828125,67.599
2024-07-17T05:08:54.926894,9,3.221923828125,67.599
2024-07-17T05:08:54.952005,9,3.221923828125,67.599
2024-07-17T05:08:54.977128,9,3.221923828125,67.599
2024-07-17T05:08:55.002259,9,3.221923828125,67.166
2024-07-17T05:08:55.027398,9,3.221923828125,67.166
2024-07-17T05:08:55.052525,9,3.221923828125,67.166
2024-07-17T05:08:55.077637,9,3.221923828125,67.166
2024-07-17T05:08:55.102772,9,3.221923828125,67.166
2024-07-17T05:08:55.127860,9,3.221923828125,67.166
2024-07-17T05:08:55.152973,9,3.221923828125,67.166
2024-07-17T05:08:55.178126,9,3.221923828125,67.166
2024-07-17T05:08:55.203247,9,3.221923828125,67.308
2024-07-17T05:08:55.228368,9,3.221923828125,67.308
2024-07-17T05:08:55.253479,9,3.221923828125,67.308
2024-07-17T05:08:55.278661,9,3.221923828125,67.308
2024-07-17T05:08:55.303831,9,3.221923828125,67.308
2024-07-17T05:08:55.328957,9,3.221923828125,67.308
2024-07-17T05:08:55.354068,9,3.221923828125,67.308
2024-07-17T05:08:55.379200,9,3.221923828125,67.308
2024-07-17T05:08:55.404324,9,3.221923828125,67.54
2024-07-17T05:08:55.429448,9,3.221923828125,67.54
2024-07-17T05:08:55.454625,9,3.221923828125,67.54
2024-07-17T05:08:55.479793,9,3.221923828125,67.54
2024-07-17T05:08:55.504962,9,3.221923828125,67.54
2024-07-17T05:08:55.530074,9,3.221923828125,67.54
2024-07-17T05:08:55.555185,9,3.221923828125,67.54
2024-07-17T05:08:55.580319,9,3.221923828125,67.54
2024-07-17T05:08:55.605526,9,3.221923828125,67.54
2024-07-17T05:08:55.630646,9,3.221923828125,67.405
2024-07-17T05:08:55.655766,9,3.221923828125,67.405
2024-07-17T05:08:55.680894,9,3.221923828125,67.405
2024-07-17T05:08:55.706092,9,3.221923828125,66.824
2024-07-17T05:08:55.731213,9,3.221923828125,66.824
2024-07-17T05:08:55.756323,9,3.221923828125,66.824
2024-07-17T05:08:55.781495,9,3.221923828125,66.824
2024-07-17T05:08:55.806607,9,3.221923828125,66.824
2024-07-17T05:08:55.831757,9,3.221923828125,67.747
2024-07-17T05:08:55.856858,9,3.221923828125,67.747
2024-07-17T05:08:55.882037,9,3.221923828125,67.747
2024-07-17T05:08:55.907149,9,3.221923828125,66.9
2024-07-17T05:08:55.932296,9,3.221923828125,66.9
2024-07-17T05:08:55.957407,9,3.221923828125,66.9
2024-07-17T05:08:55.982519,9,3.221923828125,66.9
2024-07-17T05:08:56.007657,9,3.221923828125,66.9
2024-07-17T05:08:56.032777,9,3.221923828125,67.476
2024-07-17T05:08:56.057859,9,3.221923828125,67.476
2024-07-17T05:08:56.082982,9,3.221923828125,67.476
2024-07-17T05:08:56.108103,9,3.221923828125,66.824
2024-07-17T05:08:56.133235,9,3.221923828125,66.824
2024-07-17T05:08:56.158348,9,3.221923828125,66.824
2024-07-17T05:08:56.183485,9,3.221923828125,66.824
2024-07-17T05:08:56.208610,9,3.221923828125,66.824
2024-07-17T05:08:56.233736,9,3.221923828125,67.529
2024-07-17T05:08:56.258891,9,3.221923828125,67.529
2024-07-17T05:08:56.284011,9,3.221923828125,67.529
2024-07-17T05:08:56.309132,9,3.221923828125,67.529
2024-07-17T05:08:56.334254,9,3.221923828125,67.016
2024-07-17T05:08:56.359399,9,3.221923828125,67.016
2024-07-17T05:08:56.384560,9,3.221923828125,67.016
2024-07-17T05:08:56.409685,9,3.221923828125,67.016
2024-07-17T05:08:56.434857,9,3.221923828125,67.766
2024-07-17T05:08:56.460015,9,3.221923828125,67.766
2024-07-17T05:08:56.485112,9,3.221923828125,67.766
2024-07-17T05:08:56.510231,9,3.221923828125,67.766
2024-07-17T05:08:56.535350,9,3.221923828125,67.766
2024-07-17T05:08:56.560475,9,3.221923828125,67.236
2024-07-17T05:08:56.585594,9,3.221923828125,67.236
2024-07-17T05:08:56.610706,9,3.221923828125,67.236
2024-07-17T05:08:56.635819,9,3.221923828125,67.774
2024-07-17T05:08:56.660946,9,3.221923828125,67.774
2024-07-17T05:08:56.686058,9,3.221923828125,67.774
2024-07-17T05:08:56.711188,9,3.221923828125,67.774
2024-07-17T05:08:56.736325,9,3.221923828125,67.405
2024-07-17T05:08:56.761448,9,3.221923828125,67.405
2024-07-17T05:08:56.786566,8,3.221923828125,67.405
2024-07-17T05:08:56.811766,8,3.221923828125,67.405
2024-07-17T05:08:56.836859,8,3.221923828125,67.405
2024-07-17T05:08:56.861993,8,3.221923828125,67.832
2024-07-17T05:08:56.887121,8,3.221923828125,67.832
2024-07-17T05:08:56.912232,8,3.221923828125,67.832
2024-07-17T05:08:56.937371,8,3.221923828125,67.352
2024-07-17T05:08:56.962495,8,3.221923828125,67.352
2024-07-17T05:08:56.987609,9,3.221923828125,67.352
2024-07-17T05:08:57.012753,9,3.221923828125,67.352
2024-07-17T05:08:57.037859,9,3.221923828125,67.352
2024-07-17T05:08:57.063017,9,3.221923828125,67.909
2024-07-17T05:08:57.088194,9,3.221923828125,67.909
2024-07-17T05:08:57.113376,9,3.221923828125,67.909
2024-07-17T05:08:57.138506,9,3.221923828125,67.909
2024-07-17T05:08:57.163640,9,3.221923828125,67.405
2024-07-17T05:08:57.188753,9,3.221923828125,67.405
2024-07-17T05:08:57.213860,9,3.221923828125,67.405
2024-07-17T05:08:57.238999,9,3.221923828125,67.405
2024-07-17T05:08:57.264160,9,3.221923828125,66.611
2024-07-17T05:08:57.289295,9,3.221923828125,66.611
2024-07-17T05:08:57.314421,9,3.221923828125,66.611
2024-07-17T05:08:57.339532,9,3.221923828125,66.611
2024-07-17T05:08:57.364667,9,3.221923828125,67.431
2024-07-17T05:08:57.389778,9,3.221923828125,67.431
2024-07-17T05:08:57.414894,9,3.221923828125,67.431
2024-07-17T05:08:57.440049,9,3.221923828125,67.431
2024-07-17T05:08:57.465185,9,3.221923828125,67.431
2024-07-17T05:08:57.490343,9,3.221923828125,66.875
2024-07-17T05:08:57.515504,9,3.221923828125,66.875
2024-07-17T05:08:57.540614,9,3.221923828125,66.875
2024-07-17T05:08:57.565816,9,3.221923828125,66.875
2024-07-17T05:08:57.590947,9,3.221923828125,67.482
2024-07-17T05:08:57.616083,9,3.221923828125,67.482
2024-07-17T05:08:57.641230,9,3.221923828125,67.482
2024-07-17T05:08:57.666342,9,3.221923828125,66.893
2024-07-17T05:08:57.691512,9,3.221923828125,66.893
2024-07-17T05:08:57.716679,9,3.221923828125,66.893
2024-07-17T05:08:57.741820,9,3.221923828125,66.893
2024-07-17T05:08:57.766978,9,3.221923828125,67.573
2024-07-17T05:08:57.792101,9,3.221923828125,67.573
2024-07-17T05:08:57.817224,9,3.221923828125,67.573
2024-07-17T05:08:57.842336,9,3.221923828125,67.573
2024-07-17T05:08:57.867477,9,3.221923828125,67.573
2024-07-17T05:08:57.892643,9,3.221923828125,66.982
2024-07-17T05:08:57.917766,9,3.221923828125,66.982
2024-07-17T05:08:57.942923,9,3.221923828125,66.982
2024-07-17T05:08:57.968052,9,3.221923828125,67.638
2024-07-17T05:08:57.993191,9,3.221923828125,67.638
2024-07-17T05:08:58.018303,9,3.221923828125,67.638
2024-07-17T05:08:58.043455,9,3.221923828125,67.638
2024-07-17T05:08:58.068566,9,3.221923828125,67.638
2024-07-17T05:08:58.093690,9,3.221923828125,66.945
2024-07-17T05:08:58.118881,9,3.221923828125,66.945
2024-07-17T05:08:58.144002,9,3.221923828125,66.945
2024-07-17T05:08:58.169133,9,3.221923828125,66.945
2024-07-17T05:08:58.194245,9,3.221923828125,67.734
2024-07-17T05:08:58.219376,9,3.221923828125,67.734
2024-07-17T05:08:58.244534,9,3.221923828125,67.734
2024-07-17T05:08:58.269646,9,3.221923828125,67.734
2024-07-17T05:08:58.294780,9,3.221923828125,67.734
2024-07-17T05:08:58.319871,9,3.221923828125,66.99
2024-07-17T05:08:58.345015,9,3.221923828125,66.99
2024-07-17T05:08:58.370138,9,3.221923828125,66.99
2024-07-17T05:08:58.395283,9,3.221923828125,67.915
2024-07-17T05:08:58.420416,9,3.221923828125,67.915
2024-07-17T05:08:58.445528,9,3.221923828125,67.915
2024-07-17T05:08:58.470652,9,3.221923828125,67.915
2024-07-17T05:08:58.495823,9,3.221923828125,67.263
2024-07-17T05:08:58.520937,9,3.221923828125,67.263
2024-07-17T05:08:58.546073,9,3.221923828125,67.263
2024-07-17T05:08:58.571184,9,3.221923828125,67.263
2024-07-17T05:08:58.596368,9,3.221923828125,67.774
2024-07-17T05:08:58.621479,9,3.221923828125,67.774
2024-07-17T05:08:58.646612,9,3.221923828125,67.774
2024-07-17T05:08:58.671737,9,3.221923828125,67.774
2024-07-17T05:08:58.696869,9,3.221923828125,67.774
2024-07-17T05:08:58.721980,9,3.221923828125,67.352
2024-07-17T05:08:58.747183,9,3.221923828125,67.352
2024-07-17T05:08:58.772336,9,3.221923828125,67.352
2024-07-17T05:08:58.797455,9,3.221923828125,68.038
2024-07-17T05:08:58.822567,9,3.221923828125,68.038
2024-07-17T05:08:58.847739,9,3.221923828125,68.038
2024-07-17T05:08:58.872873,9,3.221923828125,68.038
2024-07-17T05:08:58.897983,9,3.221923828125,68.038
2024-07-17T05:08:58.923124,9,3.221923828125,67.708
2024-07-17T05:08:58.948249,9,3.221923828125,67.708
2024-07-17T05:08:58.973369,9,3.221923828125,67.708
2024-07-17T05:08:58.998499,9,3.221923828125,67.708
2024-07-17T05:08:59.023651,9,3.221923828125,67.708
2024-07-17T05:08:59.048763,9,3.221923828125,67.708
2024-07-17T05:08:59.073860,9,3.221923828125,67.708
2024-07-17T05:08:59.098982,9,3.221923828125,67.708
2024-07-17T05:08:59.124176,9,3.221923828125,66.751
2024-07-17T05:08:59.149307,9,3.221923828125,66.751
2024-07-17T05:08:59.174425,9,3.221923828125,66.751
2024-07-17T05:08:59.199560,9,3.221923828125,66.751
2024-07-17T05:08:59.224685,9,3.221923828125,66.751
2024-07-17T05:08:59.249809,9,3.221923828125,66.751
2024-07-17T05:08:59.274924,9,3.221923828125,66.751
2024-07-17T05:08:59.300044,9,3.221923828125,66.751
2024-07-17T05:08:59.325156,9,3.221923828125,66.751
2024-07-17T05:08:59.350296,9,3.221923828125,66.821
2024-07-17T05:08:59.375442,9,3.221923828125,66.821
2024-07-17T05:08:59.400590,9,3.221923828125,66.821
2024-07-17T05:08:59.425712,9,3.221923828125,67.665
2024-07-17T05:08:59.450832,9,3.221923828125,67.665
2024-07-17T05:08:59.475971,9,3.221923828125,67.665
2024-07-17T05:08:59.501083,9,3.221923828125,67.665
2024-07-17T05:08:59.526223,9,3.221923828125,66.945
2024-07-17T05:08:59.551383,9,3.221923828125,66.945
2024-07-17T05:08:59.576506,9,3.221923828125,66.945
2024-07-17T05:08:59.601658,9,3.221923828125,66.945
2024-07-17T05:08:59.626856,9,3.221923828125,67.424
2024-07-17T05:08:59.651987,9,3.221923828125,67.424
2024-07-17T05:08:59.677111,9,3.221923828125,67.424
2024-07-17T05:08:59.702238,9,3.221923828125,67.424
2024-07-17T05:08:59.727359,9,3.221923828125,67.424
2024-07-17T05:08:59.752470,9,3.221923828125,66.919
2024-07-17T05:08:59.777657,9,3.221923828125,66.919
2024-07-17T05:08:59.802785,9,3.221923828125,66.919
2024-07-17T05:08:59.827869,9,3.221923828125,67.612
2024-07-17T05:08:59.853025,9,3.221923828125,67.612
2024-07-17T05:08:59.878160,9,3.221923828125,67.612
2024-07-17T05:08:59.903328,9,3.221923828125,67.612
2024-07-17T05:08:59.928440,9,3.221923828125,67.612
2024-07-17T05:08:59.953580,9,3.221923828125,67.035
2024-07-17T05:08:59.978719,9,3.221923828125,67.035
2024-07-17T05:09:00.003838,9,3.221923828125,67.035
2024-07-17T05:09:00.028967,9,3.221923828125,67.035
2024-07-17T05:09:00.054080,9,3.221923828125,67.54
2024-07-17T05:09:00.079226,9,3.221923828125,67.54
2024-07-17T05:09:00.104337,9,3.221923828125,67.54
2024-07-17T05:09:00.129470,9,3.221923828125,67.54
2024-07-17T05:09:00.154582,9,3.221923828125,67.016
2024-07-17T05:09:00.179695,9,3.221923828125,67.016
2024-07-17T05:09:00.204849,9,3.221923828125,67.016
2024-07-17T05:09:00.229959,9,3.221923828125,67.016
2024-07-17T05:09:00.255084,9,3.221923828125,67.799
2024-07-17T05:09:00.280212,9,3.221923828125,67.799
2024-07-17T05:09:00.305387,9,3.221923828125,67.799
2024-07-17T05:09:00.330498,9,3.221923828125,67.799
2024-07-17T05:09:00.355620,9,3.221923828125,67.799
2024-07-17T05:09:00.380737,9,3.221923828125,67.089
2024-07-17T05:09:00.405860,9,3.221923828125,67.089
2024-07-17T05:09:00.430984,9,3.221923828125,67.089
2024-07-17T05:09:00.456094,9,3.221923828125,67.735
2024-07-17T05:09:00.481206,8,3.221923828125,67.735
2024-07-17T05:09:00.506355,8,3.221923828125,67.735
2024-07-17T05:09:00.531467,8,3.221923828125,67.735
2024-07-17T05:09:00.556633,8,3.221923828125,67.385
2024-07-17T05:09:00.581786,8,3.221923828125,67.385
2024-07-17T05:09:00.606913,8,3.221923828125,67.385
2024-07-17T05:09:00.632039,8,3.221923828125,67.385
2024-07-17T05:09:00.657151,8,3.221923828125,67.799
2024-07-17T05:09:00.682263,8,3.221923828125,67.799
2024-07-17T05:09:00.707424,9,3.221923828125,67.799
2024-07-17T05:09:00.732577,9,3.221923828125,67.799
2024-07-17T05:09:00.757709,9,3.221923828125,67.799
2024-07-17T05:09:00.782856,9,3.221923828125,67.309
2024-07-17T05:09:00.808034,9,3.221923828125,67.309
2024-07-17T05:09:00.833155,9,3.221923828125,67.309
2024-07-17T05:09:00.858268,9,3.221923828125,68.135
2024-07-17T05:09:00.883379,9,3.221923828125,68.135
2024-07-17T05:09:00.908492,8,3.221923828125,68.135
2024-07-17T05:09:00.933623,8,3.221923828125,68.135
2024-07-17T05:09:00.958757,8,3.221923828125,68.135
2024-07-17T05:09:00.983860,8,3.221923828125,67.21
2024-07-17T05:09:01.008973,8,3.221923828125,67.21
2024-07-17T05:09:01.034085,8,3.221923828125,67.21
2024-07-17T05:09:01.059208,8,3.221923828125,67.21
2024-07-17T05:09:01.084334,8,3.221923828125,66.943
2024-07-17T05:09:01.109487,9,3.221923828125,66.943
2024-07-17T05:09:01.134613,9,3.221923828125,66.943
2024-07-17T05:09:01.159735,9,3.221923828125,66.943
2024-07-17T05:09:01.184868,9,3.221923828125,67.431
2024-07-17T05:09:01.209985,9,3.221923828125,67.431
2024-07-17T05:09:01.235113,9,3.221923828125,67.431
2024-07-17T05:09:01.260236,9,3.221923828125,67.431
2024-07-17T05:09:01.285359,9,3.221923828125,66.875
2024-07-17T05:09:01.310517,9,3.221923828125,66.875
2024-07-17T05:09:01.335641,9,3.221923828125,66.875
2024-07-17T05:09:01.360783,9,3.221923828125,66.875
2024-07-17T05:09:01.385859,9,3.221923828125,66.875
2024-07-17T05:09:01.410969,9,3.221923828125,67.386
2024-07-17T05:09:01.436144,9,3.221923828125,67.386
2024-07-17T05:09:01.461254,9,3.221923828125,67.386
2024-07-17T05:09:01.486413,9,3.221923828125,66.724
2024-07-17T05:09:01.511523,9,3.221923828125,66.724
2024-07-17T05:09:01.536648,9,3.221923828125,66.724
2024-07-17T05:09:01.561769,9,3.221923828125,66.724
2024-07-17T05:09:01.586880,9,3.221923828125,67.529
2024-07-17T05:09:01.611999,9,3.221923828125,67.529
2024-07-17T05:09:01.637134,9,3.221923828125,67.529
2024-07-17T05:09:01.662260,9,3.221923828125,67.529
2024-07-17T05:09:01.687386,9,3.221923828125,66.875
2024-07-17T05:09:01.712507,9,3.221923828125,66.875
2024-07-17T05:09:01.737628,9,3.221923828125,66.875
2024-07-17T05:09:01.762741,9,3.221923828125,66.875
2024-07-17T05:09:01.787869,9,3.221923828125,66.875
2024-07-17T05:09:01.813013,9,3.221923828125,67.683
2024-07-17T05:09:01.838198,9,3.221923828125,67.683
2024-07-17T05:09:01.863309,9,3.221923828125,67.683
2024-07-17T05:09:01.888453,9,3.221923828125,67.113
2024-07-17T05:09:01.913600,9,3.221923828125,67.113
2024-07-17T05:09:01.938729,9,3.221923828125,67.113
2024-07-17T05:09:01.963872,9,3.221923828125,67.113
2024-07-17T05:09:01.988982,9,3.221923828125,67.113
2024-07-17T05:09:02.014113,9,3.221923828125,67.766
2024-07-17T05:09:02.039238,9,3.221923828125,67.766
2024-07-17T05:09:02.064361,9,3.221923828125,67.766
2024-07-17T05:09:02.089490,9,3.221923828125,67.766
2024-07-17T05:09:02.114660,9,3.221923828125,66.928
2024-07-17T05:09:02.139812,9,3.221923828125,66.928
2024-07-17T05:09:02.164936,9,3.221923828125,66.928
2024-07-17T05:09:02.190085,9,3.221923828125,66.928
2024-07-17T05:09:02.215204,9,3.221923828125,67.677
2024-07-17T05:09:02.240326,9,3.221923828125,67.677
2024-07-17T05:09:02.265498,9,3.221923828125,67.677
2024-07-17T05:09:02.290609,9,3.221923828125,67.677
2024-07-17T05:09:02.315722,9,3.221923828125,67.332
2024-07-17T05:09:02.340835,9,3.221923828125,67.332
2024-07-17T05:09:02.365950,9,3.221923828125,67.332
2024-07-17T05:09:02.391086,9,3.221923828125,67.332
2024-07-17T05:09:02.416236,9,3.221923828125,67.332
2024-07-17T05:09:02.441361,9,3.221923828125,67.96
2024-07-17T05:09:02.466526,9,3.221923828125,67.96
2024-07-17T05:09:02.554794,9,3.221923828125,67.515
2024-07-17T05:09:02.580001,9,3.221923828125,67.515
2024-07-17T05:09:02.605146,9,3.221923828125,67.515
2024-07-17T05:09:02.630262,9,3.221923828125,64.304
2024-07-17T05:09:02.655442,9,3.221923828125,64.304
2024-07-17T05:09:02.680569,9,3.221923828125,64.304
2024-07-17T05:09:02.705735,9,3.221923828125,64.304
2024-07-17T05:09:02.730913,9,3.221923828125,68.013
2024-07-17T05:09:02.756066,5,3.221923828125,68.013
2024-07-17T05:09:02.781206,5,3.221923828125,68.013
2024-07-17T05:09:02.806394,5,3.221923828125,68.013
2024-07-17T05:09:02.831504,5,3.221923828125,68.013
2024-07-17T05:09:02.856616,5,3.221923828125,66.726
2024-07-17T05:09:02.881728,5,3.221923828125,66.726
2024-07-17T05:09:02.906839,5,3.221923828125,66.726
2024-07-17T05:09:02.931955,5,3.221923828125,66.726
2024-07-17T05:09:02.957087,8,3.221923828125,66.726
2024-07-17T05:09:02.982209,8,3.221923828125,66.726
2024-07-17T05:09:03.007393,8,3.221923828125,66.726
2024-07-17T05:09:03.032546,8,3.221923828125,66.726
2024-07-17T05:09:03.057657,8,3.221923828125,66.748
2024-07-17T05:09:03.082769,8,3.221923828125,66.748
2024-07-17T05:09:03.107867,8,3.221923828125,66.748
2024-07-17T05:09:03.132979,8,3.221923828125,66.748
2024-07-17T05:09:03.158101,8,3.221923828125,66.748
2024-07-17T05:09:03.183224,8,3.221923828125,66.748
2024-07-17T05:09:03.208393,8,3.221923828125,66.748
2024-07-17T05:09:03.233578,8,3.221923828125,66.748
2024-07-17T05:09:03.258740,8,3.221923828125,66.751
2024-07-17T05:09:03.283912,8,3.221923828125,66.751
2024-07-17T05:09:03.309056,8,3.221923828125,66.751
2024-07-17T05:09:03.334167,8,3.221923828125,67.689
2024-07-17T05:09:03.359298,8,3.221923828125,67.689
2024-07-17T05:09:03.384431,9,3.221923828125,67.689
2024-07-17T05:09:03.409554,9,3.221923828125,67.689
2024-07-17T05:09:03.434689,9,3.221923828125,67.689
2024-07-17T05:09:03.459808,9,3.221923828125,66.893
2024-07-17T05:09:03.484929,9,3.221923828125,66.893
2024-07-17T05:09:03.510040,9,3.221923828125,66.893
2024-07-17T05:09:03.535151,9,3.221923828125,66.893
2024-07-17T05:09:03.560263,9,3.221923828125,67.638
2024-07-17T05:09:03.585386,9,3.221923828125,67.638
2024-07-17T05:09:03.610516,9,3.221923828125,67.638
2024-07-17T05:09:03.635699,9,3.221923828125,67.638
2024-07-17T05:09:03.660830,9,3.221923828125,66.848
2024-07-17T05:09:03.685955,9,3.221923828125,66.848
2024-07-17T05:09:03.711073,9,3.221923828125,66.848
2024-07-17T05:09:03.736183,9,3.221923828125,66.848
2024-07-17T05:09:03.761329,9,3.221923828125,67.638
2024-07-17T05:09:03.786460,9,3.221923828125,67.638
2024-07-17T05:09:03.811632,9,3.221923828125,67.638
2024-07-17T05:09:03.836779,9,3.221923828125,67.638
2024-07-17T05:09:03.861867,9,3.221923828125,67.638
2024-07-17T05:09:03.887035,9,3.221923828125,66.972
2024-07-17T05:09:03.912169,9,3.221923828125,66.972
2024-07-17T05:09:03.937293,9,3.221923828125,66.972
2024-07-17T05:09:03.962404,9,3.221923828125,67.78
2024-07-17T05:09:03.987572,9,3.221923828125,67.78
2024-07-17T05:09:04.012746,9,3.221923828125,67.78
2024-07-17T05:09:04.037902,9,3.221923828125,67.78
2024-07-17T05:09:04.063021,9,3.221923828125,67.78
2024-07-17T05:09:04.088202,9,3.221923828125,66.997
2024-07-17T05:09:04.113358,9,3.221923828125,66.997
2024-07-17T05:09:04.138481,9,3.221923828125,66.997
2024-07-17T05:09:04.163612,9,3.221923828125,67.779
2024-07-17T05:09:04.188789,9,3.221923828125,67.779
2024-07-17T05:09:04.213859,9,3.221923828125,67.779
2024-07-17T05:09:04.239037,9,3.221923828125,67.779
2024-07-17T05:09:04.264197,9,3.221923828125,67.779
2024-07-17T05:09:04.289308,9,3.221923828125,67.087
2024-07-17T05:09:04.314432,9,3.221923828125,67.087
2024-07-17T05:09:04.339601,9,3.221923828125,67.087
2024-07-17T05:09:04.364723,9,3.221923828125,67.087
2024-07-17T05:09:04.389929,9,3.221923828125,67.844
2024-07-17T05:09:04.415131,9,3.221923828125,67.844
2024-07-17T05:09:04.440256,9,3.221923828125,67.844
2024-07-17T05:09:04.465379,9,3.221923828125,67.844
2024-07-17T05:09:04.490560,9,3.221923828125,67.333
2024-07-17T05:09:04.515685,9,3.221923828125,67.333
2024-07-17T05:09:04.540803,9,3.221923828125,67.333
2024-07-17T05:09:04.565931,9,3.221923828125,67.333
2024-07-17T05:09:04.591067,9,3.221923828125,68.135
2024-07-17T05:09:04.616268,9,3.221923828125,68.135
2024-07-17T05:09:04.641397,9,3.221923828125,68.135
2024-07-17T05:09:04.666533,9,3.221923828125,68.135
2024-07-17T05:09:04.691669,9,3.221923828125,68.135
2024-07-17T05:09:04.716789,9,3.221923828125,67.475
2024-07-17T05:09:04.741912,9,3.221923828125,67.475
2024-07-17T05:09:04.767074,9,3.221923828125,67.475
2024-07-17T05:09:04.792202,9,3.221923828125,66.803
2024-07-17T05:09:04.817314,9,3.221923828125,66.803
2024-07-17T05:09:04.842439,9,3.221923828125,66.803
2024-07-17T05:09:04.867575,9,3.221923828125,66.803
2024-07-17T05:09:04.892731,9,3.221923828125,66.803
2024-07-17T05:09:04.917858,9,3.221923828125,67.36
2024-07-17T05:09:04.942977,9,3.221923828125,67.36
2024-07-17T05:09:04.968108,9,3.221923828125,67.36
2024-07-17T05:09:04.993219,9,3.221923828125,66.831
2024-07-17T05:09:05.018340,9,3.221923828125,66.831
2024-07-17T05:09:05.043464,9,3.221923828125,66.831
2024-07-17T05:09:05.068588,9,3.221923828125,66.831
2024-07-17T05:09:05.093745,9,3.221923828125,66.831
2024-07-17T05:09:05.118880,9,3.221923828125,67.406
2024-07-17T05:09:05.144002,9,3.221923828125,67.406
2024-07-17T05:09:05.169130,9,3.221923828125,67.406
2024-07-17T05:09:05.194253,9,3.221923828125,66.751
2024-07-17T05:09:05.219365,9,3.221923828125,66.751
2024-07-17T05:09:05.244477,9,3.221923828125,66.751
2024-07-17T05:09:05.269618,9,3.221923828125,66.751
2024-07-17T05:09:05.294793,9,3.221923828125,66.751
2024-07-17T05:09:05.319907,9,3.221923828125,67.502
2024-07-17T05:09:05.345028,9,3.221923828125,67.502
2024-07-17T05:09:05.370141,9,3.221923828125,67.502
2024-07-17T05:09:05.395271,9,3.221923828125,67.502
2024-07-17T05:09:05.420414,9,3.221923828125,67.016
2024-07-17T05:09:05.445560,9,3.221923828125,67.016
2024-07-17T05:09:05.470707,9,3.221923828125,67.016
2024-07-17T05:09:05.495839,9,3.221923828125,67.016
2024-07-17T05:09:05.520954,9,3.221923828125,67.819
2024-07-17T05:09:05.546065,9,3.221923828125,67.819
2024-07-17T05:09:05.571185,9,3.221923828125,67.819
2024-07-17T05:09:05.596345,9,3.221923828125,67.819
2024-07-17T05:09:05.621504,9,3.221923828125,66.963
2024-07-17T05:09:05.646630,9,3.221923828125,66.963
2024-07-17T05:09:05.671760,9,3.221923828125,66.963
2024-07-17T05:09:05.696881,9,3.221923828125,66.963
2024-07-17T05:09:05.721999,9,3.221923828125,66.963
2024-07-17T05:09:05.747165,9,3.221923828125,67.69
2024-07-17T05:09:05.772309,9,3.221923828125,67.69
2024-07-17T05:09:05.797444,9,3.221923828125,67.69
2024-07-17T05:09:05.822576,9,3.221923828125,67.113
2024-07-17T05:09:05.847707,9,3.221923828125,67.113
2024-07-17T05:09:05.872819,9,3.221923828125,67.113
2024-07-17T05:09:05.897942,9,3.221923828125,67.113
2024-07-17T05:09:05.923053,9,3.221923828125,67.113
2024-07-17T05:09:05.948165,9,3.221923828125,67.844
2024-07-17T05:09:05.973313,9,3.221923828125,67.844
2024-07-17T05:09:05.998468,9,3.221923828125,67.844
2024-07-17T05:09:06.023638,9,3.221923828125,67.263
2024-07-17T05:09:06.048757,9,3.221923828125,67.263
2024-07-17T05:09:06.073876,9,3.221923828125,67.263
2024-07-17T05:09:06.099014,9,3.221923828125,67.263
2024-07-17T05:09:06.124152,9,3.221923828125,67.263
2024-07-17T05:09:06.149270,9,3.221923828125,67.682
2024-07-17T05:09:06.174401,9,3.221923828125,67.682
2024-07-17T05:09:06.199567,9,3.221923828125,67.682
2024-07-17T05:09:06.224691,9,3.221923828125,67.682
2024-07-17T05:09:06.249858,9,3.221923828125,67.527
2024-07-17T05:09:06.274977,8,3.221923828125,67.527
2024-07-17T05:09:06.300131,8,3.221923828125,67.527
2024-07-17T05:09:06.325276,8,3.221923828125,67.527
2024-07-17T05:09:06.350427,8,3.221923828125,67.237
2024-07-17T05:09:06.375546,8,3.221923828125,67.237
2024-07-17T05:09:06.400667,8,3.221923828125,67.237
2024-07-17T05:09:06.425812,8,3.221923828125,67.237
2024-07-17T05:09:06.450938,8,3.221923828125,67.237
2024-07-17T05:09:06.476068,9,3.221923828125,67.237
2024-07-17T05:09:06.501251,9,3.221923828125,67.237
2024-07-17T05:09:06.526363,9,3.221923828125,67.237
2024-07-17T05:09:06.551561,9,3.221923828125,67.986
2024-07-17T05:09:06.576673,9,3.221923828125,67.986
2024-07-17T05:09:06.601818,9,3.221923828125,67.986
2024-07-17T05:09:06.626944,9,3.221923828125,67.986
2024-07-17T05:09:06.652055,9,3.221923828125,67.611
2024-07-17T05:09:06.677221,9,3.221923828125,67.611
2024-07-17T05:09:06.702389,9,3.221923828125,67.611
2024-07-17T05:09:06.727526,9,3.221923828125,67.611
2024-07-17T05:09:06.752644,9,3.221923828125,67.611
2024-07-17T05:09:06.777755,9,3.221923828125,67.45
2024-07-17T05:09:06.802901,9,3.221923828125,67.45
2024-07-17T05:09:06.828037,9,3.221923828125,67.45
2024-07-17T05:09:06.853169,9,3.221923828125,67.45
2024-07-17T05:09:06.878305,9,3.221923828125,67.45
2024-07-17T05:09:06.903434,8,3.221923828125,67.45
2024-07-17T05:09:06.928557,8,3.221923828125,67.45
2024-07-17T05:09:06.953684,8,3.221923828125,67.45
2024-07-17T05:09:06.978874,8,3.221923828125,67.611
2024-07-17T05:09:07.003986,8,3.221923828125,67.611
2024-07-17T05:09:07.029097,8,3.221923828125,67.611
2024-07-17T05:09:07.054246,8,3.221923828125,66.867
2024-07-17T05:09:07.079366,8,3.221923828125,66.867
2024-07-17T05:09:07.104478,9,3.221923828125,66.867
2024-07-17T05:09:07.129599,9,3.221923828125,66.867
2024-07-17T05:09:07.154736,9,3.221923828125,66.867
2024-07-17T05:09:07.179851,9,3.221923828125,67.631
2024-07-17T05:09:07.204963,9,3.221923828125,67.631
2024-07-17T05:09:07.230104,9,3.221923828125,67.631
2024-07-17T05:09:07.255266,9,3.221923828125,67.631
2024-07-17T05:09:07.280417,9,3.221923828125,66.848
2024-07-17T05:09:07.305527,9,3.221923828125,66.848
2024-07-17T05:09:07.330651,9,3.221923828125,66.848
2024-07-17T05:09:07.355762,9,3.221923828125,66.848
2024-07-17T05:09:07.380859,9,3.221923828125,67.599
2024-07-17T05:09:07.405972,9,3.221923828125,67.599
2024-07-17T05:09:07.431086,9,3.221923828125,67.599
2024-07-17T05:09:07.456228,9,3.221923828125,67.599
2024-07-17T05:09:07.481339,9,3.221923828125,66.99
2024-07-17T05:09:07.506530,9,3.221923828125,66.99
2024-07-17T05:09:07.531731,9,3.221923828125,66.99
2024-07-17T05:09:07.556854,9,3.221923828125,66.99
2024-07-17T05:09:07.581965,9,3.221923828125,67.71
2024-07-17T05:09:07.607171,9,3.221923828125,67.71
2024-07-17T05:09:07.632281,9,3.221923828125,67.71
2024-07-17T05:09:07.657438,9,3.221923828125,67.71
2024-07-17T05:09:07.682565,9,3.221923828125,66.848
2024-07-17T05:09:07.707677,9,3.221923828125,66.848
2024-07-17T05:09:07.732790,9,3.221923828125,66.848
2024-07-17T05:09:07.757860,9,3.221923828125,66.848
2024-07-17T05:09:07.783015,9,3.221923828125,66.848
2024-07-17T05:09:07.808136,9,3.221923828125,67.612
2024-07-17T05:09:07.833247,9,3.221923828125,67.612
2024-07-17T05:09:07.858359,9,3.221923828125,67.612
2024-07-17T05:09:07.883487,9,3.221923828125,67.184
2024-07-17T05:09:07.908630,9,3.221923828125,67.184
2024-07-17T05:09:07.933749,9,3.221923828125,67.184
2024-07-17T05:09:07.958882,9,3.221923828125,67.184
2024-07-17T05:09:07.984020,9,3.221923828125,67.184
2024-07-17T05:09:08.009170,9,3.221923828125,67.8
2024-07-17T05:09:08.034281,9,3.221923828125,67.8
2024-07-17T05:09:08.059445,9,3.221923828125,67.8
2024-07-17T05:09:08.084557,9,3.221923828125,67.236
2024-07-17T05:09:08.109717,9,3.221923828125,67.236
2024-07-17T05:09:08.134894,9,3.221923828125,67.236
2024-07-17T05:09:08.160035,9,3.221923828125,67.236
2024-07-17T05:09:08.185153,9,3.221923828125,67.236
2024-07-17T05:09:08.210276,9,3.221923828125,67.806
2024-07-17T05:09:08.235388,9,3.221923828125,67.806
2024-07-17T05:09:08.260500,9,3.221923828125,67.806
2024-07-17T05:09:08.285688,9,3.221923828125,67.806
2024-07-17T05:09:08.310823,9,3.221923828125,67.308
2024-07-17T05:09:08.335943,9,3.221923828125,67.308
2024-07-17T05:09:08.361056,9,3.221923828125,67.308
2024-07-17T05:09:08.386181,9,3.221923828125,67.308
2024-07-17T05:09:08.411343,9,3.221923828125,67.308
2024-07-17T05:09:08.436497,9,3.221923828125,67.916
2024-07-17T05:09:08.461616,9,3.221923828125,67.916
2024-07-17T05:09:08.486754,9,3.221923828125,67.916
2024-07-17T05:09:08.511905,9,3.221923828125,67.443
2024-07-17T05:09:08.537022,9,3.221923828125,67.443
2024-07-17T05:09:08.562134,9,3.221923828125,67.443
2024-07-17T05:09:08.587281,9,3.221923828125,67.443
2024-07-17T05:09:08.612404,9,3.221923828125,67.443
2024-07-17T05:09:08.637517,9,3.221923828125,66.919
2024-07-17T05:09:08.662673,9,3.221923828125,66.919
2024-07-17T05:09:08.687835,9,3.221923828125,66.919
2024-07-17T05:09:08.712996,9,3.221923828125,67.599
2024-07-17T05:09:08.738108,9,3.221923828125,67.599
2024-07-17T05:09:08.763271,9,3.221923828125,67.599
2024-07-17T05:09:08.788439,9,3.221923828125,67.599
2024-07-17T05:09:08.813577,9,3.221923828125,67.599
2024-07-17T05:09:08.838688,9,3.221923828125,66.938
2024-07-17T05:09:08.863800,9,3.221923828125,66.938
2024-07-17T05:09:08.888967,9,3.221923828125,66.938
2024-07-17T05:09:08.914078,9,3.221923828125,67.334
2024-07-17T05:09:08.939225,9,3.221923828125,67.334
2024-07-17T05:09:08.964393,9,3.221923828125,67.334
2024-07-17T05:09:08.989505,9,3.221923828125,67.334
2024-07-17T05:09:09.014679,9,3.221923828125,67.334
2024-07-17T05:09:09.039851,9,3.221923828125,67.016
2024-07-17T05:09:09.064988,9,3.221923828125,67.016
2024-07-17T05:09:09.090100,9,3.221923828125,67.016
2024-07-17T05:09:09.115223,9,3.221923828125,67.016
2024-07-17T05:09:09.140352,9,3.221923828125,67.599
2024-07-17T05:09:09.165483,9,3.221923828125,67.599
2024-07-17T05:09:09.190635,9,3.221923828125,67.599
2024-07-17T05:09:09.215755,9,3.221923828125,67.599
2024-07-17T05:09:09.240869,9,3.221923828125,67.042
2024-07-17T05:09:09.266023,9,3.221923828125,67.042
2024-07-17T05:09:09.291163,9,3.221923828125,67.042
2024-07-17T05:09:09.316276,9,3.221923828125,67.042
2024-07-17T05:09:09.341403,9,3.221923828125,67.735
2024-07-17T05:09:09.366528,9,3.221923828125,67.735
2024-07-17T05:09:09.391650,9,3.221923828125,67.735
2024-07-17T05:09:09.416773,9,3.221923828125,67.735
2024-07-17T05:09:09.441879,9,3.221923828125,67.735
2024-07-17T05:09:09.467011,9,3.221923828125,66.972
2024-07-17T05:09:09.492156,9,3.221923828125,66.972
2024-07-17T05:09:09.517283,9,3.221923828125,66.972
2024-07-17T05:09:09.542444,9,3.221923828125,66.972
2024-07-17T05:09:09.567602,9,3.221923828125,67.638
2024-07-17T05:09:09.592798,9,3.221923828125,67.638
2024-07-17T05:09:09.617942,9,3.221923828125,67.638
2024-07-17T05:09:09.643060,9,3.221923828125,67.042
2024-07-17T05:09:09.668190,9,3.221923828125,67.042
2024-07-17T05:09:09.693302,9,3.221923828125,67.042
2024-07-17T05:09:09.718494,9,3.221923828125,67.042
2024-07-17T05:09:09.743662,9,3.221923828125,67.747
2024-07-17T05:09:09.768773,9,3.221923828125,67.747
2024-07-17T05:09:09.793867,9,3.221923828125,67.747
2024-07-17T05:09:09.819037,9,3.221923828125,67.747
2024-07-17T05:09:09.844195,9,3.221923828125,67.747
2024-07-17T05:09:09.869306,9,3.221923828125,67.184
2024-07-17T05:09:09.894418,9,3.221923828125,67.184
2024-07-17T05:09:09.919537,9,3.221923828125,67.184
2024-07-17T05:09:09.944650,9,3.221923828125,67.184
2024-07-17T05:09:09.969782,9,3.221923828125,68.091
2024-07-17T05:09:09.994947,8,3.221923828125,68.091
2024-07-17T05:09:10.020094,8,3.221923828125,68.091
2024-07-17T05:09:10.045224,8,3.221923828125,68.091
2024-07-17T05:09:10.070358,8,3.221923828125,67.762
2024-07-17T05:09:10.095477,8,3.221923828125,67.762
2024-07-17T05:09:10.120645,8,3.221923828125,67.762
2024-07-17T05:09:10.145757,8,3.221923828125,67.762
2024-07-17T05:09:10.170868,8,3.221923828125,67.762
2024-07-17T05:09:10.195979,9,3.221923828125,67.762
2024-07-17T05:09:10.221092,9,3.221923828125,67.762
2024-07-17T05:09:10.246213,9,3.221923828125,67.762
2024-07-17T05:09:10.271333,9,3.221923828125,67.762
2024-07-17T05:09:10.296469,9,3.221923828125,67.941
2024-07-17T05:09:10.321604,9,3.221923828125,67.941
2024-07-17T05:09:10.346750,9,3.221923828125,67.941
2024-07-17T05:09:10.371859,9,3.221923828125,67.941
2024-07-17T05:09:10.396981,9,3.221923828125,67.941
2024-07-17T05:09:10.422093,9,3.221923828125,67.941
2024-07-17T05:09:10.447222,9,3.221923828125,67.941
2024-07-17T05:09:10.472344,9,3.221923828125,67.941
2024-07-17T05:09:10.497472,9,3.221923828125,67.061
2024-07-17T05:09:10.522593,9,3.221923828125,67.061
2024-07-17T05:09:10.547706,9,3.221923828125,67.061
2024-07-17T05:09:10.572858,9,3.221923828125,67.061
2024-07-17T05:09:10.597968,9,3.221923828125,67.483
2024-07-17T05:09:10.623134,9,3.221923828125,67.483
2024-07-17T05:09:10.648246,9,3.221923828125,67.483
2024-07-17T05:09:10.673372,9,3.221923828125,67.016
2024-07-17T05:09:10.698498,9,3.221923828125,67.016
2024-07-17T05:09:10.723618,9,3.221923828125,67.016
2024-07-17T05:09:10.748760,9,3.221923828125,67.016
2024-07-17T05:09:10.773871,9,3.221923828125,67.016
2024-07-17T05:09:10.798981,9,3.221923828125,67.665
2024-07-17T05:09:10.824103,9,3.221923828125,67.665
2024-07-17T05:09:10.849214,9,3.221923828125,67.665
2024-07-17T05:09:10.874368,9,3.221923828125,67.665
2024-07-17T05:09:10.899493,9,3.221923828125,66.769
2024-07-17T05:09:10.924615,9,3.221923828125,66.769
2024-07-17T05:09:10.949727,9,3.221923828125,66.769
2024-07-17T05:09:10.974854,9,3.221923828125,66.769
2024-07-17T05:09:10.999974,9,3.221923828125,67.638
2024-07-17T05:09:11.025086,9,3.221923828125,67.638
2024-07-17T05:09:11.050199,9,3.221923828125,67.638
2024-07-17T05:09:11.075352,9,3.221923828125,67.638
2024-07-17T05:09:11.100483,9,3.221923828125,67.638
2024-07-17T05:09:11.125617,9,3.221923828125,66.856
2024-07-17T05:09:11.150761,9,3.221923828125,66.856
2024-07-17T05:09:11.175859,9,3.221923828125,66.856
2024-07-17T05:09:11.200971,9,3.221923828125,67.537
2024-07-17T05:09:11.226096,9,3.221923828125,67.537
2024-07-17T05:09:11.251212,9,3.221923828125,67.537
2024-07-17T05:09:11.276335,9,3.221923828125,67.537
2024-07-17T05:09:11.301461,9,3.221923828125,67.537
2024-07-17T05:09:11.326592,9,3.221923828125,67.113
2024-07-17T05:09:11.351703,9,3.221923828125,67.113
2024-07-17T05:09:11.376814,9,3.221923828125,67.113
2024-07-17T05:09:11.401927,9,3.221923828125,67.665
2024-07-17T05:09:11.427051,9,3.221923828125,67.665
2024-07-17T05:09:11.452174,9,3.221923828125,67.665
2024-07-17T05:09:11.477285,9,3.221923828125,67.665
2024-07-17T05:09:11.502405,9,3.221923828125,66.841
2024-07-17T05:09:11.527527,9,3.221923828125,66.841
2024-07-17T05:09:11.552674,9,3.221923828125,66.841
2024-07-17T05:09:11.577815,9,3.221923828125,66.841
2024-07-17T05:09:11.602973,9,3.221923828125,67.844
2024-07-17T05:09:11.628119,9,3.221923828125,67.844
2024-07-17T05:09:11.653242,9,3.221923828125,67.844
2024-07-17T05:09:11.678362,9,3.221923828125,67.844
2024-07-17T05:09:11.703484,9,3.221923828125,67.844
2024-07-17T05:09:11.728619,9,3.221923828125,67.113
2024-07-17T05:09:11.753763,9,3.221923828125,67.113
2024-07-17T05:09:11.778877,9,3.221923828125,67.113
2024-07-17T05:09:11.804057,9,3.221923828125,67.113
2024-07-17T05:09:11.829176,9,3.221923828125,67.986
2024-07-17T05:09:11.854288,9,3.221923828125,67.986
2024-07-17T05:09:11.879401,9,3.221923828125,67.986
2024-07-17T05:09:11.904532,9,3.221923828125,67.986
2024-07-17T05:09:11.929659,9,3.221923828125,67.115
2024-07-17T05:09:11.954784,9,3.221923828125,67.115
2024-07-17T05:09:11.979872,9,3.221923828125,67.115
2024-07-17T05:09:12.004981,9,3.221923828125,67.115
2024-07-17T05:09:12.030093,9,3.221923828125,67.916
2024-07-17T05:09:12.055227,9,3.221923828125,67.916
2024-07-17T05:09:12.080373,9,3.221923828125,67.916
2024-07-17T05:09:12.105520,9,3.221923828125,67.916
2024-07-17T05:09:12.130632,9,3.221923828125,67.916
2024-07-17T05:09:12.155745,9,3.221923828125,67.307
2024-07-17T05:09:12.180870,9,3.221923828125,67.307
2024-07-17T05:09:12.205982,9,3.221923828125,67.307
2024-07-17T05:09:12.231170,9,3.221923828125,67.889
2024-07-17T05:09:12.256292,9,3.221923828125,67.889
2024-07-17T05:09:12.281412,9,3.221923828125,67.889
2024-07-17T05:09:12.306523,9,3.221923828125,67.889
2024-07-17T05:09:12.331636,9,3.221923828125,67.889
2024-07-17T05:09:12.356747,9,3.221923828125,67.613
2024-07-17T05:09:12.381860,9,3.221923828125,67.613
2024-07-17T05:09:12.406981,9,3.221923828125,67.613
2024-07-17T05:09:12.432131,9,3.221923828125,66.751
2024-07-17T05:09:12.457263,9,3.221923828125,66.751
2024-07-17T05:09:12.482374,9,3.221923828125,66.751
2024-07-17T05:09:12.507521,9,3.221923828125,66.751
2024-07-17T05:09:12.532709,9,3.221923828125,67.599
2024-07-17T05:09:12.557828,9,3.221923828125,67.599
2024-07-17T05:09:12.582955,9,3.221923828125,67.599
2024-07-17T05:09:12.608081,9,3.221923828125,67.599
2024-07-17T05:09:12.633203,9,3.221923828125,66.99
2024-07-17T05:09:12.658325,9,3.221923828125,66.99
2024-07-17T05:09:12.683466,9,3.221923828125,66.99
2024-07-17T05:09:12.708593,9,3.221923828125,66.99
2024-07-17T05:09:12.733776,9,3.221923828125,66.99
2024-07-17T05:09:12.758860,9,3.221923828125,67.515
2024-07-17T05:09:12.783989,9,3.221923828125,67.515
2024-07-17T05:09:12.809130,9,3.221923828125,67.515
2024-07-17T05:09:12.834300,9,3.221923828125,67.515
2024-07-17T05:09:12.859412,9,3.221923828125,67.042
2024-07-17T05:09:12.884591,9,3.221923828125,67.042
2024-07-17T05:09:12.909713,9,3.221923828125,67.042
2024-07-17T05:09:12.934906,9,3.221923828125,67.042
2024-07-17T05:09:12.960071,9,3.221923828125,67.69
2024-07-17T05:09:12.985248,9,3.221923828125,67.69
2024-07-17T05:09:13.010445,9,3.221923828125,67.69
2024-07-17T05:09:13.035569,9,3.221923828125,67.69
2024-07-17T05:09:13.060695,9,3.221923828125,66.997
2024-07-17T05:09:13.085816,8,3.221923828125,66.997
2024-07-17T05:09:13.110937,8,3.221923828125,66.997
2024-07-17T05:09:13.136064,8,3.221923828125,66.997
2024-07-17T05:09:13.161221,8,3.221923828125,66.997
2024-07-17T05:09:13.186353,8,3.221923828125,67.71
2024-07-17T05:09:13.211464,8,3.221923828125,67.71
2024-07-17T05:09:13.236633,8,3.221923828125,67.71
2024-07-17T05:09:13.261756,8,3.221923828125,67.061
2024-07-17T05:09:13.286859,8,3.221923828125,67.061
2024-07-17T05:09:13.312047,9,3.221923828125,67.061
2024-07-17T05:09:13.337225,9,3.221923828125,67.061
2024-07-17T05:09:13.362345,9,3.221923828125,67.061
2024-07-17T05:09:13.387480,9,3.221923828125,67.709
2024-07-17T05:09:13.412602,9,3.221923828125,67.709
2024-07-17T05:09:13.437746,9,3.221923828125,67.709
2024-07-17T05:09:13.462861,9,3.221923828125,67.191
2024-07-17T05:09:13.488055,9,3.221923828125,67.191
2024-07-17T05:09:13.513166,9,3.221923828125,67.191
2024-07-17T05:09:13.538327,9,3.221923828125,67.191
2024-07-17T05:09:13.563437,9,3.221923828125,67.191
2024-07-17T05:09:13.588558,9,3.221923828125,67.593
2024-07-17T05:09:13.613775,9,3.221923828125,67.593
2024-07-17T05:09:13.638861,9,3.221923828125,67.593
2024-07-17T05:09:13.663998,9,3.221923828125,67.333
2024-07-17T05:09:13.689133,9,3.221923828125,67.333
2024-07-17T05:09:13.714257,9,3.221923828125,67.333
2024-07-17T05:09:13.739369,9,3.221923828125,67.333
2024-07-17T05:09:13.764496,9,3.221923828125,67.333
2024-07-17T05:09:13.789670,9,3.221923828125,67.405
2024-07-17T05:09:13.814794,9,3.221923828125,67.405
2024-07-17T05:09:13.839900,9,3.221923828125,67.405
2024-07-17T05:09:13.865099,9,3.221923828125,67.405
2024-07-17T05:09:13.890218,9,3.221923828125,67.405
2024-07-17T05:09:13.915368,9,3.221923828125,67.405
2024-07-17T05:09:13.940500,9,3.221923828125,67.405
2024-07-17T05:09:13.965610,9,3.221923828125,67.405
2024-07-17T05:09:13.990722,9,3.221923828125,67.405
2024-07-17T05:09:14.015869,9,3.221923828125,67.263
2024-07-17T05:09:14.040997,9,3.221923828125,67.263
2024-07-17T05:09:14.066141,9,3.221923828125,67.263
2024-07-17T05:09:14.091273,9,3.221923828125,67.263
2024-07-17T05:09:14.116385,9,3.221923828125,67.263
2024-07-17T05:09:14.141496,9,3.221923828125,67.263
2024-07-17T05:09:14.166639,9,3.221923828125,67.263
2024-07-17T05:09:14.191763,9,3.221923828125,67.263
2024-07-17T05:09:14.216873,9,3.221923828125,67.502
2024-07-17T05:09:14.241995,9,3.221923828125,67.502
2024-07-17T05:09:14.267171,9,3.221923828125,67.502
2024-07-17T05:09:14.292283,9,3.221923828125,67.502
2024-07-17T05:09:14.317408,9,3.221923828125,67.502
2024-07-17T05:09:14.342611,9,3.221923828125,67.502
2024-07-17T05:09:14.367722,9,3.221923828125,67.502
2024-07-17T05:09:14.392887,9,3.221923828125,67.502
2024-07-17T05:09:14.418006,9,3.221923828125,67.54
2024-07-17T05:09:14.443129,9,3.221923828125,67.54
2024-07-17T05:09:14.468252,9,3.221923828125,67.54
2024-07-17T05:09:14.493365,9,3.221923828125,66.899
2024-07-17T05:09:14.518478,9,3.221923828125,66.899
2024-07-17T05:09:14.543618,9,3.221923828125,66.899
2024-07-17T05:09:14.568738,9,3.221923828125,66.899
2024-07-17T05:09:14.593887,9,3.221923828125,66.899
2024-07-17T05:09:14.619007,9,3.221923828125,67.612
2024-07-17T05:09:14.644197,9,3.221923828125,67.612
2024-07-17T05:09:14.669308,9,3.221923828125,67.612
2024-07-17T05:09:14.694470,9,3.221923828125,67.612
2024-07-17T05:09:14.719635,9,3.221923828125,66.848
2024-07-17T05:09:14.744758,9,3.221923828125,66.848
2024-07-17T05:09:14.769867,9,3.221923828125,66.848
2024-07-17T05:09:14.794979,9,3.221923828125,66.848
2024-07-17T05:09:14.820108,9,3.221923828125,67.682
2024-07-17T05:09:14.845239,9,3.221923828125,67.682
2024-07-17T05:09:14.870350,9,3.221923828125,67.682
2024-07-17T05:09:14.895474,9,3.221923828125,67.682
2024-07-17T05:09:14.920598,9,3.221923828125,66.814
2024-07-17T05:09:14.945751,8,3.221923828125,66.814
2024-07-17T05:09:14.970859,8,3.221923828125,66.814
2024-07-17T05:09:14.995972,8,3.221923828125,66.814
2024-07-17T05:09:15.021083,8,3.221923828125,66.814
2024-07-17T05:09:15.046196,8,3.221923828125,67.599
2024-07-17T05:09:15.071316,8,3.221923828125,67.599
2024-07-17T05:09:15.096470,8,3.221923828125,67.599
2024-07-17T05:09:15.121595,8,3.221923828125,66.945
2024-07-17T05:09:15.146728,8,3.221923828125,66.945
2024-07-17T05:09:15.171919,9,3.221923828125,66.945
2024-07-17T05:09:15.197030,9,3.221923828125,66.945
2024-07-17T05:09:15.222189,9,3.221923828125,66.945
2024-07-17T05:09:15.247356,9,3.221923828125,67.754
2024-07-17T05:09:15.272468,9,3.221923828125,67.754
2024-07-17T05:09:15.297596,9,3.221923828125,67.754
2024-07-17T05:09:15.322720,9,3.221923828125,67.009
2024-07-17T05:09:15.347832,9,3.221923828125,67.009
2024-07-17T05:09:15.372987,9,3.221923828125,67.009
2024-07-17T05:09:15.398171,9,3.221923828125,67.009
2024-07-17T05:09:15.423282,9,3.221923828125,67.009
2024-07-17T05:09:15.448440,9,3.221923828125,67.78
2024-07-17T05:09:15.473625,9,3.221923828125,67.78
2024-07-17T05:09:15.498747,9,3.221923828125,67.78
2024-07-17T05:09:15.523893,9,3.221923828125,67.78
2024-07-17T05:09:15.549019,9,3.221923828125,67.184
2024-07-17T05:09:15.574139,9,3.221923828125,67.184
2024-07-17T05:09:15.599262,9,3.221923828125,67.184
2024-07-17T05:09:15.624375,9,3.221923828125,67.184
2024-07-17T05:09:15.649513,9,3.221923828125,67.774
2024-07-17T05:09:15.674624,9,3.221923828125,67.774
2024-07-17T05:09:15.699736,9,3.221923828125,67.774
2024-07-17T05:09:15.724861,9,3.221923828125,67.774
2024-07-17T05:09:15.749972,9,3.221923828125,67.353
2024-07-17T05:09:15.775099,9,3.221923828125,67.353
2024-07-17T05:09:15.800268,9,3.221923828125,67.353
2024-07-17T05:09:15.825433,9,3.221923828125,67.353
2024-07-17T05:09:15.850565,9,3.221923828125,67.353
2024-07-17T05:09:15.875688,9,3.221923828125,67.62
2024-07-17T05:09:15.900825,9,3.221923828125,67.62
2024-07-17T05:09:15.925952,9,3.221923828125,67.62
2024-07-17T05:09:15.951064,9,3.221923828125,67.333
2024-07-17T05:09:15.976188,9,3.221923828125,67.333
2024-07-17T05:09:16.001301,9,3.221923828125,67.333
2024-07-17T05:09:16.026413,9,3.221923828125,67.333
2024-07-17T05:09:16.051552,9,3.221923828125,67.333
2024-07-17T05:09:16.076673,9,3.221923828125,67.871
2024-07-17T05:09:16.101814,9,3.221923828125,67.871
2024-07-17T05:09:16.126927,9,3.221923828125,67.871
2024-07-17T05:09:16.152056,9,3.221923828125,67.502
2024-07-17T05:09:16.177179,9,3.221923828125,67.502
2024-07-17T05:09:16.202303,9,3.221923828125,67.502
2024-07-17T05:09:16.227416,9,3.221923828125,67.502
2024-07-17T05:09:16.252538,9,3.221923828125,67.502
2024-07-17T05:09:16.277649,9,3.221923828125,67.475
2024-07-17T05:09:16.302775,9,3.221923828125,67.475
2024-07-17T05:09:16.327915,9,3.221923828125,67.475
2024-07-17T05:09:16.353093,9,3.221923828125,67.548
2024-07-17T05:09:16.378205,9,3.221923828125,67.548
2024-07-17T05:09:16.403345,9,3.221923828125,67.548
2024-07-17T05:09:16.428505,9,3.221923828125,67.548
2024-07-17T05:09:16.453684,9,3.221923828125,67.548
2024-07-17T05:09:16.478818,9,3.221923828125,66.964
2024-07-17T05:09:16.503932,9,3.221923828125,66.964
2024-07-17T05:09:16.529057,9,3.221923828125,66.964
2024-07-17T05:09:16.554179,9,3.221923828125,66.964
2024-07-17T05:09:16.579290,9,3.221923828125,67.844
2024-07-17T05:09:16.604429,9,3.221923828125,67.844
2024-07-17T05:09:16.629566,9,3.221923828125,67.844
2024-07-17T05:09:16.654692,9,3.221923828125,67.844
2024-07-17T05:09:16.679839,9,3.221923828125,66.945
2024-07-17T05:09:16.704979,9,3.221923828125,66.945
2024-07-17T05:09:16.730120,9,3.221923828125,66.945
2024-07-17T05:09:16.755231,9,3.221923828125,66.945
2024-07-17T05:09:16.780385,9,3.221923828125,67.568
2024-07-17T05:09:16.805505,9,3.221923828125,67.568
2024-07-17T05:09:16.830630,9,3.221923828125,67.568
2024-07-17T05:09:16.855817,9,3.221923828125,67.568
2024-07-17T05:09:16.880976,9,3.221923828125,67.568
2024-07-17T05:09:16.906132,9,3.221923828125,66.9
2024-07-17T05:09:16.931256,9,3.221923828125,66.9
2024-07-17T05:09:16.956378,9,3.221923828125,66.9
2024-07-17T05:09:16.981574,9,3.221923828125,67.708
2024-07-17T05:09:17.006696,9,3.221923828125,67.708
2024-07-17T05:09:17.031818,9,3.221923828125,67.708
2024-07-17T05:09:17.056954,9,3.221923828125,67.708
2024-07-17T05:09:17.082078,9,3.221923828125,67.708
2024-07-17T05:09:17.107189,9,3.221923828125,66.972
2024-07-17T05:09:17.132301,9,3.221923828125,66.972
2024-07-17T05:09:17.157444,9,3.221923828125,66.972
2024-07-17T05:09:17.182565,9,3.221923828125,67.889
2024-07-17T05:09:17.207712,9,3.221923828125,67.889
2024-07-17T05:09:17.232859,9,3.221923828125,67.889
2024-07-17T05:09:17.257982,9,3.221923828125,67.889
2024-07-17T05:09:17.283095,9,3.221923828125,67.889
2024-07-17T05:09:17.308225,9,3.221923828125,67.137
2024-07-17T05:09:17.333346,9,3.221923828125,67.137
2024-07-17T05:09:17.358510,9,3.221923828125,67.137
2024-07-17T05:09:17.383630,9,3.221923828125,68.038
2024-07-17T05:09:17.408774,9,3.221923828125,68.038
2024-07-17T05:09:17.433859,9,3.221923828125,68.038
2024-07-17T05:09:17.458994,9,3.221923828125,68.038
2024-07-17T05:09:17.484118,9,3.221923828125,68.038
2024-07-17T05:09:17.509230,9,3.221923828125,67.122
2024-07-17T05:09:17.534345,9,3.221923828125,67.122
2024-07-17T05:09:17.559460,9,3.221923828125,67.122
2024-07-17T05:09:17.584572,9,3.221923828125,67.122
2024-07-17T05:09:17.609686,9,3.221923828125,68.083
2024-07-17T05:09:17.634810,9,3.221923828125,68.083
2024-07-17T05:09:17.659959,9,3.221923828125,68.083
2024-07-17T05:09:17.685159,9,3.221923828125,68.083
2024-07-17T05:09:17.710271,9,3.221923828125,67.766
2024-07-17T05:09:17.735385,9,3.221923828125,67.766
2024-07-17T05:09:17.760522,9,3.221923828125,67.766
2024-07-17T05:09:17.785645,9,3.221923828125,67.766
2024-07-17T05:09:17.900558,8,3.221923828125,67.766
2024-07-17T05:09:17.925727,8,3.221923828125,64.814
2024-07-17T05:09:17.950896,8,3.221923828125,64.814
2024-07-17T05:09:17.976027,8,3.221923828125,64.814
2024-07-17T05:09:18.001151,8,3.221923828125,64.814
2024-07-17T05:09:18.026301,8,3.221923828125,64.814
2024-07-17T05:09:18.051414,4,3.221923828125,64.814
2024-07-17T05:09:18.076542,4,3.221923828125,64.814
2024-07-17T05:09:18.101688,4,3.221923828125,64.814
2024-07-17T05:09:18.126855,4,3.221923828125,67.431
2024-07-17T05:09:18.151983,4,3.221923828125,67.431
2024-07-17T05:09:18.177162,4,3.221923828125,67.431
2024-07-17T05:09:18.202288,4,3.221923828125,67.431
2024-07-17T05:09:18.227485,4,3.221923828125,67.431
2024-07-17T05:09:18.252597,8,3.221923828125,67.431
2024-07-17T05:09:18.277766,8,3.221923828125,67.431
2024-07-17T05:09:18.302875,8,3.221923828125,67.431
2024-07-17T05:09:18.328657,8,3.221923828125,67.378
2024-07-17T05:09:18.353800,8,3.221923828125,67.378
2024-07-17T05:09:18.378975,8,3.221923828125,67.378
2024-07-17T05:09:18.404100,8,3.221923828125,67.378
2024-07-17T05:09:18.429224,8,3.221923828125,66.919
2024-07-17T05:09:18.454347,9,3.221923828125,66.919
2024-07-17T05:09:18.479477,9,3.221923828125,66.919
2024-07-17T05:09:18.504616,9,3.221923828125,66.919
2024-07-17T05:09:18.529785,9,3.221923828125,67.683
2024-07-17T05:09:18.554905,9,3.221923828125,67.683
2024-07-17T05:09:18.580016,9,3.221923828125,67.683
2024-07-17T05:09:18.605210,9,3.221923828125,67.683
2024-07-17T05:09:18.630321,9,3.221923828125,66.734
2024-07-17T05:09:18.655470,9,3.221923828125,66.734
2024-07-17T05:09:18.680605,9,3.221923828125,66.734
2024-07-17T05:09:18.705740,9,3.221923828125,66.734
2024-07-17T05:09:18.730906,9,3.221923828125,66.734
2024-07-17T05:09:18.756026,9,3.221923828125,67.556
2024-07-17T05:09:18.781148,9,3.221923828125,67.556
2024-07-17T05:09:18.806294,9,3.221923828125,67.556
2024-07-17T05:09:18.831445,9,3.221923828125,66.821
2024-07-17T05:09:18.856597,9,3.221923828125,66.821
2024-07-17T05:09:18.881759,9,3.221923828125,66.821
2024-07-17T05:09:18.906880,9,3.221923828125,66.821
2024-07-17T05:09:18.931996,9,3.221923828125,66.821
2024-07-17T05:09:18.957131,9,3.221923828125,67.762
2024-07-17T05:09:18.982273,9,3.221923828125,67.762
2024-07-17T05:09:19.007384,9,3.221923828125,67.762
2024-07-17T05:09:19.032508,9,3.221923828125,66.798
2024-07-17T05:09:19.057620,9,3.221923828125,66.798
2024-07-17T05:09:19.082732,9,3.221923828125,66.798
2024-07-17T05:09:19.107892,9,3.221923828125,66.798
2024-07-17T05:09:19.133003,9,3.221923828125,66.798
2024-07-17T05:09:19.158179,9,3.221923828125,68.031
2024-07-17T05:09:19.183323,9,3.221923828125,68.031
2024-07-17T05:09:19.208447,9,3.221923828125,68.031
2024-07-17T05:09:19.233570,9,3.221923828125,68.031
2024-07-17T05:09:19.258683,9,3.221923828125,67.015
2024-07-17T05:09:19.283816,9,3.221923828125,67.015
2024-07-17T05:09:19.308985,9,3.221923828125,67.015
2024-07-17T05:09:19.334108,9,3.221923828125,67.015
2024-07-17T05:09:19.359219,9,3.221923828125,67.683
2024-07-17T05:09:19.384367,9,3.221923828125,67.683
2024-07-17T05:09:19.409493,9,3.221923828125,67.683
2024-07-17T05:09:19.434660,9,3.221923828125,67.683
2024-07-17T05:09:19.459822,9,3.221923828125,67.115
2024-07-17T05:09:19.484988,9,3.221923828125,67.115
2024-07-17T05:09:19.510100,9,3.221923828125,67.115
2024-07-17T05:09:19.535220,9,3.221923828125,67.115
2024-07-17T05:09:19.560332,9,3.221923828125,67.96
2024-07-17T05:09:19.585457,9,3.221923828125,67.96
2024-07-17T05:09:19.610625,9,3.221923828125,67.96
2024-07-17T05:09:19.635758,9,3.221923828125,67.96
2024-07-17T05:09:19.660869,9,3.221923828125,67.307
2024-07-17T05:09:19.686010,9,3.221923828125,67.307
2024-07-17T05:09:19.711128,9,3.221923828125,67.307
2024-07-17T05:09:19.736262,9,3.221923828125,67.307
2024-07-17T05:09:19.761386,9,3.221923828125,67.307
2024-07-17T05:09:19.786522,9,3.221923828125,67.889
2024-07-17T05:09:19.811696,9,3.221923828125,67.889
2024-07-17T05:09:19.836808,9,3.221923828125,67.889
2024-07-17T05:09:19.861945,9,3.221923828125,67.29
2024-07-17T05:09:19.887066,9,3.221923828125,67.29
2024-07-17T05:09:19.912239,8,3.221923828125,67.29
2024-07-17T05:09:19.937382,8,3.221923828125,67.29
2024-07-17T05:09:19.962538,8,3.221923828125,67.29
2024-07-17T05:09:19.987658,8,3.221923828125,67.735
2024-07-17T05:09:20.012771,8,3.221923828125,67.735
2024-07-17T05:09:20.037871,8,3.221923828125,67.735
2024-07-17T05:09:20.063043,8,3.221923828125,67.385
2024-07-17T05:09:20.088178,8,3.221923828125,67.385
2024-07-17T05:09:20.113289,9,3.221923828125,67.385
2024-07-17T05:09:20.138413,9,3.221923828125,67.385
2024-07-17T05:09:20.163524,9,3.221923828125,67.385
2024-07-17T05:09:20.188637,9,3.221923828125,68.091
2024-07-17T05:09:20.213749,9,3.221923828125,68.091
2024-07-17T05:09:20.238881,9,3.221923828125,68.091
2024-07-17T05:09:20.264044,9,3.221923828125,68.091
2024-07-17T05:09:20.289168,9,3.221923828125,67.399
2024-07-17T05:09:20.314290,9,3.221923828125,67.399
2024-07-17T05:09:20.339402,9,3.221923828125,67.399
2024-07-17T05:09:20.364525,9,3.221923828125,67.399
2024-07-17T05:09:20.389659,9,3.221923828125,67.399
2024-07-17T05:09:20.414814,9,3.221923828125,66.848
2024-07-17T05:09:20.439941,9,3.221923828125,66.848
2024-07-17T05:09:20.465092,9,3.221923828125,66.848
2024-07-17T05:09:20.490239,9,3.221923828125,67.482
2024-07-17T05:09:20.515369,9,3.221923828125,67.482
2024-07-17T05:09:20.540480,9,3.221923828125,67.482
2024-07-17T05:09:20.565603,9,3.221923828125,67.482
2024-07-17T05:09:20.590728,9,3.221923828125,66.918
2024-07-17T05:09:20.615861,9,3.221923828125,66.918
2024-07-17T05:09:20.640972,9,3.221923828125,66.918
2024-07-17T05:09:20.666110,9,3.221923828125,66.918
2024-07-17T05:09:20.691231,9,3.221923828125,67.515
2024-07-17T05:09:20.716361,9,3.221923828125,67.515
2024-07-17T05:09:20.741473,9,3.221923828125,67.515
2024-07-17T05:09:20.766623,9,3.221923828125,67.515
2024-07-17T05:09:20.791834,9,3.221923828125,67.515
2024-07-17T05:09:20.817027,9,3.221923828125,67.069
2024-07-17T05:09:20.842147,9,3.221923828125,67.069
2024-07-17T05:09:20.867266,9,3.221923828125,67.069
2024-07-17T05:09:20.892398,9,3.221923828125,67.896
2024-07-17T05:09:20.917566,9,3.221923828125,67.896
2024-07-17T05:09:20.942691,9,3.221923828125,67.896
2024-07-17T05:09:20.967817,9,3.221923828125,67.896
2024-07-17T05:09:20.992976,9,3.221923828125,67.896
2024-07-17T05:09:21.018126,9,3.221923828125,66.919
2024-07-17T05:09:21.043259,9,3.221923828125,66.919
2024-07-17T05:09:21.068395,9,3.221923828125,66.919
2024-07-17T05:09:21.093554,9,3.221923828125,67.638
2024-07-17T05:09:21.118665,9,3.221923828125,67.638
2024-07-17T05:09:21.143779,9,3.221923828125,67.638
2024-07-17T05:09:21.168921,9,3.221923828125,67.638
2024-07-17T05:09:21.194075,9,3.221923828125,67.638
2024-07-17T05:09:21.219233,9,3.221923828125,67.069
2024-07-17T05:09:21.244345,9,3.221923828125,67.069
2024-07-17T05:09:21.269458,9,3.221923828125,67.069
2024-07-17T05:09:21.294604,9,3.221923828125,67.069
2024-07-17T05:09:21.319716,9,3.221923828125,67.871
2024-07-17T05:09:21.344887,8,3.221923828125,67.871
2024-07-17T05:09:21.370014,8,3.221923828125,67.871
2024-07-17T05:09:21.395145,8,3.221923828125,67.871
2024-07-17T05:09:21.420275,8,3.221923828125,67.871
2024-07-17T05:09:21.445397,8,3.221923828125,67.094
2024-07-17T05:09:21.470597,8,3.221923828125,67.094
2024-07-17T05:09:21.495729,8,3.221923828125,67.094
2024-07-17T05:09:21.520876,8,3.221923828125,67.094
2024-07-17T05:09:21.546040,9,3.221923828125,67.263
2024-07-17T05:09:21.571168,9,3.221923828125,67.263
2024-07-17T05:09:21.596289,9,3.221923828125,67.263
2024-07-17T05:09:21.621434,9,3.221923828125,67.263
2024-07-17T05:09:21.646555,9,3.221923828125,67.263
2024-07-17T05:09:21.671677,9,3.221923828125,67.263
2024-07-17T05:09:21.696799,9,3.221923828125,67.263
2024-07-17T05:09:21.721952,9,3.221923828125,67.78
2024-07-17T05:09:21.747073,9,3.221923828125,67.78
2024-07-17T05:09:21.772191,9,3.221923828125,67.78
2024-07-17T05:09:21.797333,9,3.221923828125,67.78
2024-07-17T05:09:21.822500,9,3.221923828125,67.78
2024-07-17T05:09:21.847660,9,3.221923828125,68.181
2024-07-17T05:09:21.872772,9,3.221923828125,68.181
2024-07-17T05:09:21.897859,9,3.221923828125,68.181
2024-07-17T05:09:21.922999,9,3.221923828125,68.181
2024-07-17T05:09:21.948109,9,3.221923828125,68.181
2024-07-17T05:09:21.973221,9,3.221923828125,68.181
2024-07-17T05:09:21.998341,9,3.221923828125,68.181
2024-07-17T05:09:22.023497,9,3.221923828125,68.181
2024-07-17T05:09:22.048609,9,3.221923828125,68.038
2024-07-17T05:09:22.073773,9,3.221923828125,68.038
2024-07-17T05:09:22.098868,9,3.221923828125,68.038
2024-07-17T05:09:22.123998,9,3.221923828125,68.038
2024-07-17T05:09:22.149118,9,3.221923828125,68.038
2024-07-17T05:09:22.174241,9,3.221923828125,68.038
2024-07-17T05:09:22.199387,9,3.221923828125,68.038
2024-07-17T05:09:22.224509,9,3.221923828125,68.038
2024-07-17T05:09:22.249631,9,3.221923828125,66.945
2024-07-17T05:09:22.274776,9,3.221923828125,66.945
2024-07-17T05:09:22.299869,9,3.221923828125,66.945
2024-07-17T05:09:22.325017,9,3.221923828125,66.945
2024-07-17T05:09:22.350170,9,3.221923828125,67.482
2024-07-17T05:09:22.375282,9,3.221923828125,67.482
2024-07-17T05:09:22.400460,9,3.221923828125,67.482
2024-07-17T05:09:22.425572,9,3.221923828125,67.482
2024-07-17T05:09:22.450759,9,3.221923828125,67.482
2024-07-17T05:09:22.475918,9,3.221923828125,66.803
2024-07-17T05:09:22.501029,9,3.221923828125,66.803
2024-07-17T05:09:22.526171,9,3.221923828125,66.803
2024-07-17T05:09:22.551294,9,3.221923828125,66.803
2024-07-17T05:09:22.576452,9,3.221923828125,67.683
2024-07-17T05:09:22.601565,9,3.221923828125,67.683
2024-07-17T05:09:22.626680,9,3.221923828125,67.683
2024-07-17T05:09:22.651896,9,3.221923828125,66.99
2024-07-17T05:09:22.677053,9,3.221923828125,66.99
2024-07-17T05:09:22.702201,9,3.221923828125,66.99
2024-07-17T05:09:22.727329,9,3.221923828125,66.99
2024-07-17T05:09:22.752499,9,3.221923828125,67.774
2024-07-17T05:09:22.777661,9,3.221923828125,67.774
2024-07-17T05:09:22.802789,9,3.221923828125,67.774
2024-07-17T05:09:22.827869,9,3.221923828125,67.774
2024-07-17T05:09:22.852989,9,3.221923828125,67.774
2024-07-17T05:09:22.878180,9,3.221923828125,67.042
2024-07-17T05:09:22.903300,9,3.221923828125,67.042
2024-07-17T05:09:22.928411,9,3.221923828125,67.042
2024-07-17T05:09:22.953535,9,3.221923828125,67.529
2024-07-17T05:09:22.978662,9,3.221923828125,67.529
2024-07-17T05:09:23.003780,9,3.221923828125,67.529
2024-07-17T05:09:23.028860,9,3.221923828125,67.529
2024-07-17T05:09:23.053983,9,3.221923828125,67.529
2024-07-17T05:09:23.079142,9,3.221923828125,67.061
2024-07-17T05:09:23.104303,9,3.221923828125,67.061
2024-07-17T05:09:23.129414,9,3.221923828125,67.061
2024-07-17T05:09:23.154565,9,3.221923828125,67.061
2024-07-17T05:09:23.179687,9,3.221923828125,67.727
2024-07-17T05:09:23.204817,9,3.221923828125,67.727
2024-07-17T05:09:23.229947,9,3.221923828125,67.727
2024-07-17T05:09:23.255100,9,3.221923828125,67.727
2024-07-17T05:09:23.280218,9,3.221923828125,67.727
2024-07-17T05:09:23.305385,9,3.221923828125,67.166
2024-07-17T05:09:23.330507,9,3.221923828125,67.166
2024-07-17T05:09:23.355618,9,3.221923828125,67.166
2024-07-17T05:09:23.380739,9,3.221923828125,67.941
2024-07-17T05:09:23.405854,9,3.221923828125,67.941
2024-07-17T05:09:23.430965,9,3.221923828125,67.941
2024-07-17T05:09:23.456077,9,3.221923828125,67.941
2024-07-17T05:09:23.481219,9,3.221923828125,67.941
2024-07-17T05:09:23.506351,9,3.221923828125,67.263
2024-07-17T05:09:23.531462,9,3.221923828125,67.263
2024-07-17T05:09:23.556574,9,3.221923828125,67.263
2024-07-17T05:09:23.581740,9,3.221923828125,67.263
2024-07-17T05:09:23.606918,8,3.221923828125,67.819
2024-07-17T05:09:23.632045,8,3.221923828125,67.819
2024-07-17T05:09:23.657202,8,3.221923828125,67.819
2024-07-17T05:09:23.682313,8,3.221923828125,67.378
2024-07-17T05:09:23.707446,8,3.221923828125,67.378
2024-07-17T05:09:23.732569,8,3.221923828125,67.378
2024-07-17T05:09:23.757723,8,3.221923828125,67.378
2024-07-17T05:09:23.782835,8,3.221923828125,67.8
2024-07-17T05:09:23.808013,8,3.221923828125,67.8
2024-07-17T05:09:23.833155,8,3.221923828125,67.8
2024-07-17T05:09:23.858266,8,3.221923828125,67.8
2024-07-17T05:09:23.883407,8,3.221923828125,67.8
2024-07-17T05:09:23.908543,8,3.221923828125,67.334
2024-07-17T05:09:23.933693,8,3.221923828125,67.334
2024-07-17T05:09:23.958858,8,3.221923828125,67.334
2024-07-17T05:09:23.983992,8,3.221923828125,67.334
2024-07-17T05:09:24.009118,8,3.221923828125,68.135
2024-07-17T05:09:24.034255,9,3.221923828125,68.135
2024-07-17T05:09:24.059375,9,3.221923828125,68.135
2024-07-17T05:09:24.084533,9,3.221923828125,68.135
2024-07-17T05:09:24.109703,9,3.221923828125,67.573
2024-07-17T05:09:24.134837,9,3.221923828125,67.573
2024-07-17T05:09:24.159951,9,3.221923828125,67.573
2024-07-17T05:09:24.185076,9,3.221923828125,67.573
2024-07-17T05:09:24.210254,9,3.221923828125,67.115
2024-07-17T05:09:24.235379,9,3.221923828125,67.115
2024-07-17T05:09:24.260498,9,3.221923828125,67.115
2024-07-17T05:09:24.285634,9,3.221923828125,67.115
2024-07-17T05:09:24.310779,9,3.221923828125,67.115
2024-07-17T05:09:24.335860,9,3.221923828125,67.619
2024-07-17T05:09:24.360979,9,3.221923828125,67.619
2024-07-17T05:09:24.386098,9,3.221923828125,67.619
2024-07-17T05:09:24.411235,9,3.221923828125,66.919
2024-07-17T05:09:24.436346,9,3.221923828125,66.919
2024-07-17T05:09:24.461529,9,3.221923828125,66.919
2024-07-17T05:09:24.486689,9,3.221923828125,66.919
2024-07-17T05:09:24.511855,9,3.221923828125,67.58
2024-07-17T05:09:24.536966,9,3.221923828125,67.58
2024-07-17T05:09:24.562086,9,3.221923828125,67.58
2024-07-17T05:09:24.587196,9,3.221923828125,67.58
2024-07-17T05:09:24.612307,9,3.221923828125,66.824
2024-07-17T05:09:24.637419,9,3.221923828125,66.824
2024-07-17T05:09:24.662552,9,3.221923828125,66.824
2024-07-17T05:09:24.687675,9,3.221923828125,66.824
2024-07-17T05:09:24.712787,9,3.221923828125,66.824
2024-07-17T05:09:24.737920,9,3.221923828125,67.638
2024-07-17T05:09:24.763042,9,3.221923828125,67.638
2024-07-17T05:09:24.788155,9,3.221923828125,67.638
2024-07-17T05:09:24.813267,9,3.221923828125,66.626
2024-07-17T05:09:24.838410,9,3.221923828125,66.626
2024-07-17T05:09:24.863530,8,3.221923828125,66.626
2024-07-17T05:09:24.888643,8,3.221923828125,66.626
2024-07-17T05:09:24.913770,8,3.221923828125,66.626
2024-07-17T05:09:24.938860,8,3.221923828125,67.599
2024-07-17T05:09:24.963996,8,3.221923828125,67.599
2024-07-17T05:09:24.989145,8,3.221923828125,67.599
2024-07-17T05:09:25.014255,8,3.221923828125,67.599
2024-07-17T05:09:25.039381,8,3.221923828125,67.229
2024-07-17T05:09:25.064493,10,3.221923828125,67.229
2024-07-17T05:09:25.089612,10,3.221923828125,67.229
2024-07-17T05:09:25.114735,10,3.221923828125,67.229
2024-07-17T05:09:25.139860,10,3.221923828125,67.229
2024-07-17T05:09:25.164980,10,3.221923828125,67.657
2024-07-17T05:09:25.190094,10,3.221923828125,67.657
2024-07-17T05:09:25.215231,10,3.221923828125,67.657
2024-07-17T05:09:25.240372,10,3.221923828125,69.075
2024-07-17T05:09:25.265504,11,3.221923828125,69.075
2024-07-17T05:09:25.290641,11,3.221923828125,69.075
2024-07-17T05:09:25.315754,11,3.221923828125,69.075
2024-07-17T05:09:25.340867,11,3.221923828125,69.075
2024-07-17T05:09:25.365986,11,3.221923828125,69.986
2024-07-17T05:09:25.391106,11,3.221923828125,69.986
2024-07-17T05:09:25.416235,11,3.221923828125,69.986
2024-07-17T05:09:25.441348,11,3.221923828125,69.986
2024-07-17T05:09:25.466510,11,3.221923828125,69.986
2024-07-17T05:09:25.491649,16,3.221923828125,69.986
2024-07-17T05:09:25.516763,16,3.221923828125,69.986
2024-07-17T05:09:25.541872,16,3.221923828125,69.702
2024-07-17T05:09:25.567043,16,3.221923828125,69.702
2024-07-17T05:09:25.592186,16,3.221923828125,69.702
2024-07-17T05:09:25.617348,16,3.221923828125,69.702
2024-07-17T05:09:25.642460,16,3.221923828125,69.262
2024-07-17T05:09:25.667586,16,3.221923828125,69.262
2024-07-17T05:09:25.692791,15,3.221923828125,69.262
2024-07-17T05:09:25.717884,15,3.221923828125,69.262
2024-07-17T05:09:25.743042,15,3.221923828125,69.262
2024-07-17T05:09:25.768222,15,3.221923828125,67.754
2024-07-17T05:09:25.793334,15,3.221923828125,67.754
2024-07-17T05:09:25.818456,15,3.221923828125,67.754
2024-07-17T05:09:25.843578,15,3.221923828125,67.754
2024-07-17T05:09:25.868701,15,3.221923828125,67.754
2024-07-17T05:09:25.893841,10,3.221923828125,67.754
2024-07-17T05:09:25.918975,10,3.221923828125,67.754
2024-07-17T05:09:25.944087,10,3.221923828125,67.754
2024-07-17T05:09:25.969201,10,3.221923828125,67.792
2024-07-17T05:09:25.994315,10,3.221923828125,67.792
2024-07-17T05:09:26.019482,10,3.221923828125,67.792
2024-07-17T05:09:26.044646,10,3.221923828125,67.792
2024-07-17T05:09:26.069868,10,3.221923828125,70.067
2024-07-17T05:09:26.094978,10,3.221923828125,70.067
2024-07-17T05:09:26.120127,10,3.221923828125,70.067
2024-07-17T05:09:26.145240,10,3.221923828125,70.067
2024-07-17T05:09:26.170354,10,3.221923828125,70.067
2024-07-17T05:09:26.195500,10,3.221923828125,69.73
2024-07-17T05:09:26.220612,10,3.221923828125,69.73
2024-07-17T05:09:26.245726,10,3.221923828125,69.73
2024-07-17T05:09:26.270903,10,3.221923828125,69.683
2024-07-17T05:09:26.296081,10,3.221923828125,69.683
2024-07-17T05:09:26.321192,16,3.221923828125,69.683
2024-07-17T05:09:26.346320,16,3.221923828125,69.683
2024-07-17T05:09:26.371443,16,3.221923828125,69.683
2024-07-17T05:09:26.396587,16,3.221923828125,69.315
2024-07-17T05:09:26.421700,16,3.221923828125,69.315
2024-07-17T05:09:26.446862,16,3.221923828125,69.315
2024-07-17T05:09:26.471999,16,3.221923828125,66.9
2024-07-17T05:09:26.497131,16,3.221923828125,66.9
2024-07-17T05:09:26.522258,16,3.221923828125,66.9
2024-07-17T05:09:26.547370,16,3.221923828125,66.9
2024-07-17T05:09:26.572515,16,3.221923828125,66.9
2024-07-17T05:09:26.597629,16,3.221923828125,67.567
2024-07-17T05:09:26.622782,16,3.221923828125,67.567
2024-07-17T05:09:26.647860,16,3.221923828125,67.567
2024-07-17T05:09:26.673020,16,3.221923828125,67.567
2024-07-17T05:09:26.698177,16,3.221923828125,67.096
2024-07-17T05:09:26.723301,10,3.221923828125,67.096
2024-07-17T05:09:26.748413,10,3.221923828125,67.096
2024-07-17T05:09:26.773541,10,3.221923828125,67.096
2024-07-17T05:09:26.798705,10,3.221923828125,67.766
2024-07-17T05:09:26.823832,10,3.221923828125,67.766
2024-07-17T05:09:26.848962,10,3.221923828125,67.766
2024-07-17T05:09:26.874093,10,3.221923828125,67.766
2024-07-17T05:09:26.899222,10,3.221923828125,70.176
2024-07-17T05:09:26.924452,10,3.221923828125,70.176
2024-07-17T05:09:26.949601,10,3.221923828125,70.176
2024-07-17T05:09:26.974779,10,3.221923828125,70.176
2024-07-17T05:09:26.999860,10,3.221923828125,70.176
2024-07-17T05:09:27.025029,10,3.221923828125,69.748
2024-07-17T05:09:27.050150,10,3.221923828125,69.748
2024-07-17T05:09:27.075263,10,3.221923828125,69.748
2024-07-17T05:09:27.100378,10,3.221923828125,69.261
2024-07-17T05:09:27.125517,15,3.221923828125,69.261
2024-07-17T05:09:27.150639,15,3.221923828125,69.261
2024-07-17T05:09:27.175759,15,3.221923828125,69.261
2024-07-17T05:09:27.200860,15,3.221923828125,69.261
2024-07-17T05:09:27.226027,15,3.221923828125,69.107
2024-07-17T05:09:27.251141,15,3.221923828125,69.107
2024-07-17T05:09:27.276265,15,3.221923828125,69.107
2024-07-17T05:09:27.301378,15,3.221923828125,67.69
2024-07-17T05:09:27.326584,15,3.221923828125,67.69
2024-07-17T05:09:27.351756,16,3.221923828125,67.69
2024-07-17T05:09:27.376892,16,3.221923828125,67.69
2024-07-17T05:09:27.402019,16,3.221923828125,67.69
2024-07-17T05:09:27.427132,16,3.221923828125,67.405
2024-07-17T05:09:27.452320,16,3.221923828125,67.405
2024-07-17T05:09:27.477445,16,3.221923828125,67.405
2024-07-17T05:09:27.502604,16,3.221923828125,67.852
2024-07-17T05:09:27.527717,12,3.221923828125,67.852
2024-07-17T05:09:27.552853,12,3.221923828125,67.852
2024-07-17T05:09:27.578050,12,3.221923828125,67.852
2024-07-17T05:09:27.603170,12,3.221923828125,67.852
2024-07-17T05:09:27.628292,12,3.221923828125,67.514
2024-07-17T05:09:27.653416,12,3.221923828125,67.514
2024-07-17T05:09:27.678537,12,3.221923828125,67.514
2024-07-17T05:09:27.703674,12,3.221923828125,67.514
2024-07-17T05:09:27.728797,12,3.221923828125,67.986
2024-07-17T05:09:27.753934,10,3.221923828125,67.986
2024-07-17T05:09:27.779050,10,3.221923828125,67.986
2024-07-17T05:09:27.804166,10,3.221923828125,67.986
2024-07-17T05:09:27.829279,10,3.221923828125,70.2
2024-07-17T05:09:27.854430,10,3.221923828125,70.2
2024-07-17T05:09:27.879542,10,3.221923828125,70.2
2024-07-17T05:09:27.904670,10,3.221923828125,70.2
2024-07-17T05:09:27.929834,10,3.221923828125,70.005
2024-07-17T05:09:27.954961,14,3.221923828125,70.005
2024-07-17T05:09:27.980089,14,3.221923828125,70.005
2024-07-17T05:09:28.005239,14,3.221923828125,70.005
2024-07-17T05:09:28.030351,14,3.221923828125,70.005
2024-07-17T05:09:28.055466,14,3.221923828125,69.411
2024-07-17T05:09:28.080599,14,3.221923828125,69.411
2024-07-17T05:09:28.105774,14,3.221923828125,69.411
2024-07-17T05:09:28.130859,14,3.221923828125,69.341
2024-07-17T05:09:28.155969,14,3.221923828125,69.341
2024-07-17T05:09:28.181083,16,3.221923828125,69.341
2024-07-17T05:09:28.206197,16,3.221923828125,69.341
2024-07-17T05:09:28.231317,16,3.221923828125,69.341
2024-07-17T05:09:28.256456,16,3.221923828125,67.166
2024-07-17T05:09:28.281630,16,3.221923828125,67.166
2024-07-17T05:09:28.306742,16,3.221923828125,67.166
2024-07-17T05:09:28.331868,16,3.221923828125,67.799
2024-07-17T05:09:28.356992,16,3.221923828125,67.799
2024-07-17T05:09:28.382125,13,3.221923828125,67.799
2024-07-17T05:09:28.407237,13,3.221923828125,67.799
2024-07-17T05:09:28.432363,13,3.221923828125,67.799
2024-07-17T05:09:28.457487,13,3.221923828125,67.191
2024-07-17T05:09:28.482624,13,3.221923828125,67.191
2024-07-17T05:09:28.507778,13,3.221923828125,67.191
2024-07-17T05:09:28.532859,13,3.221923828125,67.191
2024-07-17T05:09:28.557971,10,3.221923828125,67.986
2024-07-17T05:09:28.583083,10,3.221923828125,67.986
2024-07-17T05:09:28.608196,10,3.221923828125,67.986
2024-07-17T05:09:28.633334,10,3.221923828125,67.986
2024-07-17T05:09:28.658487,10,3.221923828125,70.083
2024-07-17T05:09:28.683601,10,3.221923828125,70.083
2024-07-17T05:09:28.708784,10,3.221923828125,70.083
2024-07-17T05:09:28.733859,10,3.221923828125,70.083
2024-07-17T05:09:28.759020,10,3.221923828125,69.683
2024-07-17T05:09:28.784145,13,3.221923828125,69.683
2024-07-17T05:09:28.809258,13,3.221923828125,69.683
2024-07-17T05:09:28.834386,13,3.221923828125,69.683
2024-07-17T05:09:28.859498,13,3.221923828125,69.683
2024-07-17T05:09:28.884621,13,3.221923828125,69.146
2024-07-17T05:09:28.909746,13,3.221923828125,69.146
2024-07-17T05:09:28.940881,13,3.221923828125,69.146
2024-07-17T05:09:28.966000,13,3.221923828125,69.146
2024-07-17T05:09:28.991112,14,3.221923828125,69.146
2024-07-17T05:09:29.016269,14,3.221923828125,69.146
2024-07-17T05:09:29.041449,14,3.221923828125,69.146
2024-07-17T05:09:29.066561,14,3.221923828125,69.146
2024-07-17T05:09:29.091673,14,3.221923828125,67.476
2024-07-17T05:09:29.116804,14,3.221923828125,67.476
2024-07-17T05:09:29.141919,14,3.221923828125,67.476
2024-07-17T05:09:29.167045,14,3.221923828125,67.476
2024-07-17T05:09:29.192180,14,3.221923828125,67.476
2024-07-17T05:09:29.217315,10,3.221923828125,67.476
2024-07-17T05:09:29.242436,10,3.221923828125,67.476
2024-07-17T05:09:29.267610,10,3.221923828125,67.476
2024-07-17T05:09:29.292753,10,3.221923828125,67.613
2024-07-17T05:09:29.317913,10,3.221923828125,67.613
2024-07-17T05:09:29.343024,10,3.221923828125,67.613
2024-07-17T05:09:29.368140,10,3.221923828125,67.613
2024-07-17T05:09:29.393279,10,3.221923828125,67.613
2024-07-17T05:09:29.418414,11,3.221923828125,67.613
2024-07-17T05:09:29.443542,11,3.221923828125,67.613
2024-07-17T05:09:29.468673,11,3.221923828125,67.613
2024-07-17T05:09:29.493798,11,3.221923828125,70.156
2024-07-17T05:09:29.518937,11,3.221923828125,70.156
2024-07-17T05:09:29.544061,11,3.221923828125,70.156
2024-07-17T05:09:29.569174,11,3.221923828125,70.156
2024-07-17T05:09:29.594319,16,3.221923828125,69.852
2024-07-17T05:09:29.619455,16,3.221923828125,69.852
2024-07-17T05:09:29.644620,16,3.221923828125,69.852
2024-07-17T05:09:29.669746,16,3.221923828125,69.852
2024-07-17T05:09:29.694860,16,3.221923828125,69.677
2024-07-17T05:09:29.719983,16,3.221923828125,69.677
2024-07-17T05:09:29.745109,16,3.221923828125,69.677
2024-07-17T05:09:29.770222,16,3.221923828125,69.677
2024-07-17T05:09:29.795389,16,3.221923828125,69.118
2024-07-17T05:09:29.820594,15,3.221923828125,69.118
2024-07-17T05:09:29.845718,15,3.221923828125,69.118
2024-07-17T05:09:29.870830,15,3.221923828125,69.118
2024-07-17T05:09:29.895996,15,3.221923828125,69.118
2024-07-17T05:09:29.921124,15,3.221923828125,67.58
2024-07-17T05:09:29.946230,15,3.221923828125,67.58
2024-07-17T05:09:29.971357,15,3.221923828125,67.58
2024-07-17T05:09:29.996491,15,3.221923828125,67.592
2024-07-17T05:09:30.021604,15,3.221923828125,67.592
2024-07-17T05:09:30.046730,10,3.221923828125,67.592
2024-07-17T05:09:30.071882,10,3.221923828125,67.592
2024-07-17T05:09:30.097011,10,3.221923828125,67.592
2024-07-17T05:09:30.122122,10,3.221923828125,67.327
2024-07-17T05:09:30.147246,10,3.221923828125,67.327
2024-07-17T05:09:30.172378,10,3.221923828125,67.327
2024-07-17T05:09:30.197515,10,3.221923828125,67.871
2024-07-17T05:09:30.222630,10,3.221923828125,67.871
2024-07-17T05:09:30.247758,10,3.221923828125,67.871
2024-07-17T05:09:30.272900,10,3.221923828125,67.871
2024-07-17T05:09:30.298060,10,3.221923828125,67.871
2024-07-17T05:09:30.323179,10,3.221923828125,69.942
2024-07-17T05:09:30.348303,10,3.221923828125,69.942
2024-07-17T05:09:30.373441,10,3.221923828125,69.942
2024-07-17T05:09:30.398620,10,3.221923828125,69.755
2024-07-17T05:09:30.423733,10,3.221923828125,69.755
2024-07-17T05:09:30.448883,16,3.221923828125,69.755
2024-07-17T05:09:30.474017,16,3.221923828125,69.755
2024-07-17T05:09:30.499130,16,3.221923828125,69.755
2024-07-17T05:09:30.524245,16,3.221923828125,69.392
2024-07-17T05:09:30.549376,16,3.221923828125,69.392
2024-07-17T05:09:30.574515,16,3.221923828125,69.392
2024-07-17T05:09:30.599656,16,3.221923828125,69.392
2024-07-17T05:09:30.624769,16,3.221923828125,69.146
2024-07-17T05:09:30.649869,16,3.221923828125,69.146
2024-07-17T05:09:30.674991,16,3.221923828125,69.146
2024-07-17T05:09:30.700128,16,3.221923828125,69.146
2024-07-17T05:09:30.725249,16,3.221923828125,67.087
2024-07-17T05:09:30.750363,16,3.221923828125,67.087
2024-07-17T05:09:30.775534,16,3.221923828125,67.087
2024-07-17T05:09:30.800665,16,3.221923828125,67.087
2024-07-17T05:09:30.825811,16,3.221923828125,67.916
2024-07-17T05:09:30.850941,10,3.221923828125,67.916
2024-07-17T05:09:30.876064,10,3.221923828125,67.916
2024-07-17T05:09:30.901200,10,3.221923828125,67.916
2024-07-17T05:09:30.926322,10,3.221923828125,67.916
2024-07-17T05:09:30.951433,10,3.221923828125,67.042
2024-07-17T05:09:30.976630,10,3.221923828125,67.042
2024-07-17T05:09:31.001824,10,3.221923828125,67.042
2024-07-17T05:09:31.026939,10,3.221923828125,67.941
2024-07-17T05:09:31.052094,10,3.221923828125,67.941
2024-07-17T05:09:31.077207,10,3.221923828125,67.941
2024-07-17T05:09:31.102350,10,3.221923828125,67.941
2024-07-17T05:09:31.127498,10,3.221923828125,67.941
2024-07-17T05:09:31.152618,10,3.221923828125,70.033
2024-07-17T05:09:31.177732,10,3.221923828125,70.033
2024-07-17T05:09:31.202873,10,3.221923828125,70.033
2024-07-17T05:09:31.227983,10,3.221923828125,69.852
2024-07-17T05:09:31.253095,10,3.221923828125,69.852
2024-07-17T05:09:31.278209,15,3.221923828125,69.852
2024-07-17T05:09:31.303323,15,3.221923828125,69.852
2024-07-17T05:09:31.328444,15,3.221923828125,69.852
2024-07-17T05:09:31.353633,15,3.221923828125,69.702
2024-07-17T05:09:31.378745,15,3.221923828125,69.702
2024-07-17T05:09:31.403859,15,3.221923828125,69.702
2024-07-17T05:09:31.428983,15,3.221923828125,69.702
2024-07-17T05:09:31.454097,15,3.221923828125,69.341
2024-07-17T05:09:31.479213,16,3.221923828125,69.341
2024-07-17T05:09:31.504325,16,3.221923828125,69.341
2024-07-17T05:09:31.529438,16,3.221923828125,69.341
2024-07-17T05:09:31.554578,16,3.221923828125,67.281
2024-07-17T05:09:31.579738,16,3.221923828125,67.281
2024-07-17T05:09:31.604869,16,3.221923828125,67.281
2024-07-17T05:09:31.629987,16,3.221923828125,67.281
2024-07-17T05:09:31.655167,16,3.221923828125,67.308
2024-07-17T05:09:31.680277,11,3.221923828125,67.308
2024-07-17T05:09:31.705400,11,3.221923828125,67.308
2024-07-17T05:09:31.730536,11,3.221923828125,67.308
2024-07-17T05:09:31.755711,11,3.221923828125,67.308
2024-07-17T05:09:31.780832,11,3.221923828125,67.637
2024-07-17T05:09:31.805972,11,3.221923828125,67.637
2024-07-17T05:09:31.831083,11,3.221923828125,67.637
2024-07-17T05:09:31.856209,11,3.221923828125,67.458
2024-07-17T05:09:31.881338,10,3.221923828125,67.458
2024-07-17T05:09:31.906462,10,3.221923828125,67.458
2024-07-17T05:09:31.931627,10,3.221923828125,67.458
2024-07-17T05:09:31.956752,10,3.221923828125,67.458
2024-07-17T05:09:31.981901,10,3.221923828125,67.871
2024-07-17T05:09:32.007012,10,3.221923828125,67.871
2024-07-17T05:09:32.032126,10,3.221923828125,67.871
2024-07-17T05:09:32.057247,10,3.221923828125,70.157
2024-07-17T05:09:32.082360,10,3.221923828125,70.157
2024-07-17T05:09:32.107474,14,3.221923828125,70.157
2024-07-17T05:09:32.132601,14,3.221923828125,70.157
2024-07-17T05:09:32.157715,14,3.221923828125,70.157
2024-07-17T05:09:32.182897,14,3.221923828125,70.014
2024-07-17T05:09:32.208009,14,3.221923828125,70.014
2024-07-17T05:09:32.233134,14,3.221923828125,70.014
2024-07-17T05:09:32.258247,14,3.221923828125,69.313
2024-07-17T05:09:32.283420,14,3.221923828125,69.313
2024-07-17T05:09:32.313869,16,3.221923828125,69.313
2024-07-17T05:09:32.338999,16,3.221923828125,69.313
2024-07-17T05:09:32.364114,16,3.221923828125,69.313
2024-07-17T05:09:32.389244,16,3.221923828125,69.243
2024-07-17T05:09:32.414364,16,3.221923828125,69.243
2024-07-17T05:09:32.439498,16,3.221923828125,69.243
2024-07-17T05:09:32.464612,16,3.221923828125,67.482
2024-07-17T05:09:32.489726,16,3.221923828125,67.482
2024-07-17T05:09:32.514903,13,3.221923828125,67.482
2024-07-17T05:09:32.540021,13,3.221923828125,67.482
2024-07-17T05:09:32.565159,13,3.221923828125,67.482
2024-07-17T05:09:32.590294,13,3.221923828125,67.863
2024-07-17T05:09:32.615420,13,3.221923828125,67.863
2024-07-17T05:09:32.640585,13,3.221923828125,67.863
2024-07-17T05:09:32.665698,13,3.221923828125,67.863
2024-07-17T05:09:32.690835,13,3.221923828125,67.237
2024-07-17T05:09:32.715948,10,3.221923828125,67.237
2024-07-17T05:09:32.741069,10,3.221923828125,67.237
2024-07-17T05:09:32.766230,10,3.221923828125,67.237
2024-07-17T05:09:32.791358,10,3.221923828125,70.177
2024-07-17T05:09:32.816469,10,3.221923828125,70.177
2024-07-17T05:09:32.841594,10,3.221923828125,70.177
2024-07-17T05:09:32.866728,10,3.221923828125,70.177
2024-07-17T05:09:32.891864,10,3.221923828125,70.177
2024-07-17T05:09:32.916986,13,3.221923828125,70.177
2024-07-17T05:09:32.942158,13,3.221923828125,70.177
2024-07-17T05:09:32.967273,13,3.221923828125,70.177
2024-07-17T05:09:32.992391,13,3.221923828125,70.177
2024-07-17T05:09:33.017524,13,3.221923828125,69.268
2024-07-17T05:09:33.042647,13,3.221923828125,69.268
2024-07-17T05:09:33.067791,13,3.221923828125,69.268
2024-07-17T05:09:33.092859,13,3.221923828125,69.268
2024-07-17T05:09:33.117978,13,3.221923828125,69.268
2024-07-17T05:09:33.143136,16,3.221923828125,69.268
2024-07-17T05:09:33.168256,16,3.221923828125,69.268
2024-07-17T05:09:33.193369,16,3.221923828125,69.268
2024-07-17T05:09:33.218566,16,3.221923828125,67.21
2024-07-17T05:09:33.243689,16,3.221923828125,67.21
2024-07-17T05:09:33.268812,16,3.221923828125,67.21
2024-07-17T05:09:33.293978,16,3.221923828125,67.774
2024-07-17T05:09:33.319105,16,3.221923828125,67.774
2024-07-17T05:09:33.344301,13,3.221923828125,67.774
2024-07-17T05:09:33.369448,13,3.221923828125,67.774
2024-07-17T05:09:33.394584,13,3.221923828125,67.774
2024-07-17T05:09:33.419710,13,3.221923828125,67.025
2024-07-17T05:09:33.444851,13,3.221923828125,67.025
2024-07-17T05:09:33.470008,13,3.221923828125,67.025
2024-07-17T05:09:33.495118,13,3.221923828125,67.843
2024-07-17T05:09:33.520232,9,3.221923828125,67.843
2024-07-17T05:09:33.545376,9,3.221923828125,67.843
2024-07-17T05:09:33.570589,9,3.221923828125,67.843
2024-07-17T05:09:33.595727,9,3.221923828125,67.843
2024-07-17T05:09:33.620885,9,3.221923828125,67.061
2024-07-17T05:09:33.646029,9,3.221923828125,67.061
2024-07-17T05:09:33.671216,9,3.221923828125,67.061
2024-07-17T05:09:33.696342,9,3.221923828125,67.061
2024-07-17T05:09:33.721455,9,3.221923828125,67.665
2024-07-17T05:09:33.746569,9,3.221923828125,67.665
2024-07-17T05:09:33.771765,9,3.221923828125,67.665
2024-07-17T05:09:33.796893,9,3.221923828125,67.665
2024-07-17T05:09:33.822014,9,3.221923828125,67.665
2024-07-17T05:09:33.847125,9,3.221923828125,67.281
2024-07-17T05:09:33.872319,9,3.221923828125,67.281
2024-07-17T05:09:33.897430,9,3.221923828125,67.281
2024-07-17T05:09:33.922565,9,3.221923828125,67.889
2024-07-17T05:09:33.947688,9,3.221923828125,67.889
2024-07-17T05:09:33.972810,9,3.221923828125,67.889
2024-07-17T05:09:33.997948,9,3.221923828125,67.889
2024-07-17T05:09:34.023068,9,3.221923828125,67.889
2024-07-17T05:09:34.048211,9,3.221923828125,67.379
2024-07-17T05:09:34.073331,9,3.221923828125,67.379
2024-07-17T05:09:34.098460,9,3.221923828125,67.379
2024-07-17T05:09:34.123572,9,3.221923828125,67.941
2024-07-17T05:09:34.148726,9,3.221923828125,67.941
2024-07-17T05:09:34.173847,9,3.221923828125,67.941
2024-07-17T05:09:34.198958,9,3.221923828125,67.941
2024-07-17T05:09:34.224071,9,3.221923828125,67.941
2024-07-17T05:09:34.249184,9,3.221923828125,67.529
2024-07-17T05:09:34.274337,9,3.221923828125,67.529
2024-07-17T05:09:34.299484,9,3.221923828125,67.529
2024-07-17T05:09:34.324629,9,3.221923828125,68.232
2024-07-17T05:09:34.349741,9,3.221923828125,68.232
2024-07-17T05:09:34.374857,9,3.221923828125,68.232
2024-07-17T05:09:34.464402,9,3.221923828125,65.215
2024-07-17T05:09:34.489671,9,3.221923828125,65.215
2024-07-17T05:09:34.514859,9,3.221923828125,65.215
2024-07-17T05:09:34.540025,9,3.221923828125,65.215
2024-07-17T05:09:34.565148,7,3.221923828125,66.918
2024-07-17T05:09:34.590269,7,3.221923828125,66.918
2024-07-17T05:09:34.615434,7,3.221923828125,66.918
2024-07-17T05:09:34.640576,7,3.221923828125,66.893
2024-07-17T05:09:34.665688,7,3.221923828125,66.893
2024-07-17T05:09:34.690800,7,3.221923828125,66.893
2024-07-17T05:09:34.715937,7,3.221923828125,66.893
2024-07-17T05:09:34.741139,7,3.221923828125,67.567
2024-07-17T05:09:34.766260,7,3.221923828125,67.567
2024-07-17T05:09:34.791407,6,3.221923828125,67.567
2024-07-17T05:09:34.816531,6,3.221923828125,67.567
2024-07-17T05:09:34.841645,6,3.221923828125,67.567
2024-07-17T05:09:34.866778,6,3.221923828125,66.867
2024-07-17T05:09:34.891871,6,3.221923828125,66.867
2024-07-17T05:09:34.916980,6,3.221923828125,66.867
2024-07-17T05:09:34.942104,6,3.221923828125,67.766
2024-07-17T05:09:34.967215,6,3.221923828125,67.766
2024-07-17T05:09:34.992349,9,3.221923828125,67.766
2024-07-17T05:09:35.017470,9,3.221923828125,67.766
2024-07-17T05:09:35.042609,9,3.221923828125,67.766
2024-07-17T05:09:35.067729,9,3.221923828125,66.945
2024-07-17T05:09:35.092883,9,3.221923828125,66.945
2024-07-17T05:09:35.118001,9,3.221923828125,66.945
2024-07-17T05:09:35.143173,9,3.221923828125,66.945
2024-07-17T05:09:35.168283,9,3.221923828125,67.844
2024-07-17T05:09:35.193405,8,3.221923828125,67.844
2024-07-17T05:09:35.218528,8,3.221923828125,67.844
2024-07-17T05:09:35.243690,8,3.221923828125,67.844
2024-07-17T05:09:35.268860,8,3.221923828125,67.106
2024-07-17T05:09:35.294006,8,3.221923828125,67.106
2024-07-17T05:09:35.319193,8,3.221923828125,67.106
2024-07-17T05:09:35.344315,8,3.221923828125,67.106
2024-07-17T05:09:35.369427,8,3.221923828125,67.863
2024-07-17T05:09:35.394590,9,3.221923828125,67.863
2024-07-17T05:09:35.419748,9,3.221923828125,67.863
2024-07-17T05:09:35.444860,9,3.221923828125,67.863
2024-07-17T05:09:35.469995,9,3.221923828125,67.863
2024-07-17T05:09:35.495116,9,3.221923828125,67.114
2024-07-17T05:09:35.520259,9,3.221923828125,67.114
2024-07-17T05:09:35.545382,9,3.221923828125,67.114
2024-07-17T05:09:35.570504,9,3.221923828125,67.114
2024-07-17T05:09:35.595628,9,3.221923828125,67.986
2024-07-17T05:09:35.620740,9,3.221923828125,67.986
2024-07-17T05:09:35.645944,9,3.221923828125,67.986
2024-07-17T05:09:35.671054,9,3.221923828125,67.29
2024-07-17T05:09:35.696174,9,3.221923828125,67.29
2024-07-17T05:09:35.721288,9,3.221923828125,67.29
2024-07-17T05:09:35.746411,9,3.221923828125,67.29
2024-07-17T05:09:35.771522,9,3.221923828125,67.754
2024-07-17T05:09:35.796643,9,3.221923828125,67.754
2024-07-17T05:09:35.821755,9,3.221923828125,67.754
2024-07-17T05:09:35.846874,9,3.221923828125,67.754
2024-07-17T05:09:35.872051,9,3.221923828125,67.754
2024-07-17T05:09:35.897174,9,3.221923828125,67.405
2024-07-17T05:09:35.922295,9,3.221923828125,67.405
2024-07-17T05:09:35.947448,9,3.221923828125,67.405
2024-07-17T05:09:35.972571,9,3.221923828125,67.889
2024-07-17T05:09:35.997699,9,3.221923828125,67.889
2024-07-17T05:09:36.022812,9,3.221923828125,67.889
2024-07-17T05:09:36.047938,9,3.221923828125,67.889
2024-07-17T05:09:36.073061,9,3.221923828125,67.889
2024-07-17T05:09:36.098182,9,3.221923828125,67.406
2024-07-17T05:09:36.123325,9,3.221923828125,67.406
2024-07-17T05:09:36.148437,9,3.221923828125,67.406
2024-07-17T05:09:36.173593,9,3.221923828125,67.406
2024-07-17T05:09:36.198713,9,3.221923828125,68.135
2024-07-17T05:09:36.223825,9,3.221923828125,68.135
2024-07-17T05:09:36.248948,9,3.221923828125,68.135
2024-07-17T05:09:36.274067,9,3.221923828125,68.135
2024-07-17T05:09:36.299236,9,3.221923828125,67.599
2024-07-17T05:09:36.324348,9,3.221923828125,67.599
2024-07-17T05:09:36.349460,9,3.221923828125,67.599
2024-07-17T05:09:36.374592,9,3.221923828125,67.599
2024-07-17T05:09:36.399753,9,3.221923828125,67.281
2024-07-17T05:09:36.424866,9,3.221923828125,67.281
2024-07-17T05:09:36.449999,9,3.221923828125,67.281
2024-07-17T05:09:36.475110,9,3.221923828125,67.281
2024-07-17T05:09:36.500223,9,3.221923828125,67.281
2024-07-17T05:09:36.525358,9,3.221923828125,67.061
2024-07-17T05:09:36.550494,9,3.221923828125,67.061
2024-07-17T05:09:36.575606,9,3.221923828125,67.061
2024-07-17T05:09:36.600754,9,3.221923828125,67.061
2024-07-17T05:09:36.625871,9,3.221923828125,67.708
2024-07-17T05:09:36.651041,9,3.221923828125,67.708
2024-07-17T05:09:36.676152,9,3.221923828125,67.708
2024-07-17T05:09:36.701306,9,3.221923828125,67.708
2024-07-17T05:09:36.726424,9,3.221923828125,67.708
2024-07-17T05:09:36.751558,9,3.221923828125,67.708
2024-07-17T05:09:36.776669,9,3.221923828125,67.708
2024-07-17T05:09:36.801782,9,3.221923828125,67.288
2024-07-17T05:09:36.826882,9,3.221923828125,67.288
2024-07-17T05:09:36.852000,9,3.221923828125,67.288
2024-07-17T05:09:36.877112,9,3.221923828125,67.288
2024-07-17T05:09:36.902247,9,3.221923828125,67.288
2024-07-17T05:09:36.927425,9,3.221923828125,66.672
2024-07-17T05:09:36.952536,9,3.221923828125,66.672
2024-07-17T05:09:36.977647,9,3.221923828125,66.672
2024-07-17T05:09:37.002836,9,3.221923828125,66.672
2024-07-17T05:09:37.027973,9,3.221923828125,67.617
2024-07-17T05:09:37.053084,9,3.221923828125,67.617
2024-07-17T05:09:37.078227,9,3.221923828125,67.617
2024-07-17T05:09:37.103370,9,3.221923828125,67.617
2024-07-17T05:09:37.128524,9,3.221923828125,66.893
2024-07-17T05:09:37.153635,9,3.221923828125,66.893
2024-07-17T05:09:37.178747,9,3.221923828125,66.893
2024-07-17T05:09:37.203922,9,3.221923828125,66.893
2024-07-17T05:09:37.229102,9,3.221923828125,67.696
2024-07-17T05:09:37.254214,9,3.221923828125,67.696
2024-07-17T05:09:37.279417,9,3.221923828125,67.696
2024-07-17T05:09:37.304528,9,3.221923828125,67.696
2024-07-17T05:09:37.329647,9,3.221923828125,67.696
2024-07-17T05:09:37.354760,9,3.221923828125,66.972
2024-07-17T05:09:37.379873,9,3.221923828125,66.972
2024-07-17T05:09:37.404992,9,3.221923828125,66.972
2024-07-17T05:09:37.430102,9,3.221923828125,67.618
2024-07-17T05:09:37.455242,9,3.221923828125,67.618
2024-07-17T05:09:37.480403,9,3.221923828125,67.618
2024-07-17T05:09:37.505514,9,3.221923828125,67.618
2024-07-17T05:09:37.530668,9,3.221923828125,67.184
2024-07-17T05:09:37.555794,9,3.221923828125,67.184
2024-07-17T05:09:37.580860,9,3.221923828125,67.184
2024-07-17T05:09:37.605970,9,3.221923828125,67.184
2024-07-17T05:09:37.631100,9,3.221923828125,67.69
2024-07-17T05:09:37.656219,9,3.221923828125,67.69
2024-07-17T05:09:37.681390,8,3.221923828125,67.69
2024-07-17T05:09:37.706537,8,3.221923828125,67.69
2024-07-17T05:09:37.731661,8,3.221923828125,67.69
2024-07-17T05:09:37.756785,8,3.221923828125,67.361
2024-07-17T05:09:37.781882,8,3.221923828125,67.361
2024-07-17T05:09:37.806991,8,3.221923828125,67.361
2024-07-17T05:09:37.832115,8,3.221923828125,67.916
2024-07-17T05:09:37.857228,8,3.221923828125,67.916
2024-07-17T05:09:37.882400,9,3.221923828125,67.916
2024-07-17T05:09:37.907523,9,3.221923828125,67.916
2024-07-17T05:09:37.932633,9,3.221923828125,67.916
2024-07-17T05:09:37.957753,9,3.221923828125,67.191
2024-07-17T05:09:37.982907,9,3.221923828125,67.191
2024-07-17T05:09:38.008053,9,3.221923828125,67.191
2024-07-17T05:09:38.033172,9,3.221923828125,67.191
2024-07-17T05:09:38.058285,9,3.221923828125,66.945
2024-07-17T05:09:38.083428,9,3.221923828125,66.945
2024-07-17T05:09:38.108579,9,3.221923828125,66.945
2024-07-17T05:09:38.133734,9,3.221923828125,66.945
2024-07-17T05:09:38.158851,9,3.221923828125,67.431
2024-07-17T05:09:38.183976,9,3.221923828125,67.431
2024-07-17T05:09:38.209097,9,3.221923828125,67.431
2024-07-17T05:09:38.234237,9,3.221923828125,67.431
2024-07-17T05:09:38.259347,9,3.221923828125,66.705
2024-07-17T05:09:38.284469,9,3.221923828125,66.705
2024-07-17T05:09:38.309603,9,3.221923828125,66.705
2024-07-17T05:09:38.334729,9,3.221923828125,66.705
2024-07-17T05:09:38.359852,9,3.221923828125,66.705
2024-07-17T05:09:38.384966,9,3.221923828125,67.502
2024-07-17T05:09:38.410080,9,3.221923828125,67.502
2024-07-17T05:09:38.435229,9,3.221923828125,67.502
2024-07-17T05:09:38.460353,9,3.221923828125,66.841
2024-07-17T05:09:38.485484,9,3.221923828125,66.841
2024-07-17T05:09:38.510628,9,3.221923828125,66.841
2024-07-17T05:09:38.535750,9,3.221923828125,66.841
2024-07-17T05:09:38.560860,9,3.221923828125,67.529
2024-07-17T05:09:38.585971,9,3.221923828125,67.529
2024-07-17T05:09:38.611091,9,3.221923828125,67.529
2024-07-17T05:09:38.636276,9,3.221923828125,67.529
2024-07-17T05:09:38.661400,9,3.221923828125,67.016
2024-07-17T05:09:38.686532,9,3.221923828125,67.016
2024-07-17T05:09:38.711681,9,3.221923828125,67.016
2024-07-17T05:09:38.736806,9,3.221923828125,67.016
2024-07-17T05:09:38.761927,9,3.221923828125,67.016
2024-07-17T05:09:38.787084,9,3.221923828125,67.502
2024-07-17T05:09:38.812209,9,3.221923828125,67.502
2024-07-17T05:09:38.837320,9,3.221923828125,67.502
2024-07-17T05:09:38.862503,9,3.221923828125,66.841
2024-07-17T05:09:38.887653,9,3.221923828125,66.841
2024-07-17T05:09:38.912839,9,3.221923828125,66.841
2024-07-17T05:09:38.937954,9,3.221923828125,66.841
2024-07-17T05:09:38.963066,9,3.221923828125,66.841
2024-07-17T05:09:38.988204,9,3.221923828125,67.529
2024-07-17T05:09:39.013364,9,3.221923828125,67.529
2024-07-17T05:09:39.038475,9,3.221923828125,67.529
2024-07-17T05:09:39.063586,9,3.221923828125,67.529
2024-07-17T05:09:39.088743,9,3.221923828125,66.795
2024-07-17T05:09:39.113890,9,3.221923828125,66.795
2024-07-17T05:09:39.139033,9,3.221923828125,66.795
2024-07-17T05:09:39.164165,9,3.221923828125,66.795
2024-07-17T05:09:39.189336,9,3.221923828125,67.611
2024-07-17T05:09:39.214448,9,3.221923828125,67.611
2024-07-17T05:09:39.239597,9,3.221923828125,67.611
2024-07-17T05:09:39.264720,9,3.221923828125,67.611
2024-07-17T05:09:39.289849,9,3.221923828125,67.139
2024-07-17T05:09:39.314960,9,3.221923828125,67.139
2024-07-17T05:09:39.340081,9,3.221923828125,67.139
2024-07-17T05:09:39.365194,9,3.221923828125,67.139
2024-07-17T05:09:39.390352,9,3.221923828125,67.139
2024-07-17T05:09:39.415524,9,3.221923828125,67.792
2024-07-17T05:09:39.440656,9,3.221923828125,67.792
2024-07-17T05:09:39.465788,9,3.221923828125,67.792
2024-07-17T05:09:39.490892,9,3.221923828125,67.094
2024-07-17T05:09:39.516000,9,3.221923828125,67.094
2024-07-17T05:09:39.541188,9,3.221923828125,67.094
2024-07-17T05:09:39.566299,9,3.221923828125,67.094
2024-07-17T05:09:39.591414,9,3.221923828125,67.994
2024-07-17T05:09:39.616533,9,3.221923828125,67.994
2024-07-17T05:09:39.641682,9,3.221923828125,67.994
2024-07-17T05:09:39.666793,9,3.221923828125,67.994
2024-07-17T05:09:39.691877,9,3.221923828125,67.283
2024-07-17T05:09:39.716987,9,3.221923828125,67.283
2024-07-17T05:09:39.742114,9,3.221923828125,67.283
2024-07-17T05:09:39.767292,9,3.221923828125,67.283
2024-07-17T05:09:39.792418,9,3.221923828125,67.283
2024-07-17T05:09:39.817540,9,3.221923828125,66.972
2024-07-17T05:09:39.842652,9,3.221923828125,66.972
2024-07-17T05:09:39.867816,9,3.221923828125,66.972
2024-07-17T05:09:39.892930,9,3.221923828125,67.483
2024-07-17T05:09:39.918052,9,3.221923828125,67.483
2024-07-17T05:09:39.943164,9,3.221923828125,67.483
2024-07-17T05:09:39.968298,9,3.221923828125,67.483
2024-07-17T05:09:39.993410,9,3.221923828125,67.483
2024-07-17T05:09:40.018555,9,3.221923828125,66.796
2024-07-17T05:09:40.043667,9,3.221923828125,66.796
2024-07-17T05:09:40.068801,9,3.221923828125,66.796
2024-07-17T05:09:40.093918,9,3.221923828125,66.796
2024-07-17T05:09:40.119107,9,3.221923828125,67.567
2024-07-17T05:09:40.144255,9,3.221923828125,67.567
2024-07-17T05:09:40.169382,9,3.221923828125,67.567
2024-07-17T05:09:40.194566,9,3.221923828125,67.567
2024-07-17T05:09:40.219702,9,3.221923828125,66.751
2024-07-17T05:09:40.244839,9,3.221923828125,66.751
2024-07-17T05:09:40.269995,9,3.221923828125,66.751
2024-07-17T05:09:40.295137,9,3.221923828125,66.751
2024-07-17T05:09:40.320262,9,3.221923828125,67.844
2024-07-17T05:09:40.345385,9,3.221923828125,67.844
2024-07-17T05:09:40.370520,9,3.221923828125,67.844
2024-07-17T05:09:40.395641,9,3.221923828125,67.844
2024-07-17T05:09:40.420753,9,3.221923828125,67.844
2024-07-17T05:09:40.445878,9,3.221923828125,67.475
2024-07-17T05:09:40.471007,9,3.221923828125,67.475
2024-07-17T05:09:40.496128,9,3.221923828125,67.475
2024-07-17T05:09:40.521239,9,3.221923828125,67.475
2024-07-17T05:09:40.546441,9,3.221923828125,67.475
2024-07-17T05:09:40.571591,9,3.221923828125,67.475
2024-07-17T05:09:40.596703,9,3.221923828125,67.475
2024-07-17T05:09:40.621823,9,3.221923828125,67.475
2024-07-17T05:09:40.646981,9,3.221923828125,67.567
2024-07-17T05:09:40.672174,9,3.221923828125,67.567
2024-07-17T05:09:40.697293,9,3.221923828125,67.567
2024-07-17T05:09:40.722404,9,3.221923828125,67.567
2024-07-17T05:09:40.747546,9,3.221923828125,67.567
2024-07-17T05:09:40.772697,9,3.221923828125,67.567
2024-07-17T05:09:40.797808,9,3.221923828125,67.567
2024-07-17T05:09:40.822932,9,3.221923828125,67.567
2024-07-17T05:09:40.848056,9,3.221923828125,67.735
2024-07-17T05:09:40.873180,9,3.221923828125,67.735
2024-07-17T05:09:40.898291,9,3.221923828125,67.735
2024-07-17T05:09:40.923403,9,3.221923828125,67.735
2024-07-17T05:09:40.948517,9,3.221923828125,67.735
2024-07-17T05:09:40.973654,9,3.221923828125,67.735
2024-07-17T05:09:40.998775,9,3.221923828125,67.735
2024-07-17T05:09:41.023890,9,3.221923828125,67.735
2024-07-17T05:09:41.048999,9,3.221923828125,67.54
2024-07-17T05:09:41.074110,9,3.221923828125,67.54
2024-07-17T05:09:41.099243,9,3.221923828125,67.54
2024-07-17T05:09:41.124382,9,3.221923828125,67.54
2024-07-17T05:09:41.149559,9,3.221923828125,67.263
2024-07-17T05:09:41.174696,9,3.221923828125,67.263
2024-07-17T05:09:41.199828,9,3.221923828125,67.263
2024-07-17T05:09:41.224949,9,3.221923828125,67.263
2024-07-17T05:09:41.250075,9,3.221923828125,67.263
2024-07-17T05:09:41.275212,9,3.221923828125,67.69
2024-07-17T05:09:41.300325,9,3.221923828125,67.69
2024-07-17T05:09:41.325444,9,3.221923828125,67.69
2024-07-17T05:09:41.350555,9,3.221923828125,67.166
2024-07-17T05:09:41.375713,9,3.221923828125,67.166
2024-07-17T05:09:41.400824,9,3.221923828125,67.166
2024-07-17T05:09:41.425949,9,3.221923828125,67.166
2024-07-17T05:09:41.451062,9,3.221923828125,67.166
2024-07-17T05:09:41.476245,9,3.221923828125,68.013
2024-07-17T05:09:41.501356,9,3.221923828125,68.013
2024-07-17T05:09:41.526467,9,3.221923828125,68.013
2024-07-17T05:09:41.551578,9,3.221923828125,68.013
2024-07-17T05:09:41.576701,8,3.221923828125,67.529
2024-07-17T05:09:41.601828,8,3.221923828125,67.529
2024-07-17T05:09:41.626948,8,3.221923828125,67.529
2024-07-17T05:09:41.652074,8,3.221923828125,66.644
2024-07-17T05:09:41.677193,8,3.221923828125,66.644
2024-07-17T05:09:41.702327,8,3.221923828125,66.644
2024-07-17T05:09:41.727478,8,3.221923828125,66.644
2024-07-17T05:09:41.752596,8,3.221923828125,67.502
2024-07-17T05:09:41.777792,8,3.221923828125,67.502
2024-07-17T05:09:41.802886,9,3.221923828125,67.502
2024-07-17T05:09:41.828005,9,3.221923828125,67.502
2024-07-17T05:09:41.853117,9,3.221923828125,67.502
2024-07-17T05:09:41.878239,9,3.221923828125,66.604
2024-07-17T05:09:41.903370,9,3.221923828125,66.604
2024-07-17T05:09:41.928497,9,3.221923828125,66.604
2024-07-17T05:09:41.953623,9,3.221923828125,66.604
2024-07-17T05:09:41.978735,9,3.221923828125,67.333
2024-07-17T05:09:42.003859,9,3.221923828125,67.333
2024-07-17T05:09:42.028971,9,3.221923828125,67.333
2024-07-17T05:09:42.054093,9,3.221923828125,67.333
2024-07-17T05:09:42.079205,9,3.221923828125,66.724
2024-07-17T05:09:42.104329,9,3.221923828125,66.724
2024-07-17T05:09:42.129472,9,3.221923828125,66.724
2024-07-17T05:09:42.154583,9,3.221923828125,66.724
2024-07-17T05:09:42.179724,9,3.221923828125,67.502
2024-07-17T05:09:42.204878,9,3.221923828125,67.502
2024-07-17T05:09:42.229989,9,3.221923828125,67.502
2024-07-17T05:09:42.255110,9,3.221923828125,67.502
2024-07-17T05:09:42.280221,9,3.221923828125,67.502
2024-07-17T05:09:42.305344,9,3.221923828125,66.895
2024-07-17T05:09:42.330465,9,3.221923828125,66.895
2024-07-17T05:09:42.355587,9,3.221923828125,66.895
2024-07-17T05:09:42.380699,9,3.221923828125,67.638
2024-07-17T05:09:42.405821,9,3.221923828125,67.638
2024-07-17T05:09:42.430987,9,3.221923828125,67.638
2024-07-17T05:09:42.456114,9,3.221923828125,67.638
2024-07-17T05:09:42.481225,9,3.221923828125,67.638
2024-07-17T05:09:42.506344,9,3.221923828125,66.821
2024-07-17T05:09:42.531464,9,3.221923828125,66.821
2024-07-17T05:09:42.556606,9,3.221923828125,66.821
2024-07-17T05:09:42.581759,9,3.221923828125,66.821
2024-07-17T05:09:42.606870,9,3.221923828125,67.708
2024-07-17T05:09:42.632001,9,3.221923828125,67.708
2024-07-17T05:09:42.657112,9,3.221923828125,67.708
2024-07-17T05:09:42.682248,9,3.221923828125,67.096
2024-07-17T05:09:42.707367,9,3.221923828125,67.096
2024-07-17T05:09:42.732501,9,3.221923828125,67.096
2024-07-17T05:09:42.757614,9,3.221923828125,67.096
2024-07-17T05:09:42.782751,9,3.221923828125,67.54
2024-07-17T05:09:42.807859,9,3.221923828125,67.54
2024-07-17T05:09:42.832989,9,3.221923828125,67.54
2024-07-17T05:09:42.858108,9,3.221923828125,67.54
2024-07-17T05:09:42.883265,9,3.221923828125,67.54
2024-07-17T05:09:42.908392,9,3.221923828125,67.016
2024-07-17T05:09:42.933539,9,3.221923828125,67.016
2024-07-17T05:09:42.958658,9,3.221923828125,67.016
2024-07-17T05:09:42.983770,9,3.221923828125,67.016
2024-07-17T05:09:43.008870,9,3.221923828125,67.727
2024-07-17T05:09:43.034046,9,3.221923828125,67.727
2024-07-17T05:09:43.059243,9,3.221923828125,67.727
2024-07-17T05:09:43.084355,9,3.221923828125,67.727
2024-07-17T05:09:43.109510,9,3.221923828125,67.727
2024-07-17T05:09:43.134639,9,3.221923828125,67.309
2024-07-17T05:09:43.159774,9,3.221923828125,67.309
2024-07-17T05:09:43.184880,9,3.221923828125,67.309
2024-07-17T05:09:43.210002,9,3.221923828125,67.844
2024-07-17T05:09:43.235137,9,3.221923828125,67.844
2024-07-17T05:09:43.260249,9,3.221923828125,67.844
2024-07-17T05:09:43.285393,9,3.221923828125,67.844
2024-07-17T05:09:43.310513,9,3.221923828125,67.844
2024-07-17T05:09:43.335625,9,3.221923828125,67.386
2024-07-17T05:09:43.360788,9,3.221923828125,67.386
2024-07-17T05:09:43.385860,9,3.221923828125,67.386
2024-07-17T05:09:43.411014,9,3.221923828125,67.016
2024-07-17T05:09:43.436144,9,3.221923828125,67.016
2024-07-17T05:09:43.461283,9,3.221923828125,67.016
2024-07-17T05:09:43.486403,9,3.221923828125,67.016
2024-07-17T05:09:43.511516,9,3.221923828125,67.016
2024-07-17T05:09:43.536638,9,3.221923828125,67.387
2024-07-17T05:09:43.561823,9,3.221923828125,67.387
2024-07-17T05:09:43.586936,9,3.221923828125,67.387
2024-07-17T05:09:43.612057,9,3.221923828125,66.867
2024-07-17T05:09:43.637176,9,3.221923828125,66.867
2024-07-17T05:09:43.662307,9,3.221923828125,66.867
2024-07-17T05:09:43.687419,9,3.221923828125,66.867
2024-07-17T05:09:43.712542,9,3.221923828125,66.867
2024-07-17T05:09:43.737691,9,3.221923828125,67.412
2024-07-17T05:09:43.762831,9,3.221923828125,67.412
2024-07-17T05:09:43.787945,9,3.221923828125,67.412
2024-07-17T05:09:43.813067,9,3.221923828125,67.412
2024-07-17T05:09:43.838214,9,3.221923828125,67.016
2024-07-17T05:09:43.863360,9,3.221923828125,67.016
2024-07-17T05:09:43.888511,9,3.221923828125,67.016
2024-07-17T05:09:43.913632,9,3.221923828125,67.016
2024-07-17T05:09:43.938759,9,3.221923828125,67.613
2024-07-17T05:09:43.963873,9,3.221923828125,67.613
2024-07-17T05:09:43.989010,9,3.221923828125,67.613
2024-07-17T05:09:44.014171,9,3.221923828125,67.613
2024-07-17T05:09:44.039289,9,3.221923828125,67.229
2024-07-17T05:09:44.064492,9,3.221923828125,67.229
2024-07-17T05:09:44.089605,9,3.221923828125,67.229
2024-07-17T05:09:44.114772,9,3.221923828125,67.229
2024-07-17T05:09:44.139859,9,3.221923828125,67.229
2024-07-17T05:09:44.164969,9,3.221923828125,66.9
2024-07-17T05:09:44.190081,9,3.221923828125,66.9
2024-07-17T05:09:44.215206,9,3.221923828125,66.9
2024-07-17T05:09:44.240317,9,3.221923828125,66.9
2024-07-17T05:09:44.265436,9,3.221923828125,66.9
2024-07-17T05:09:44.290547,9,3.221923828125,66.9
2024-07-17T05:09:44.315742,9,3.221923828125,66.9
2024-07-17T05:09:44.340872,9,3.221923828125,66.9
2024-07-17T05:09:44.365983,9,3.221923828125,66.953
2024-07-17T05:09:44.391120,9,3.221923828125,66.953
2024-07-17T05:09:44.416263,9,3.221923828125,66.953
2024-07-17T05:09:44.441383,9,3.221923828125,66.953
2024-07-17T05:09:44.466503,9,3.221923828125,66.953
2024-07-17T05:09:44.491628,9,3.221923828125,66.953
2024-07-17T05:09:44.516755,9,3.221923828125,66.953
2024-07-17T05:09:44.541916,9,3.221923828125,66.953
2024-07-17T05:09:44.567027,9,3.221923828125,67.301
2024-07-17T05:09:44.592209,9,3.221923828125,67.301
2024-07-17T05:09:44.617319,9,3.221923828125,67.301
2024-07-17T05:09:44.642446,9,3.221923828125,67.301
2024-07-17T05:09:44.667557,9,3.221923828125,67.301
2024-07-17T05:09:44.692716,8,3.221923828125,67.301
2024-07-17T05:09:44.717828,8,3.221923828125,67.301
2024-07-17T05:09:44.742954,8,3.221923828125,67.301
2024-07-17T05:09:44.768072,8,3.221923828125,67.236
2024-07-17T05:09:44.793196,8,3.221923828125,67.236
2024-07-17T05:09:44.818327,8,3.221923828125,67.236
2024-07-17T05:09:44.843437,8,3.221923828125,67.236
2024-07-17T05:09:44.868549,8,3.221923828125,68.0
2024-07-17T05:09:44.893670,9,3.221923828125,68.0
2024-07-17T05:09:44.918791,9,3.221923828125,68.0
2024-07-17T05:09:44.943860,9,3.221923828125,68.0
2024-07-17T05:09:44.968971,9,3.221923828125,68.0
2024-07-17T05:09:44.994144,9,3.221923828125,67.379
2024-07-17T05:09:45.019327,9,3.221923828125,67.379
2024-07-17T05:09:45.044439,9,3.221923828125,67.379
2024-07-17T05:09:45.069560,9,3.221923828125,66.805
2024-07-17T05:09:45.094681,9,3.221923828125,66.805
2024-07-17T05:09:45.119811,9,3.221923828125,66.805
2024-07-17T05:09:45.144956,9,3.221923828125,66.805
2024-07-17T05:09:45.170082,9,3.221923828125,66.805
2024-07-17T05:09:45.195193,9,3.221923828125,67.431
2024-07-17T05:09:45.220316,9,3.221923828125,67.431
2024-07-17T05:09:45.245450,9,3.221923828125,67.431
2024-07-17T05:09:45.270562,9,3.221923828125,66.748
2024-07-17T05:09:45.295692,9,3.221923828125,66.748
2024-07-17T05:09:45.320815,9,3.221923828125,66.748
2024-07-17T05:09:45.345965,9,3.221923828125,66.748
2024-07-17T05:09:45.371077,9,3.221923828125,66.748
2024-07-17T05:09:45.396215,9,3.221923828125,67.573
2024-07-17T05:09:45.421326,9,3.221923828125,67.573
2024-07-17T05:09:45.446450,9,3.221923828125,67.573
2024-07-17T05:09:45.471590,9,3.221923828125,66.805
2024-07-17T05:09:45.496758,9,3.221923828125,66.805
2024-07-17T05:09:45.521930,9,3.221923828125,66.805
2024-07-17T05:09:45.547040,9,3.221923828125,66.805
2024-07-17T05:09:45.572192,9,3.221923828125,66.805
2024-07-17T05:09:45.657449,9,3.221923828125,67.638
2024-07-17T05:09:45.682653,9,3.221923828125,63.787
2024-07-17T05:09:45.707836,9,3.221923828125,63.787
2024-07-17T05:09:45.733021,5,3.221923828125,63.787
2024-07-17T05:09:45.758134,5,3.221923828125,63.787
2024-07-17T05:09:45.783335,5,3.221923828125,63.787
2024-07-17T05:09:45.808502,5,3.221923828125,66.848
2024-07-17T05:09:45.833643,5,3.221923828125,66.848
2024-07-17T05:09:45.858780,5,3.221923828125,66.848
2024-07-17T05:09:45.883867,5,3.221923828125,67.529
2024-07-17T05:09:45.908987,5,3.221923828125,67.529
2024-07-17T05:09:45.934100,8,3.221923828125,67.529
2024-07-17T05:09:45.959258,8,3.221923828125,67.529
2024-07-17T05:09:45.984381,8,3.221923828125,67.529
2024-07-17T05:09:46.009531,8,3.221923828125,67.061
2024-07-17T05:09:46.034653,8,3.221923828125,67.061
2024-07-17T05:09:46.059777,8,3.221923828125,67.061
2024-07-17T05:09:46.084860,8,3.221923828125,67.061
2024-07-17T05:09:46.109993,8,3.221923828125,67.664
2024-07-17T05:09:46.135104,9,3.221923828125,67.664
2024-07-17T05:09:46.160254,9,3.221923828125,67.664
2024-07-17T05:09:46.185375,9,3.221923828125,67.664
2024-07-17T05:09:46.210511,9,3.221923828125,67.069
2024-07-17T05:09:46.235638,9,3.221923828125,67.069
2024-07-17T05:09:46.260780,9,3.221923828125,67.069
2024-07-17T05:09:46.285871,9,3.221923828125,67.069
2024-07-17T05:09:46.311000,9,3.221923828125,67.78
2024-07-17T05:09:46.336130,8,3.221923828125,67.78
2024-07-17T05:09:46.361253,8,3.221923828125,67.78
2024-07-17T05:09:46.386447,8,3.221923828125,67.78
2024-07-17T05:09:46.411616,8,3.221923828125,67.78
2024-07-17T05:09:46.436737,8,3.221923828125,67.094
2024-07-17T05:09:46.461874,8,3.221923828125,67.094
2024-07-17T05:09:46.487028,8,3.221923828125,67.094
2024-07-17T05:09:46.512147,8,3.221923828125,67.889
2024-07-17T05:09:46.537259,9,3.221923828125,67.889
2024-07-17T05:09:46.562371,9,3.221923828125,67.889
2024-07-17T05:09:46.587554,9,3.221923828125,67.889
2024-07-17T05:09:46.612666,9,3.221923828125,67.352
2024-07-17T05:09:46.637778,9,3.221923828125,67.352
2024-07-17T05:09:46.662859,9,3.221923828125,67.352
2024-07-17T05:09:46.687982,9,3.221923828125,67.352
2024-07-17T05:09:46.713103,9,3.221923828125,66.751
2024-07-17T05:09:46.738224,9,3.221923828125,66.751
2024-07-17T05:09:46.763401,9,3.221923828125,66.751
2024-07-17T05:09:46.788532,9,3.221923828125,66.751
2024-07-17T05:09:46.813644,9,3.221923828125,66.751
2024-07-17T05:09:46.838764,9,3.221923828125,67.353
2024-07-17T05:09:46.863868,9,3.221923828125,67.353
2024-07-17T05:09:46.889044,9,3.221923828125,67.353
2024-07-17T05:09:46.914156,9,3.221923828125,66.795
2024-07-17T05:09:46.939269,9,3.221923828125,66.795
2024-07-17T05:09:46.964399,9,3.221923828125,66.795
2024-07-17T05:09:46.989540,9,3.221923828125,66.795
2024-07-17T05:09:47.014651,9,3.221923828125,66.795
2024-07-17T05:09:47.039808,9,3.221923828125,67.476
2024-07-17T05:09:47.064999,9,3.221923828125,67.476
2024-07-17T05:09:47.090173,9,3.221923828125,67.476
2024-07-17T05:09:47.115291,9,3.221923828125,67.476
2024-07-17T05:09:47.140426,9,3.221923828125,66.893
2024-07-17T05:09:47.165538,9,3.221923828125,66.893
2024-07-17T05:09:47.190670,9,3.221923828125,66.893
2024-07-17T05:09:47.215802,9,3.221923828125,66.893
2024-07-17T05:09:47.240927,9,3.221923828125,66.893
2024-07-17T05:09:47.266046,9,3.221923828125,67.556
2024-07-17T05:09:47.291210,9,3.221923828125,67.556
2024-07-17T05:09:47.316332,9,3.221923828125,67.556
2024-07-17T05:09:47.341471,9,3.221923828125,66.867
2024-07-17T05:09:47.366582,9,3.221923828125,66.867
2024-07-17T05:09:47.391705,9,3.221923828125,66.867
2024-07-17T05:09:47.416840,9,3.221923828125,66.867
2024-07-17T05:09:47.441982,9,3.221923828125,66.867
2024-07-17T05:09:47.467112,9,3.221923828125,67.529
2024-07-17T05:09:47.492232,9,3.221923828125,67.529
2024-07-17T05:09:47.517343,9,3.221923828125,67.529
2024-07-17T05:09:47.542471,9,3.221923828125,67.529
2024-07-17T05:09:47.567626,9,3.221923828125,66.936
2024-07-17T05:09:47.592748,9,3.221923828125,66.936
2024-07-17T05:09:47.617859,9,3.221923828125,66.936
2024-07-17T05:09:47.643049,9,3.221923828125,67.689
2024-07-17T05:09:47.668230,9,3.221923828125,67.689
2024-07-17T05:09:47.693388,9,3.221923828125,67.689
2024-07-17T05:09:47.718501,9,3.221923828125,67.689
2024-07-17T05:09:47.743628,9,3.221923828125,67.139
2024-07-17T05:09:47.768785,9,3.221923828125,67.139
2024-07-17T05:09:47.793890,9,3.221923828125,67.139
2024-07-17T05:09:47.819012,9,3.221923828125,67.139
2024-07-17T05:09:47.844124,9,3.221923828125,67.139
2024-07-17T05:09:47.869285,9,3.221923828125,67.21
2024-07-17T05:09:47.894436,9,3.221923828125,67.21
2024-07-17T05:09:47.919561,9,3.221923828125,67.21
2024-07-17T05:09:47.944672,9,3.221923828125,67.21
2024-07-17T05:09:47.969811,9,3.221923828125,67.21
2024-07-17T05:09:47.995008,9,3.221923828125,67.21
2024-07-17T05:09:48.020132,9,3.221923828125,67.21
2024-07-17T05:09:48.045274,9,3.221923828125,67.21
2024-07-17T05:09:48.070414,9,3.221923828125,67.115
2024-07-17T05:09:48.095525,9,3.221923828125,67.115
2024-07-17T05:09:48.120695,9,3.221923828125,67.115
2024-07-17T05:09:48.145841,9,3.221923828125,67.115
2024-07-17T05:09:48.170988,9,3.221923828125,67.115
2024-07-17T05:09:48.196111,9,3.221923828125,67.115
2024-07-17T05:09:48.221224,9,3.221923828125,67.115
2024-07-17T05:09:48.246362,9,3.221923828125,67.115
2024-07-17T05:09:48.271490,9,3.221923828125,67.115
2024-07-17T05:09:48.296640,9,3.221923828125,67.288
2024-07-17T05:09:48.321761,9,3.221923828125,67.288
2024-07-17T05:09:48.346875,9,3.221923828125,67.288
2024-07-17T05:09:48.372075,9,3.221923828125,67.288
2024-07-17T05:09:48.397186,9,3.221923828125,67.288
2024-07-17T05:09:48.422315,9,3.221923828125,67.288
2024-07-17T05:09:48.447470,9,3.221923828125,67.288
2024-07-17T05:09:48.472589,9,3.221923828125,67.288
2024-07-17T05:09:48.497783,9,3.221923828125,67.309
2024-07-17T05:09:48.522903,9,3.221923828125,67.309
2024-07-17T05:09:48.548061,9,3.221923828125,67.309
2024-07-17T05:09:48.573240,9,3.221923828125,67.309
2024-07-17T05:09:48.598364,9,3.221923828125,66.867
2024-07-17T05:09:48.623496,9,3.221923828125,66.867
2024-07-17T05:09:48.648629,9,3.221923828125,66.867
2024-07-17T05:09:48.673757,9,3.221923828125,67.482
2024-07-17T05:09:48.698888,9,3.221923828125,67.482
2024-07-17T05:09:48.724014,9,3.221923828125,67.482
2024-07-17T05:09:48.749133,9,3.221923828125,67.482
2024-07-17T05:09:48.774261,9,3.221923828125,66.778
2024-07-17T05:09:48.799390,9,3.221923828125,66.778
2024-07-17T05:09:48.824501,9,3.221923828125,66.778
2024-07-17T05:09:48.849638,9,3.221923828125,66.778
2024-07-17T05:09:48.874768,9,3.221923828125,66.778
2024-07-17T05:09:48.899870,9,3.221923828125,67.407
2024-07-17T05:09:48.924982,9,3.221923828125,67.407
2024-07-17T05:09:48.950106,9,3.221923828125,67.407
2024-07-17T05:09:48.975282,9,3.221923828125,67.407
2024-07-17T05:09:49.000393,9,3.221923828125,66.848
2024-07-17T05:09:49.025538,9,3.221923828125,66.848
2024-07-17T05:09:49.050648,9,3.221923828125,66.848
2024-07-17T05:09:49.075773,9,3.221923828125,66.848
2024-07-17T05:09:49.100885,9,3.221923828125,67.483
2024-07-17T05:09:49.126008,9,3.221923828125,67.483
2024-07-17T05:09:49.151147,9,3.221923828125,67.483
2024-07-17T05:09:49.176275,9,3.221923828125,67.483
2024-07-17T05:09:49.201396,9,3.221923828125,66.778
2024-07-17T05:09:49.226530,9,3.221923828125,66.778
2024-07-17T05:09:49.251641,9,3.221923828125,66.778
2024-07-17T05:09:49.276766,9,3.221923828125,66.778
2024-07-17T05:09:49.301860,9,3.221923828125,66.778
2024-07-17T05:09:49.326983,9,3.221923828125,67.496
2024-07-17T05:09:49.352095,9,3.221923828125,67.496
2024-07-17T05:09:49.377220,9,3.221923828125,67.496
2024-07-17T05:09:49.402331,9,3.221923828125,66.848
2024-07-17T05:09:49.427444,9,3.221923828125,66.848
2024-07-17T05:09:49.452579,9,3.221923828125,66.848
2024-07-17T05:09:49.477717,9,3.221923828125,66.848
2024-07-17T05:09:49.502841,9,3.221923828125,66.848
2024-07-17T05:09:49.527969,9,3.221923828125,67.708
2024-07-17T05:09:49.553079,9,3.221923828125,67.708
2024-07-17T05:09:49.578191,9,3.221923828125,67.708
2024-07-17T05:09:49.603390,9,3.221923828125,67.708
2024-07-17T05:09:49.628520,9,3.221923828125,67.281
2024-07-17T05:09:49.653632,9,3.221923828125,67.281
2024-07-17T05:09:49.678774,9,3.221923828125,67.281
2024-07-17T05:09:49.703885,9,3.221923828125,67.71
2024-07-17T05:09:49.728995,9,3.221923828125,67.71
2024-07-17T05:09:49.754154,9,3.221923828125,67.71
2024-07-17T05:09:49.779264,9,3.221923828125,67.71
2024-07-17T05:09:49.804375,9,3.221923828125,67.236
2024-07-17T05:09:49.829487,9,3.221923828125,67.236
2024-07-17T05:09:49.854599,8,3.221923828125,67.236
2024-07-17T05:09:49.879721,8,3.221923828125,67.236
2024-07-17T05:09:49.904842,8,3.221923828125,67.236
2024-07-17T05:09:49.929975,8,3.221923828125,67.799
2024-07-17T05:09:49.955086,8,3.221923828125,67.799
2024-07-17T05:09:49.980209,8,3.221923828125,67.799
2024-07-17T05:09:50.005332,8,3.221923828125,67.799
2024-07-17T05:09:50.030456,8,3.221923828125,67.281
2024-07-17T05:09:50.055567,9,3.221923828125,67.281
2024-07-17T05:09:50.080680,9,3.221923828125,67.281
2024-07-17T05:09:50.105885,9,3.221923828125,67.281
2024-07-17T05:09:50.130996,9,3.221923828125,67.281
2024-07-17T05:09:50.156162,9,3.221923828125,66.727
2024-07-17T05:09:50.181293,9,3.221923828125,66.727
2024-07-17T05:09:50.206414,9,3.221923828125,66.727
2024-07-17T05:09:50.231526,9,3.221923828125,67.431
2024-07-17T05:09:50.256705,9,3.221923828125,67.431
2024-07-17T05:09:50.281830,9,3.221923828125,67.431
2024-07-17T05:09:50.307017,9,3.221923828125,67.431
2024-07-17T05:09:50.332128,9,3.221923828125,67.431
2024-07-17T05:09:50.357242,9,3.221923828125,66.723
2024-07-17T05:09:50.382367,9,3.221923828125,66.723
2024-07-17T05:09:50.407506,9,3.221923828125,66.723
2024-07-17T05:09:50.432702,9,3.221923828125,67.476
2024-07-17T05:09:50.457864,9,3.221923828125,67.476
2024-07-17T05:09:50.483008,9,3.221923828125,67.476
2024-07-17T05:09:50.508119,9,3.221923828125,67.476
2024-07-17T05:09:50.533230,9,3.221923828125,66.824
2024-07-17T05:09:50.558341,9,3.221923828125,66.824
2024-07-17T05:09:50.583468,9,3.221923828125,66.824
2024-07-17T05:09:50.608599,9,3.221923828125,66.824
2024-07-17T05:09:50.633712,9,3.221923828125,67.436
2024-07-17T05:09:50.658852,9,3.221923828125,67.436
2024-07-17T05:09:50.684009,9,3.221923828125,67.436
2024-07-17T05:09:50.709127,9,3.221923828125,67.436
2024-07-17T05:09:50.734239,9,3.221923828125,67.436
2024-07-17T05:09:50.759362,9,3.221923828125,67.015
2024-07-17T05:09:50.784499,9,3.221923828125,67.015
2024-07-17T05:09:50.809639,9,3.221923828125,67.015
2024-07-17T05:09:50.834797,9,3.221923828125,67.665
2024-07-17T05:09:50.859910,9,3.221923828125,67.665
2024-07-17T05:09:50.885022,9,3.221923828125,67.665
2024-07-17T05:09:50.910189,9,3.221923828125,67.665
2024-07-17T05:09:50.935300,9,3.221923828125,67.665
2024-07-17T05:09:50.960486,9,3.221923828125,66.744
2024-07-17T05:09:50.985621,9,3.221923828125,66.744
2024-07-17T05:09:51.010734,9,3.221923828125,66.744
2024-07-17T05:09:51.035852,9,3.221923828125,66.744
2024-07-17T05:09:51.060981,9,3.221923828125,67.637
2024-07-17T05:09:51.086155,9,3.221923828125,67.637
2024-07-17T05:09:51.111279,9,3.221923828125,67.637
2024-07-17T05:09:51.136403,9,3.221923828125,67.637
2024-07-17T05:09:51.161545,9,3.221923828125,67.637
2024-07-17T05:09:51.186680,9,3.221923828125,67.13
2024-07-17T05:09:51.211792,9,3.221923828125,67.13
2024-07-17T05:09:51.236863,9,3.221923828125,67.13
2024-07-17T05:09:51.261985,9,3.221923828125,67.665
2024-07-17T05:09:51.287117,9,3.221923828125,67.665
2024-07-17T05:09:51.312229,9,3.221923828125,67.665
2024-07-17T05:09:51.337341,9,3.221923828125,67.665
2024-07-17T05:09:51.362488,9,3.221923828125,67.665
2024-07-17T05:09:51.387609,9,3.221923828125,67.212
2024-07-17T05:09:51.412754,9,3.221923828125,67.212
2024-07-17T05:09:51.437892,9,3.221923828125,67.212
2024-07-17T05:09:51.463012,9,3.221923828125,68.128
2024-07-17T05:09:51.488136,9,3.221923828125,68.128
2024-07-17T05:09:51.513258,9,3.221923828125,68.128
2024-07-17T05:09:51.538385,9,3.221923828125,68.128
2024-07-17T05:09:51.563526,9,3.221923828125,66.997
2024-07-17T05:09:51.588680,9,3.221923828125,66.997
2024-07-17T05:09:51.613800,9,3.221923828125,66.997
2024-07-17T05:09:51.638921,9,3.221923828125,66.997
2024-07-17T05:09:51.664043,9,3.221923828125,67.987
2024-07-17T05:09:51.689154,9,3.221923828125,67.987
2024-07-17T05:09:51.714266,9,3.221923828125,67.987
2024-07-17T05:09:51.739388,9,3.221923828125,67.987
2024-07-17T05:09:51.764509,9,3.221923828125,67.987
2024-07-17T05:09:51.789621,9,3.221923828125,66.767
2024-07-17T05:09:51.814763,9,3.221923828125,66.767
2024-07-17T05:09:51.839859,9,3.221923828125,66.767
2024-07-17T05:09:51.864980,9,3.221923828125,66.767
2024-07-17T05:09:51.890091,9,3.221923828125,66.767
2024-07-17T05:09:51.915256,9,3.221923828125,66.767
2024-07-17T05:09:51.940401,9,3.221923828125,66.767
2024-07-17T05:09:51.965521,9,3.221923828125,66.767
2024-07-17T05:09:51.990689,9,3.221923828125,66.802
2024-07-17T05:09:52.015817,9,3.221923828125,66.802
2024-07-17T05:09:52.040976,9,3.221923828125,66.802
2024-07-17T05:09:52.066093,9,3.221923828125,66.802
2024-07-17T05:09:52.091213,9,3.221923828125,66.802
2024-07-17T05:09:52.116324,9,3.221923828125,66.802
2024-07-17T05:09:52.141485,9,3.221923828125,66.802
2024-07-17T05:09:52.166609,9,3.221923828125,66.802
2024-07-17T05:09:52.191734,9,3.221923828125,66.802
2024-07-17T05:09:52.216849,9,3.221923828125,66.68
2024-07-17T05:09:52.241962,9,3.221923828125,66.68
2024-07-17T05:09:52.267129,9,3.221923828125,66.68
2024-07-17T05:09:52.292286,9,3.221923828125,66.68
2024-07-17T05:09:52.317407,9,3.221923828125,66.68
2024-07-17T05:09:52.342518,9,3.221923828125,66.68
2024-07-17T05:09:52.367628,9,3.221923828125,66.68
2024-07-17T05:09:52.392799,9,3.221923828125,66.68
2024-07-17T05:09:52.417944,9,3.221923828125,66.867
2024-07-17T05:09:52.443100,9,3.221923828125,66.867
2024-07-17T05:09:52.468211,9,3.221923828125,66.867
2024-07-17T05:09:52.493400,9,3.221923828125,67.529
2024-07-17T05:09:52.518511,9,3.221923828125,67.529
2024-07-17T05:09:52.543637,9,3.221923828125,67.529
2024-07-17T05:09:52.568813,9,3.221923828125,67.529
2024-07-17T05:09:52.593935,9,3.221923828125,66.848
2024-07-17T05:09:52.619057,9,3.221923828125,66.848
2024-07-17T05:09:52.644188,9,3.221923828125,66.848
2024-07-17T05:09:52.669314,9,3.221923828125,66.848
2024-07-17T05:09:52.694437,9,3.221923828125,67.665
2024-07-17T05:09:52.719550,9,3.221923828125,67.665
2024-07-17T05:09:52.744663,9,3.221923828125,67.665
2024-07-17T05:09:52.769788,9,3.221923828125,67.665
2024-07-17T05:09:52.794902,9,3.221923828125,67.665
2024-07-17T05:09:52.820024,9,3.221923828125,67.113
2024-07-17T05:09:52.845151,9,3.221923828125,67.113
2024-07-17T05:09:52.870263,9,3.221923828125,67.113
2024-07-17T05:09:52.895441,9,3.221923828125,67.113
2024-07-17T05:09:52.920563,9,3.221923828125,67.585
2024-07-17T05:09:52.945694,9,3.221923828125,67.585
2024-07-17T05:09:52.970850,9,3.221923828125,67.585
2024-07-17T05:09:52.995960,9,3.221923828125,67.585
2024-07-17T05:09:53.021094,9,3.221923828125,67.139
2024-07-17T05:09:53.046208,9,3.221923828125,67.139
2024-07-17T05:09:53.071328,9,3.221923828125,67.139
2024-07-17T05:09:53.096455,9,3.221923828125,67.139
2024-07-17T05:09:53.121664,9,3.221923828125,67.747
2024-07-17T05:09:53.146776,8,3.221923828125,67.747
2024-07-17T05:09:53.171871,8,3.221923828125,67.747
2024-07-17T05:09:53.196990,8,3.221923828125,67.747
2024-07-17T05:09:53.222100,8,3.221923828125,67.747
2024-07-17T05:09:53.247224,8,3.221923828125,67.255
2024-07-17T05:09:53.272375,8,3.221923828125,67.255
2024-07-17T05:09:53.297539,8,3.221923828125,67.255
2024-07-17T05:09:53.322651,8,3.221923828125,67.871
2024-07-17T05:09:53.347811,9,3.221923828125,67.871
2024-07-17T05:09:53.372932,9,3.221923828125,67.871
2024-07-17T05:09:53.398044,9,3.221923828125,67.871
2024-07-17T05:09:53.423155,9,3.221923828125,67.871
2024-07-17T05:09:53.448329,9,3.221923828125,67.263
2024-07-17T05:09:53.473458,9,3.221923828125,67.263
2024-07-17T05:09:53.498586,9,3.221923828125,67.263
2024-07-17T05:09:53.523699,9,3.221923828125,66.997
2024-07-17T05:09:53.548877,8,3.221923828125,66.997
2024-07-17T05:09:53.574000,8,3.221923828125,66.997
2024-07-17T05:09:53.599122,8,3.221923828125,66.997
2024-07-17T05:09:53.624256,8,3.221923828125,67.263
2024-07-17T05:09:53.649400,8,3.221923828125,67.263
2024-07-17T05:09:53.674513,8,3.221923828125,67.263
2024-07-17T05:09:53.699658,8,3.221923828125,67.263
2024-07-17T05:09:53.724786,8,3.221923828125,66.846
2024-07-17T05:09:53.749923,8,3.221923828125,66.846
2024-07-17T05:09:53.775064,9,3.221923828125,66.846
2024-07-17T05:09:53.800176,9,3.221923828125,66.846
2024-07-17T05:09:53.825351,9,3.221923828125,66.846
2024-07-17T05:09:53.850489,9,3.221923828125,67.263
2024-07-17T05:09:53.875600,9,3.221923828125,67.263
2024-07-17T05:09:53.900731,9,3.221923828125,67.263
2024-07-17T05:09:53.925882,9,3.221923828125,67.263
2024-07-17T05:09:53.951049,9,3.221923828125,66.727
2024-07-17T05:09:53.976189,9,3.221923828125,66.727
2024-07-17T05:09:54.001331,9,3.221923828125,66.727
2024-07-17T05:09:54.026500,9,3.221923828125,66.727
2024-07-17T05:09:54.051636,9,3.221923828125,67.431
2024-07-17T05:09:54.076748,9,3.221923828125,67.431
2024-07-17T05:09:54.101859,9,3.221923828125,67.431
2024-07-17T05:09:54.126969,9,3.221923828125,67.431
2024-07-17T05:09:54.152081,9,3.221923828125,66.822
2024-07-17T05:09:54.177250,9,3.221923828125,66.822
2024-07-17T05:09:54.202417,9,3.221923828125,66.822
2024-07-17T05:09:54.227566,9,3.221923828125,66.822
2024-07-17T05:09:54.252677,9,3.221923828125,66.822
2024-07-17T05:09:54.277811,9,3.221923828125,67.792
2024-07-17T05:09:54.302925,9,3.221923828125,67.792
2024-07-17T05:09:54.328051,9,3.221923828125,67.792
2024-07-17T05:09:54.353206,9,3.221923828125,66.824
2024-07-17T05:09:54.378339,9,3.221923828125,66.824
2024-07-17T05:09:54.403472,9,3.221923828125,66.824
2024-07-17T05:09:54.428582,9,3.221923828125,66.824
2024-07-17T05:09:54.453698,9,3.221923828125,66.824
2024-07-17T05:09:54.478821,9,3.221923828125,67.638
2024-07-17T05:09:54.503974,9,3.221923828125,67.638
2024-07-17T05:09:54.529093,9,3.221923828125,67.638
2024-07-17T05:09:54.554223,9,3.221923828125,67.638
2024-07-17T05:09:54.579388,9,3.221923828125,66.943
2024-07-17T05:09:54.604516,9,3.221923828125,66.943
2024-07-17T05:09:54.629629,9,3.221923828125,66.943
2024-07-17T05:09:54.654740,9,3.221923828125,67.573
2024-07-17T05:09:54.679865,9,3.221923828125,67.573
2024-07-17T05:09:54.704987,9,3.221923828125,67.573
2024-07-17T05:09:54.730109,9,3.221923828125,67.573
2024-07-17T05:09:54.755230,9,3.221923828125,67.573
2024-07-17T05:09:54.780381,9,3.221923828125,66.895
2024-07-17T05:09:54.805493,9,3.221923828125,66.895
2024-07-17T05:09:54.830687,9,3.221923828125,66.895
2024-07-17T05:09:54.855851,9,3.221923828125,66.895
2024-07-17T05:09:54.880994,9,3.221923828125,67.529
2024-07-17T05:09:54.906136,9,3.221923828125,67.529
2024-07-17T05:09:54.931259,9,3.221923828125,67.529
2024-07-17T05:09:54.956379,9,3.221923828125,67.529
2024-07-17T05:09:54.981510,9,3.221923828125,67.023
2024-07-17T05:09:55.006703,9,3.221923828125,67.023
2024-07-17T05:09:55.031814,9,3.221923828125,67.023
2024-07-17T05:09:55.056929,9,3.221923828125,67.023
2024-07-17T05:09:55.082095,9,3.221923828125,67.023
2024-07-17T05:09:55.107242,9,3.221923828125,67.58
2024-07-17T05:09:55.132367,9,3.221923828125,67.58
2024-07-17T05:09:55.157487,9,3.221923828125,67.58
2024-07-17T05:09:55.182609,9,3.221923828125,67.38
2024-07-17T05:09:55.207742,9,3.221923828125,67.38
2024-07-17T05:09:55.232870,9,3.221923828125,67.38
2024-07-17T05:09:55.258026,9,3.221923828125,67.38
2024-07-17T05:09:55.283223,9,3.221923828125,67.38
2024-07-17T05:09:55.308345,9,3.221923828125,67.844
2024-07-17T05:09:55.333486,9,3.221923828125,67.844
2024-07-17T05:09:55.358607,9,3.221923828125,67.844
2024-07-17T05:09:55.383718,9,3.221923828125,67.715
2024-07-17T05:09:55.408866,9,3.221923828125,67.715
2024-07-17T05:09:55.433994,9,3.221923828125,67.715
2024-07-17T05:09:55.459120,9,3.221923828125,67.715
2024-07-17T05:09:55.484293,9,3.221923828125,67.715
2024-07-17T05:09:55.509447,9,3.221923828125,67.283
2024-07-17T05:09:55.534557,9,3.221923828125,67.283
2024-07-17T05:09:55.559710,9,3.221923828125,67.283
2024-07-17T05:09:55.584851,9,3.221923828125,67.283
2024-07-17T05:09:55.609961,9,3.221923828125,66.848
2024-07-17T05:09:55.635093,9,3.221923828125,66.848
2024-07-17T05:09:55.660205,9,3.221923828125,66.848
2024-07-17T05:09:55.685345,9,3.221923828125,66.848
2024-07-17T05:09:55.710456,9,3.221923828125,66.848
2024-07-17T05:09:55.735576,9,3.221923828125,66.848
2024-07-17T05:09:55.760697,9,3.221923828125,66.848
2024-07-17T05:09:55.785809,9,3.221923828125,66.848
2024-07-17T05:09:55.810956,9,3.221923828125,67.599
2024-07-17T05:09:55.836108,9,3.221923828125,67.599
2024-07-17T05:09:55.861269,9,3.221923828125,67.599
2024-07-17T05:09:55.886389,9,3.221923828125,67.599
2024-07-17T05:09:55.911502,9,3.221923828125,67.599
2024-07-17T05:09:55.936665,9,3.221923828125,67.71
2024-07-17T05:09:55.961787,9,3.221923828125,67.71
2024-07-17T05:09:55.986871,9,3.221923828125,67.71
2024-07-17T05:09:56.011993,9,3.221923828125,67.71
2024-07-17T05:09:56.037136,9,3.221923828125,67.71
2024-07-17T05:09:56.062248,9,3.221923828125,67.71
2024-07-17T05:09:56.087371,9,3.221923828125,67.71
2024-07-17T05:09:56.112492,9,3.221923828125,67.71
2024-07-17T05:09:56.137648,9,3.221923828125,67.483
2024-07-17T05:09:56.162768,9,3.221923828125,67.483
2024-07-17T05:09:56.187866,9,3.221923828125,67.483
2024-07-17T05:09:56.212976,9,3.221923828125,66.936
2024-07-17T05:09:56.238094,9,3.221923828125,66.936
2024-07-17T05:09:56.263213,9,3.221923828125,66.936
2024-07-17T05:09:56.288345,9,3.221923828125,66.936
2024-07-17T05:09:56.313497,9,3.221923828125,66.936
2024-07-17T05:09:56.338617,9,3.221923828125,67.529
2024-07-17T05:09:56.363742,9,3.221923828125,67.529
2024-07-17T05:09:56.388944,9,3.221923828125,67.529
2024-07-17T05:09:56.414080,9,3.221923828125,66.867
2024-07-17T05:09:56.439192,9,3.221923828125,66.867
2024-07-17T05:09:56.464316,9,3.221923828125,66.867
2024-07-17T05:09:56.489428,9,3.221923828125,66.867
2024-07-17T05:09:56.514540,9,3.221923828125,66.867
2024-07-17T05:09:56.539653,9,3.221923828125,67.683
2024-07-17T05:09:56.564797,9,3.221923828125,67.683
2024-07-17T05:09:56.589921,9,3.221923828125,67.683
2024-07-17T05:09:56.615032,9,3.221923828125,67.683
2024-07-17T05:09:56.640144,9,3.221923828125,67.016
2024-07-17T05:09:56.665257,9,3.221923828125,67.016
2024-07-17T05:09:56.690380,9,3.221923828125,67.016
2024-07-17T05:09:56.715504,9,3.221923828125,67.016
2024-07-17T05:09:56.740646,9,3.221923828125,67.747
2024-07-17T05:09:56.765777,9,3.221923828125,67.747
2024-07-17T05:09:56.790858,9,3.221923828125,67.747
2024-07-17T05:09:56.815989,9,3.221923828125,67.747
2024-07-17T05:09:56.841101,9,3.221923828125,67.166
2024-07-17T05:09:56.866238,9,3.221923828125,67.166
2024-07-17T05:09:56.891405,9,3.221923828125,67.166
2024-07-17T05:09:56.916518,9,3.221923828125,67.166
2024-07-17T05:09:56.941716,9,3.221923828125,67.166
2024-07-17T05:09:56.966843,9,3.221923828125,67.592
2024-07-17T05:09:56.992021,9,3.221923828125,67.592
2024-07-17T05:09:57.017196,9,3.221923828125,67.592
2024-07-17T05:09:57.042320,9,3.221923828125,67.308
2024-07-17T05:09:57.067488,9,3.221923828125,67.308
2024-07-17T05:09:57.092655,8,3.221923828125,67.308
2024-07-17T05:09:57.117767,8,3.221923828125,67.308
2024-07-17T05:09:57.142923,8,3.221923828125,67.308
2024-07-17T05:09:57.168088,8,3.221923828125,67.941
2024-07-17T05:09:57.193240,8,3.221923828125,67.941
2024-07-17T05:09:57.218362,8,3.221923828125,67.941
2024-07-17T05:09:57.243512,8,3.221923828125,67.414
2024-07-17T05:09:57.268646,8,3.221923828125,67.414
2024-07-17T05:09:57.293804,9,3.221923828125,67.414
2024-07-17T05:09:57.318937,9,3.221923828125,67.414
2024-07-17T05:09:57.344055,9,3.221923828125,67.414
2024-07-17T05:09:57.369201,9,3.221923828125,66.796
2024-07-17T05:09:57.394338,9,3.221923828125,66.796
2024-07-17T05:09:57.419475,9,3.221923828125,66.796
2024-07-17T05:09:57.444599,9,3.221923828125,67.405
2024-07-17T05:09:57.469744,9,3.221923828125,67.405
2024-07-17T05:09:57.494859,9,3.221923828125,67.405
2024-07-17T05:09:57.520029,9,3.221923828125,67.405
2024-07-17T05:09:57.545139,9,3.221923828125,67.405
2024-07-17T05:09:57.570250,9,3.221923828125,66.945
2024-07-17T05:09:57.595409,9,3.221923828125,66.945
2024-07-17T05:09:57.620564,9,3.221923828125,66.945
2024-07-17T05:09:57.645675,9,3.221923828125,66.945
2024-07-17T05:09:57.670795,9,3.221923828125,67.443
2024-07-17T05:09:57.695971,9,3.221923828125,67.443
2024-07-17T05:09:57.721090,9,3.221923828125,67.443
2024-07-17T05:09:57.746243,9,3.221923828125,67.443
2024-07-17T05:09:57.771362,9,3.221923828125,66.814
2024-07-17T05:09:57.796473,9,3.221923828125,66.814
2024-07-17T05:09:57.821585,9,3.221923828125,66.814
2024-07-17T05:09:57.846712,9,3.221923828125,66.814
2024-07-17T05:09:57.871826,9,3.221923828125,67.52
2024-07-17T05:09:57.897548,9,3.221923828125,67.52
2024-07-17T05:09:57.922719,9,3.221923828125,67.52
2024-07-17T05:09:57.947841,9,3.221923828125,67.52
2024-07-17T05:09:57.972970,9,3.221923828125,67.52
2024-07-17T05:09:57.998120,9,3.221923828125,66.824
2024-07-17T05:09:58.023276,9,3.221923828125,66.824
2024-07-17T05:09:58.048387,9,3.221923828125,66.824
2024-07-17T05:09:58.073500,9,3.221923828125,67.657
2024-07-17T05:09:58.098631,9,3.221923828125,67.657
2024-07-17T05:09:58.123826,9,3.221923828125,67.657
2024-07-17T05:09:58.148957,9,3.221923828125,67.657
2024-07-17T05:09:58.174154,9,3.221923828125,67.657
2024-07-17T05:09:58.199265,9,3.221923828125,66.867
2024-07-17T05:09:58.224389,9,3.221923828125,66.867
2024-07-17T05:09:58.249543,9,3.221923828125,66.867
2024-07-17T05:09:58.274695,9,3.221923828125,67.458
2024-07-17T05:09:58.299889,9,3.221923828125,67.458
2024-07-17T05:09:58.325080,9,3.221923828125,67.458
2024-07-17T05:09:58.350204,9,3.221923828125,67.458
2024-07-17T05:09:58.375335,9,3.221923828125,67.458
2024-07-17T05:09:58.400478,9,3.221923828125,66.919
2024-07-17T05:09:58.425649,9,3.221923828125,66.919
2024-07-17T05:09:58.450782,9,3.221923828125,66.919
2024-07-17T05:09:58.475901,9,3.221923828125,67.69
2024-07-17T05:09:58.501011,9,3.221923828125,67.69
2024-07-17T05:09:58.526139,8,3.221923828125,67.69
2024-07-17T05:09:58.551316,8,3.221923828125,67.69
2024-07-17T05:09:58.651271,8,3.221923828125,67.166
2024-07-17T05:09:58.676468,8,3.221923828125,67.166
2024-07-17T05:09:58.701612,8,3.221923828125,63.897
2024-07-17T05:09:58.726730,9,3.221923828125,63.897
2024-07-17T05:09:58.751860,9,3.221923828125,63.897
2024-07-17T05:09:58.777014,9,3.221923828125,63.897
2024-07-17T05:09:58.802126,9,3.221923828125,67.638
2024-07-17T05:09:58.827246,9,3.221923828125,67.638
2024-07-17T05:09:58.852442,9,3.221923828125,67.638
2024-07-17T05:09:58.877589,9,3.221923828125,67.638
2024-07-17T05:09:58.902721,9,3.221923828125,67.36
2024-07-17T05:09:58.927833,5,3.221923828125,67.36
2024-07-17T05:09:58.952966,5,3.221923828125,67.36
2024-07-17T05:09:58.978094,5,3.221923828125,67.36
2024-07-17T05:09:59.003223,5,3.221923828125,67.36
2024-07-17T05:09:59.028334,5,3.221923828125,67.766
2024-07-17T05:09:59.053470,5,3.221923828125,67.766
2024-07-17T05:09:59.078582,5,3.221923828125,67.766
2024-07-17T05:09:59.103706,5,3.221923828125,67.792
2024-07-17T05:09:59.128833,5,3.221923828125,67.792
2024-07-17T05:09:59.154008,8,3.221923828125,67.792
2024-07-17T05:09:59.179143,8,3.221923828125,67.792
2024-07-17T05:09:59.204280,8,3.221923828125,67.792
2024-07-17T05:09:59.229448,8,3.221923828125,67.281
2024-07-17T05:09:59.254570,8,3.221923828125,67.281
2024-07-17T05:09:59.279694,8,3.221923828125,67.281
2024-07-17T05:09:59.304859,8,3.221923828125,67.281
2024-07-17T05:09:59.329970,8,3.221923828125,67.281
2024-07-17T05:09:59.355168,9,3.221923828125,67.281
2024-07-17T05:09:59.380292,9,3.221923828125,67.281
2024-07-17T05:09:59.405428,9,3.221923828125,67.281
2024-07-17T05:09:59.430602,9,3.221923828125,67.431
2024-07-17T05:09:59.455714,9,3.221923828125,67.431
2024-07-17T05:09:59.480839,9,3.221923828125,67.431
2024-07-17T05:09:59.506035,9,3.221923828125,67.431
2024-07-17T05:09:59.531146,9,3.221923828125,67.431
2024-07-17T05:09:59.556257,9,3.221923828125,67.431
2024-07-17T05:09:59.581413,9,3.221923828125,67.431
2024-07-17T05:09:59.606532,9,3.221923828125,67.431
2024-07-17T05:09:59.631651,9,3.221923828125,67.042
2024-07-17T05:09:59.656771,9,3.221923828125,67.042
2024-07-17T05:09:59.681871,9,3.221923828125,67.042
2024-07-17T05:09:59.707037,9,3.221923828125,67.042
2024-07-17T05:09:59.732155,9,3.221923828125,67.624
2024-07-17T05:09:59.757309,9,3.221923828125,67.624
2024-07-17T05:09:59.782433,9,3.221923828125,67.624
2024-07-17T05:09:59.807547,9,3.221923828125,67.624
2024-07-17T05:09:59.832666,9,3.221923828125,67.624
2024-07-17T05:09:59.857800,9,3.221923828125,67.613
2024-07-17T05:09:59.882934,9,3.221923828125,67.613
2024-07-17T05:09:59.908044,9,3.221923828125,67.613
2024-07-17T05:09:59.933166,9,3.221923828125,66.848
2024-07-17T05:09:59.958277,9,3.221923828125,66.848
2024-07-17T05:09:59.983400,9,3.221923828125,66.848
2024-07-17T05:10:00.008522,9,3.221923828125,66.848
2024-07-17T05:10:00.033635,9,3.221923828125,66.848
2024-07-17T05:10:00.058761,9,3.221923828125,67.611
2024-07-17T05:10:00.083859,9,3.221923828125,67.611
2024-07-17T05:10:00.108970,9,3.221923828125,67.611
2024-07-17T05:10:00.134091,9,3.221923828125,66.698
2024-07-17T05:10:00.159235,9,3.221923828125,66.698
2024-07-17T05:10:00.184374,9,3.221923828125,66.698
2024-07-17T05:10:00.209552,9,3.221923828125,66.698
2024-07-17T05:10:00.234688,9,3.221923828125,66.698
2024-07-17T05:10:00.259841,9,3.221923828125,67.69
2024-07-17T05:10:00.284972,9,3.221923828125,67.69
2024-07-17T05:10:00.310105,9,3.221923828125,67.69
2024-07-17T05:10:00.335251,9,3.221923828125,67.035
2024-07-17T05:10:00.360400,9,3.221923828125,67.035
2024-07-17T05:10:00.385554,9,3.221923828125,67.035
2024-07-17T05:10:00.410715,9,3.221923828125,67.035
2024-07-17T05:10:00.435841,9,3.221923828125,67.035
2024-07-17T05:10:00.460953,9,3.221923828125,67.818
2024-07-17T05:10:00.486073,9,3.221923828125,67.818
2024-07-17T05:10:00.511243,9,3.221923828125,67.818
2024-07-17T05:10:00.536434,9,3.221923828125,67.818
2024-07-17T05:10:00.561579,9,3.221923828125,67.016
2024-07-17T05:10:00.586742,9,3.221923828125,67.016
2024-07-17T05:10:00.611891,9,3.221923828125,67.016
2024-07-17T05:10:00.637000,9,3.221923828125,67.016
2024-07-17T05:10:00.662122,9,3.221923828125,67.683
2024-07-17T05:10:00.687325,9,3.221923828125,67.683
2024-07-17T05:10:00.712448,9,3.221923828125,67.683
2024-07-17T05:10:00.737577,9,3.221923828125,67.683
2024-07-17T05:10:00.762689,9,3.221923828125,67.236
2024-07-17T05:10:00.787817,9,3.221923828125,67.236
2024-07-17T05:10:00.812961,9,3.221923828125,67.236
2024-07-17T05:10:00.838072,9,3.221923828125,67.236
2024-07-17T05:10:00.863184,9,3.221923828125,67.236
2024-07-17T05:10:00.888385,9,3.221923828125,68.013
2024-07-17T05:10:00.913523,9,3.221923828125,68.013
2024-07-17T05:10:00.938675,9,3.221923828125,68.013
2024-07-17T05:10:00.963786,9,3.221923828125,67.307
2024-07-17T05:10:00.988889,9,3.221923828125,67.307
2024-07-17T05:10:01.014021,9,3.221923828125,67.307
2024-07-17T05:10:01.039132,9,3.221923828125,67.307
2024-07-17T05:10:01.064269,9,3.221923828125,67.307
2024-07-17T05:10:01.089380,9,3.221923828125,67.309
2024-07-17T05:10:01.114505,9,3.221923828125,67.309
2024-07-17T05:10:01.139630,9,3.221923828125,67.309
2024-07-17T05:10:01.164766,9,3.221923828125,67.236
2024-07-17T05:10:01.189870,9,3.221923828125,67.236
2024-07-17T05:10:01.214981,9,3.221923828125,67.236
2024-07-17T05:10:01.240092,9,3.221923828125,67.236
2024-07-17T05:10:01.265203,9,3.221923828125,67.236
2024-07-17T05:10:01.290315,9,3.221923828125,66.821
2024-07-17T05:10:01.315472,9,3.221923828125,66.821
2024-07-17T05:10:01.340605,9,3.221923828125,66.821
2024-07-17T05:10:01.365734,9,3.221923828125,67.43
2024-07-17T05:10:01.390849,9,3.221923828125,67.43
2024-07-17T05:10:01.415986,9,3.221923828125,67.43
2024-07-17T05:10:01.441109,9,3.221923828125,67.43
2024-07-17T05:10:01.466269,9,3.221923828125,67.43
2024-07-17T05:10:01.491397,9,3.221923828125,66.751
2024-07-17T05:10:01.516517,9,3.221923828125,66.751
2024-07-17T05:10:01.541628,9,3.221923828125,66.751
2024-07-17T05:10:01.566791,9,3.221923828125,66.751
2024-07-17T05:10:01.591860,9,3.221923828125,67.747
2024-07-17T05:10:01.616997,9,3.221923828125,67.747
2024-07-17T05:10:01.642140,9,3.221923828125,67.747
2024-07-17T05:10:01.667253,9,3.221923828125,67.747
2024-07-17T05:10:01.692420,9,3.221923828125,66.919
2024-07-17T05:10:01.717549,9,3.221923828125,66.919
2024-07-17T05:10:01.742691,9,3.221923828125,66.919
2024-07-17T05:10:01.767813,9,3.221923828125,66.919
2024-07-17T05:10:01.792935,9,3.221923828125,67.502
2024-07-17T05:10:01.818104,9,3.221923828125,67.502
2024-07-17T05:10:01.843216,9,3.221923828125,67.502
2024-07-17T05:10:01.868339,9,3.221923828125,67.502
2024-07-17T05:10:01.893525,9,3.221923828125,67.502
2024-07-17T05:10:01.918673,9,3.221923828125,66.751
2024-07-17T05:10:01.943785,9,3.221923828125,66.751
2024-07-17T05:10:01.968881,9,3.221923828125,66.751
2024-07-17T05:10:01.993991,9,3.221923828125,67.638
2024-07-17T05:10:02.019143,9,3.221923828125,67.638
2024-07-17T05:10:02.044286,9,3.221923828125,67.638
2024-07-17T05:10:02.069429,9,3.221923828125,67.638
2024-07-17T05:10:02.094557,9,3.221923828125,67.638
2024-07-17T05:10:02.119668,9,3.221923828125,66.9
2024-07-17T05:10:02.144792,9,3.221923828125,66.9
2024-07-17T05:10:02.169987,9,3.221923828125,66.9
2024-07-17T05:10:02.195099,9,3.221923828125,67.708
2024-07-17T05:10:02.220265,9,3.221923828125,67.708
2024-07-17T05:10:02.245385,9,3.221923828125,67.708
2024-07-17T05:10:02.270511,9,3.221923828125,67.708
2024-07-17T05:10:02.295668,9,3.221923828125,67.708
2024-07-17T05:10:02.320822,9,3.221923828125,67.166
2024-07-17T05:10:02.345934,9,3.221923828125,67.166
2024-07-17T05:10:02.371045,9,3.221923828125,67.166
2024-07-17T05:10:02.396157,9,3.221923828125,67.166
2024-07-17T05:10:02.421312,9,3.221923828125,67.844
2024-07-17T05:10:02.446512,9,3.221923828125,67.844
2024-07-17T05:10:02.471632,9,3.221923828125,67.844
2024-07-17T05:10:02.496752,9,3.221923828125,67.844
2024-07-17T05:10:02.521859,9,3.221923828125,66.893
2024-07-17T05:10:02.546969,9,3.221923828125,66.893
2024-07-17T05:10:02.572129,9,3.221923828125,66.893
2024-07-17T05:10:02.597315,9,3.221923828125,66.893
2024-07-17T05:10:02.622457,9,3.221923828125,66.893
2024-07-17T05:10:02.647569,9,3.221923828125,67.818
2024-07-17T05:10:02.672689,9,3.221923828125,67.818
2024-07-17T05:10:02.697849,9,3.221923828125,67.818
2024-07-17T05:10:02.722984,9,3.221923828125,67.36
2024-07-17T05:10:02.748137,9,3.221923828125,67.36
2024-07-17T05:10:02.773273,9,3.221923828125,67.36
2024-07-17T05:10:02.798412,9,3.221923828125,67.36
2024-07-17T05:10:02.823532,9,3.221923828125,67.897
2024-07-17T05:10:02.848655,8,3.221923828125,67.897
2024-07-17T05:10:02.873787,8,3.221923828125,67.897
2024-07-17T05:10:02.898924,8,3.221923828125,67.897
2024-07-17T05:10:02.924034,8,3.221923828125,67.897
2024-07-17T05:10:02.949155,8,3.221923828125,67.244
2024-07-17T05:10:02.974317,8,3.221923828125,67.244
2024-07-17T05:10:02.999438,8,3.221923828125,67.244
2024-07-17T05:10:03.024550,8,3.221923828125,67.307
2024-07-17T05:10:03.049732,8,3.221923828125,67.307
2024-07-17T05:10:03.074872,9,3.221923828125,67.307
2024-07-17T05:10:03.099984,9,3.221923828125,67.307
2024-07-17T05:10:03.125097,9,3.221923828125,67.307
2024-07-17T05:10:03.150283,9,3.221923828125,66.751
2024-07-17T05:10:03.175393,9,3.221923828125,66.751
2024-07-17T05:10:03.200554,9,3.221923828125,66.751
2024-07-17T05:10:03.225666,9,3.221923828125,66.751
2024-07-17T05:10:03.250786,9,3.221923828125,66.751
2024-07-17T05:10:03.275889,9,3.221923828125,66.751
2024-07-17T05:10:03.301031,9,3.221923828125,66.751
2024-07-17T05:10:03.326203,9,3.221923828125,66.751
2024-07-17T05:10:03.351361,9,3.221923828125,66.724
2024-07-17T05:10:03.376473,9,3.221923828125,66.724
2024-07-17T05:10:03.401598,9,3.221923828125,66.724
2024-07-17T05:10:03.426758,9,3.221923828125,66.724
2024-07-17T05:10:03.451885,9,3.221923828125,66.724
2024-07-17T05:10:03.477069,9,3.221923828125,66.724
2024-07-17T05:10:03.502190,9,3.221923828125,66.724
2024-07-17T05:10:03.527330,9,3.221923828125,66.724
2024-07-17T05:10:03.552441,9,3.221923828125,67.786
2024-07-17T05:10:03.577561,9,3.221923828125,67.786
2024-07-17T05:10:03.602690,9,3.221923828125,67.786
2024-07-17T05:10:03.627813,9,3.221923828125,67.786
2024-07-17T05:10:03.652927,9,3.221923828125,67.018
2024-07-17T05:10:03.678039,9,3.221923828125,67.018
2024-07-17T05:10:03.703188,9,3.221923828125,67.018
2024-07-17T05:10:03.728330,9,3.221923828125,67.018
2024-07-17T05:10:03.753514,9,3.221923828125,67.018
2024-07-17T05:10:03.778625,9,3.221923828125,66.821
2024-07-17T05:10:03.803752,9,3.221923828125,66.821
2024-07-17T05:10:03.828876,9,3.221923828125,66.821
2024-07-17T05:10:03.854015,9,3.221923828125,67.612
2024-07-17T05:10:03.879126,9,3.221923828125,67.612
2024-07-17T05:10:03.904297,9,3.221923828125,67.612
2024-07-17T05:10:03.929409,9,3.221923828125,67.612
2024-07-17T05:10:03.954546,9,3.221923828125,67.612
2024-07-17T05:10:03.979658,9,3.221923828125,66.848
2024-07-17T05:10:04.004771,9,3.221923828125,66.848
2024-07-17T05:10:04.029894,9,3.221923828125,66.848
2024-07-17T05:10:04.055026,9,3.221923828125,67.682
2024-07-17T05:10:04.080137,9,3.221923828125,67.682
2024-07-17T05:10:04.105258,9,3.221923828125,67.682
2024-07-17T05:10:04.130464,9,3.221923828125,67.682
2024-07-17T05:10:04.155575,9,3.221923828125,67.682
2024-07-17T05:10:04.180698,9,3.221923828125,67.184
2024-07-17T05:10:04.205811,9,3.221923828125,67.184
2024-07-17T05:10:04.230980,9,3.221923828125,67.184
2024-07-17T05:10:04.256154,9,3.221923828125,67.556
2024-07-17T05:10:04.281281,9,3.221923828125,67.556
2024-07-17T05:10:04.306393,9,3.221923828125,67.556
2024-07-17T05:10:04.331519,9,3.221923828125,67.556
2024-07-17T05:10:04.356644,9,3.221923828125,67.556
2024-07-17T05:10:04.381757,9,3.221923828125,67.334
2024-07-17T05:10:04.406907,9,3.221923828125,67.334
2024-07-17T05:10:04.432077,9,3.221923828125,67.334
2024-07-17T05:10:04.457283,9,3.221923828125,67.334
2024-07-17T05:10:04.482436,9,3.221923828125,67.637
2024-07-17T05:10:04.507588,9,3.221923828125,67.637
2024-07-17T05:10:04.532756,9,3.221923828125,67.637
2024-07-17T05:10:04.557893,9,3.221923828125,67.637
2024-07-17T05:10:04.583010,9,3.221923828125,67.139
2024-07-17T05:10:04.608122,9,3.221923828125,67.139
2024-07-17T05:10:04.633284,9,3.221923828125,67.139
2024-07-17T05:10:04.658404,9,3.221923828125,67.139
2024-07-17T05:10:04.683526,9,3.221923828125,67.774
2024-07-17T05:10:04.708672,9,3.221923828125,67.774
2024-07-17T05:10:04.733799,9,3.221923828125,67.774
2024-07-17T05:10:04.758931,9,3.221923828125,67.774
2024-07-17T05:10:04.784062,9,3.221923828125,67.774
2024-07-17T05:10:04.809172,9,3.221923828125,67.405
2024-07-17T05:10:04.834283,9,3.221923828125,67.405
2024-07-17T05:10:04.859395,9,3.221923828125,67.405
2024-07-17T05:10:04.884532,9,3.221923828125,66.795
2024-07-17T05:10:04.909644,9,3.221923828125,66.795
2024-07-17T05:10:04.934756,9,3.221923828125,66.795
2024-07-17T05:10:04.959866,9,3.221923828125,66.795
2024-07-17T05:10:04.984996,9,3.221923828125,66.795
2024-07-17T05:10:05.010122,9,3.221923828125,67.361
2024-07-17T05:10:05.035260,9,3.221923828125,67.361
2024-07-17T05:10:05.060445,9,3.221923828125,67.361
2024-07-17T05:10:05.085569,9,3.221923828125,66.751
2024-07-17T05:10:05.110683,9,3.221923828125,66.751
2024-07-17T05:10:05.135796,9,3.221923828125,66.751
2024-07-17T05:10:05.160919,9,3.221923828125,66.751
2024-07-17T05:10:05.186028,9,3.221923828125,66.751
2024-07-17T05:10:05.211146,9,3.221923828125,67.45
2024-07-17T05:10:05.236312,9,3.221923828125,67.45
2024-07-17T05:10:05.261424,9,3.221923828125,67.45
2024-07-17T05:10:05.286549,9,3.221923828125,66.848
2024-07-17T05:10:05.311661,9,3.221923828125,66.848
2024-07-17T05:10:05.336790,9,3.221923828125,66.848
2024-07-17T05:10:05.361896,9,3.221923828125,66.848
2024-07-17T05:10:05.387005,9,3.221923828125,66.848
2024-07-17T05:10:05.412129,9,3.221923828125,67.556
2024-07-17T05:10:05.437240,9,3.221923828125,67.556
2024-07-17T05:10:05.462431,9,3.221923828125,67.556
2024-07-17T05:10:05.487574,9,3.221923828125,67.556
2024-07-17T05:10:05.512707,9,3.221923828125,66.9
2024-07-17T05:10:05.537884,9,3.221923828125,66.9
2024-07-17T05:10:05.563038,9,3.221923828125,66.9
2024-07-17T05:10:05.588158,9,3.221923828125,66.9
2024-07-17T05:10:05.613331,9,3.221923828125,67.405
2024-07-17T05:10:05.638476,9,3.221923828125,67.405
2024-07-17T05:10:05.663587,9,3.221923828125,67.405
2024-07-17T05:10:05.688699,9,3.221923828125,67.405
2024-07-17T05:10:05.713820,9,3.221923828125,66.945
2024-07-17T05:10:05.738935,8,3.221923828125,66.945
2024-07-17T05:10:05.764055,8,3.221923828125,66.945
2024-07-17T05:10:05.789167,8,3.221923828125,66.945
2024-07-17T05:10:05.814303,8,3.221923828125,66.945
2024-07-17T05:10:05.839415,8,3.221923828125,67.593
2024-07-17T05:10:05.864538,8,3.221923828125,67.593
2024-07-17T05:10:05.889673,8,3.221923828125,67.593
2024-07-17T05:10:05.914805,8,3.221923828125,66.848
2024-07-17T05:10:05.939935,8,3.221923828125,66.848
2024-07-17T05:10:05.965122,8,3.221923828125,66.848
2024-07-17T05:10:05.990243,8,3.221923828125,66.848
2024-07-17T05:10:06.015371,8,3.221923828125,66.848
2024-07-17T05:10:06.040559,8,3.221923828125,67.709
2024-07-17T05:10:06.065677,8,3.221923828125,67.709
2024-07-17T05:10:06.090804,8,3.221923828125,67.709
2024-07-17T05:10:06.115924,8,3.221923828125,67.016
2024-07-17T05:10:06.141036,8,3.221923828125,67.016
2024-07-17T05:10:06.166187,9,3.221923828125,67.016
2024-07-17T05:10:06.191297,9,3.221923828125,67.016
2024-07-17T05:10:06.216408,9,3.221923828125,67.016
2024-07-17T05:10:06.241588,9,3.221923828125,67.484
2024-07-17T05:10:06.266691,9,3.221923828125,67.484
2024-07-17T05:10:06.291892,9,3.221923828125,67.484
2024-07-17T05:10:06.317041,9,3.221923828125,67.484
2024-07-17T05:10:06.342192,9,3.221923828125,67.158
2024-07-17T05:10:06.367311,9,3.221923828125,67.158
2024-07-17T05:10:06.392481,9,3.221923828125,67.158
2024-07-17T05:10:06.417592,9,3.221923828125,67.158
2024-07-17T05:10:06.442781,9,3.221923828125,67.818
2024-07-17T05:10:06.467863,9,3.221923828125,67.818
2024-07-17T05:10:06.492975,9,3.221923828125,67.818
2024-07-17T05:10:06.518136,9,3.221923828125,67.818
2024-07-17T05:10:06.543267,9,3.221923828125,67.502
2024-07-17T05:10:06.568389,8,3.221923828125,67.502
2024-07-17T05:10:06.593509,8,3.221923828125,67.502
2024-07-17T05:10:06.618620,8,3.221923828125,67.502
2024-07-17T05:10:06.643825,8,3.221923828125,67.502
2024-07-17T05:10:06.668939,8,3.221923828125,67.916
2024-07-17T05:10:06.694060,8,3.221923828125,67.916
2024-07-17T05:10:06.719188,8,3.221923828125,67.916
2024-07-17T05:10:06.744322,8,3.221923828125,67.559
2024-07-17T05:10:06.769455,8,3.221923828125,67.559
2024-07-17T05:10:06.794608,9,3.221923828125,67.559
2024-07-17T05:10:06.819731,9,3.221923828125,67.559
2024-07-17T05:10:06.844864,9,3.221923828125,67.559
2024-07-17T05:10:06.869983,9,3.221923828125,66.9
2024-07-17T05:10:06.895167,9,3.221923828125,66.9
2024-07-17T05:10:06.920278,9,3.221923828125,66.9
2024-07-17T05:10:06.945391,9,3.221923828125,67.708
2024-07-17T05:10:06.970555,9,3.221923828125,67.708
2024-07-17T05:10:06.995666,9,3.221923828125,67.708
2024-07-17T05:10:07.020796,9,3.221923828125,67.708
2024-07-17T05:10:07.045909,9,3.221923828125,67.708
2024-07-17T05:10:07.071026,9,3.221923828125,67.431
2024-07-17T05:10:07.096142,9,3.221923828125,67.431
2024-07-17T05:10:07.121253,9,3.221923828125,67.431
2024-07-17T05:10:07.146377,9,3.221923828125,67.431
2024-07-17T05:10:07.171510,9,3.221923828125,67.431
2024-07-17T05:10:07.196623,8,3.221923828125,67.431
2024-07-17T05:10:07.221738,8,3.221923828125,67.431
2024-07-17T05:10:07.246893,8,3.221923828125,67.431
2024-07-17T05:10:07.272025,8,3.221923828125,67.629
2024-07-17T05:10:07.297137,8,3.221923828125,67.629
2024-07-17T05:10:07.322261,8,3.221923828125,67.629
2024-07-17T05:10:07.347397,8,3.221923828125,67.629
2024-07-17T05:10:07.372509,8,3.221923828125,67.629
2024-07-17T05:10:07.397667,9,3.221923828125,67.629
2024-07-17T05:10:07.422779,9,3.221923828125,67.629
2024-07-17T05:10:07.447876,9,3.221923828125,67.629
2024-07-17T05:10:07.473017,9,3.221923828125,67.629
2024-07-17T05:10:07.498141,9,3.221923828125,67.54
2024-07-17T05:10:07.523261,9,3.221923828125,67.54
2024-07-17T05:10:07.548387,9,3.221923828125,67.54
2024-07-17T05:10:07.573538,9,3.221923828125,67.54
2024-07-17T05:10:07.598675,9,3.221923828125,67.009
2024-07-17T05:10:07.623807,9,3.221923828125,67.009
2024-07-17T05:10:07.648934,9,3.221923828125,67.009
2024-07-17T05:10:07.674087,9,3.221923828125,67.599
2024-07-17T05:10:07.699213,9,3.221923828125,67.599
2024-07-17T05:10:07.724359,9,3.221923828125,67.599
2024-07-17T05:10:07.749519,9,3.221923828125,67.599
2024-07-17T05:10:07.774641,9,3.221923828125,66.945
2024-07-17T05:10:07.799785,9,3.221923828125,66.945
2024-07-17T05:10:07.824868,9,3.221923828125,66.945
2024-07-17T05:10:07.849996,9,3.221923828125,66.945
2024-07-17T05:10:07.875106,9,3.221923828125,66.945
2024-07-17T05:10:07.900218,9,3.221923828125,67.54
2024-07-17T05:10:07.925331,9,3.221923828125,67.54
2024-07-17T05:10:07.950494,9,3.221923828125,67.54
2024-07-17T05:10:07.975656,9,3.221923828125,66.972
2024-07-17T05:10:08.000780,9,3.221923828125,66.972
2024-07-17T05:10:08.025869,9,3.221923828125,66.972
2024-07-17T05:10:08.051025,9,3.221923828125,66.972
2024-07-17T05:10:08.076144,9,3.221923828125,66.972
2024-07-17T05:10:08.101265,9,3.221923828125,67.716
2024-07-17T05:10:08.126393,9,3.221923828125,67.716
2024-07-17T05:10:08.151532,9,3.221923828125,67.716
2024-07-17T05:10:08.176656,9,3.221923828125,67.716
2024-07-17T05:10:08.201798,9,3.221923828125,67.361
2024-07-17T05:10:08.226945,9,3.221923828125,67.361
2024-07-17T05:10:08.252097,9,3.221923828125,67.361
2024-07-17T05:10:08.277209,9,3.221923828125,67.361
2024-07-17T05:10:08.302325,9,3.221923828125,67.819
2024-07-17T05:10:08.327489,9,3.221923828125,67.819
2024-07-17T05:10:08.352603,9,3.221923828125,67.819
2024-07-17T05:10:08.377747,9,3.221923828125,67.819
2024-07-17T05:10:08.402877,9,3.221923828125,67.132
2024-07-17T05:10:08.428000,9,3.221923828125,67.132
2024-07-17T05:10:08.453118,9,3.221923828125,67.132
2024-07-17T05:10:08.478304,9,3.221923828125,67.132
2024-07-17T05:10:08.503425,9,3.221923828125,67.132
2024-07-17T05:10:08.528544,9,3.221923828125,67.806
2024-07-17T05:10:08.553666,9,3.221923828125,67.806
2024-07-17T05:10:08.578840,9,3.221923828125,67.806
2024-07-17T05:10:08.603999,9,3.221923828125,67.806
2024-07-17T05:10:08.629167,9,3.221923828125,67.087
2024-07-17T05:10:08.654304,9,3.221923828125,67.087
2024-07-17T05:10:08.679416,9,3.221923828125,67.087
2024-07-17T05:10:08.704540,9,3.221923828125,67.018
2024-07-17T05:10:08.729662,9,3.221923828125,67.018
2024-07-17T05:10:08.754776,9,3.221923828125,67.018
2024-07-17T05:10:08.779882,9,3.221923828125,67.018
2024-07-17T05:10:08.805000,9,3.221923828125,67.548
2024-07-17T05:10:08.830121,9,3.221923828125,67.548
2024-07-17T05:10:08.855272,9,3.221923828125,67.548
2024-07-17T05:10:08.880383,9,3.221923828125,67.548
2024-07-17T05:10:08.905494,9,3.221923828125,67.548
2024-07-17T05:10:08.930617,9,3.221923828125,66.821
2024-07-17T05:10:08.955730,9,3.221923828125,66.821
2024-07-17T05:10:08.980842,9,3.221923828125,66.821
2024-07-17T05:10:09.005964,9,3.221923828125,66.821
2024-07-17T05:10:09.031150,9,3.221923828125,67.482
2024-07-17T05:10:09.056340,9,3.221923828125,67.482
2024-07-17T05:10:09.081452,9,3.221923828125,67.482
2024-07-17T05:10:09.106574,9,3.221923828125,67.482
2024-07-17T05:10:09.131686,9,3.221923828125,66.914
2024-07-17T05:10:09.156829,9,3.221923828125,66.914
2024-07-17T05:10:09.181994,9,3.221923828125,66.914
2024-07-17T05:10:09.207104,9,3.221923828125,66.914
2024-07-17T05:10:09.232217,9,3.221923828125,67.533
2024-07-17T05:10:09.257354,9,3.221923828125,67.533
2024-07-17T05:10:09.282486,9,3.221923828125,67.533
2024-07-17T05:10:09.307607,9,3.221923828125,67.533
2024-07-17T05:10:09.332720,9,3.221923828125,67.533
2024-07-17T05:10:09.357889,9,3.221923828125,66.9
2024-07-17T05:10:09.382999,9,3.221923828125,66.9
2024-07-17T05:10:09.408119,9,3.221923828125,66.9
2024-07-17T05:10:09.433252,9,3.221923828125,67.708
2024-07-17T05:10:09.458384,9,3.221923828125,67.708
2024-07-17T05:10:09.483495,9,3.221923828125,67.708
2024-07-17T05:10:09.508644,9,3.221923828125,67.708
2024-07-17T05:10:09.533768,9,3.221923828125,67.035
2024-07-17T05:10:09.558899,9,3.221923828125,67.035
2024-07-17T05:10:09.584018,9,3.221923828125,67.035
2024-07-17T05:10:09.609129,9,3.221923828125,67.035
2024-07-17T05:10:09.634249,9,3.221923828125,67.657
2024-07-17T05:10:09.659381,9,3.221923828125,67.657
2024-07-17T05:10:09.684528,9,3.221923828125,67.657
2024-07-17T05:10:09.709666,9,3.221923828125,67.657
2024-07-17T05:10:09.734842,9,3.221923828125,67.657
2024-07-17T05:10:09.759954,9,3.221923828125,66.919
2024-07-17T05:10:09.785078,9,3.221923828125,66.919
2024-07-17T05:10:09.810207,9,3.221923828125,66.919
2024-07-17T05:10:09.835319,9,3.221923828125,67.689
2024-07-17T05:10:09.860475,9,3.221923828125,67.689
2024-07-17T05:10:09.885633,9,3.221923828125,67.689
2024-07-17T05:10:09.910744,9,3.221923828125,67.689
2024-07-17T05:10:09.935859,9,3.221923828125,67.689
2024-07-17T05:10:09.960968,9,3.221923828125,66.928
2024-07-17T05:10:09.986108,9,3.221923828125,66.928
2024-07-17T05:10:10.011238,9,3.221923828125,66.928
2024-07-17T05:10:10.036364,9,3.221923828125,66.928
2024-07-17T05:10:10.061519,9,3.221923828125,67.766
2024-07-17T05:10:10.086642,9,3.221923828125,67.766
2024-07-17T05:10:10.111783,9,3.221923828125,67.766
2024-07-17T05:10:10.136861,9,3.221923828125,67.766
2024-07-17T05:10:10.161973,9,3.221923828125,67.139
2024-07-17T05:10:10.187087,9,3.221923828125,67.139
2024-07-17T05:10:10.212202,9,3.221923828125,67.139
2024-07-17T05:10:10.237315,9,3.221923828125,67.139
2024-07-17T05:10:10.262426,9,3.221923828125,67.941
2024-07-17T05:10:10.287637,8,3.221923828125,67.941
2024-07-17T05:10:10.312749,8,3.221923828125,67.941
2024-07-17T05:10:10.337953,8,3.221923828125,67.941
2024-07-17T05:10:10.363110,8,3.221923828125,67.941
2024-07-17T05:10:10.388234,8,3.221923828125,67.36
2024-07-17T05:10:10.413389,8,3.221923828125,67.36
2024-07-17T05:10:10.438549,8,3.221923828125,67.36
2024-07-17T05:10:10.463676,8,3.221923828125,68.26
2024-07-17T05:10:10.488801,8,3.221923828125,68.26
2024-07-17T05:10:10.513981,9,3.221923828125,68.26
2024-07-17T05:10:10.539108,9,3.221923828125,68.26
2024-07-17T05:10:10.564244,9,3.221923828125,67.385
2024-07-17T05:10:10.589355,9,3.221923828125,67.385
2024-07-17T05:10:10.614495,9,3.221923828125,67.385
2024-07-17T05:10:10.639622,9,3.221923828125,67.385
2024-07-17T05:10:10.664750,9,3.221923828125,67.21
2024-07-17T05:10:10.689937,9,3.221923828125,67.21
2024-07-17T05:10:10.715059,9,3.221923828125,67.21
2024-07-17T05:10:10.740189,9,3.221923828125,67.21
2024-07-17T05:10:10.765311,9,3.221923828125,67.21
2024-07-17T05:10:10.790480,9,3.221923828125,66.848
2024-07-17T05:10:10.815591,9,3.221923828125,66.848
2024-07-17T05:10:10.840715,9,3.221923828125,66.848
2024-07-17T05:10:10.865834,9,3.221923828125,66.848
2024-07-17T05:10:10.890966,9,3.221923828125,66.848
2024-07-17T05:10:10.916142,9,3.221923828125,66.848
2024-07-17T05:10:10.941285,9,3.221923828125,66.848
2024-07-17T05:10:10.966397,9,3.221923828125,66.848
2024-07-17T05:10:10.991548,9,3.221923828125,66.751
2024-07-17T05:10:11.016670,9,3.221923828125,66.751
2024-07-17T05:10:11.041783,9,3.221923828125,66.751
2024-07-17T05:10:11.066884,9,3.221923828125,66.751
2024-07-17T05:10:11.092064,9,3.221923828125,66.751
2024-07-17T05:10:11.117223,9,3.221923828125,66.751
2024-07-17T05:10:11.142333,9,3.221923828125,66.751
2024-07-17T05:10:11.167443,9,3.221923828125,66.751
2024-07-17T05:10:11.192555,9,3.221923828125,66.919
2024-07-17T05:10:11.217710,9,3.221923828125,66.919
2024-07-17T05:10:11.242910,9,3.221923828125,66.919
2024-07-17T05:10:11.268042,9,3.221923828125,66.919
2024-07-17T05:10:11.293162,9,3.221923828125,66.919
2024-07-17T05:10:11.318327,9,3.221923828125,66.919
2024-07-17T05:10:11.343452,9,3.221923828125,66.919
2024-07-17T05:10:11.368585,9,3.221923828125,66.919
2024-07-17T05:10:11.393704,9,3.221923828125,66.919
2024-07-17T05:10:11.418850,9,3.221923828125,66.867
2024-07-17T05:10:11.443960,9,3.221923828125,66.867
2024-07-17T05:10:11.469084,9,3.221923828125,66.867
2024-07-17T05:10:11.494217,9,3.221923828125,67.657
2024-07-17T05:10:11.519345,9,3.221923828125,67.657
2024-07-17T05:10:11.544476,9,3.221923828125,67.657
2024-07-17T05:10:11.569595,9,3.221923828125,67.657
2024-07-17T05:10:11.594706,9,3.221923828125,66.848
2024-07-17T05:10:11.619856,9,3.221923828125,66.848
2024-07-17T05:10:11.644979,9,3.221923828125,66.848
2024-07-17T05:10:11.670134,9,3.221923828125,66.848
2024-07-17T05:10:11.695309,9,3.221923828125,67.638
2024-07-17T05:10:11.720484,9,3.221923828125,67.638
2024-07-17T05:10:11.745597,9,3.221923828125,67.638
2024-07-17T05:10:11.770710,9,3.221923828125,67.638
2024-07-17T05:10:11.795836,9,3.221923828125,67.638
2024-07-17T05:10:11.820976,9,3.221923828125,67.158
2024-07-17T05:10:11.846093,9,3.221923828125,67.158
2024-07-17T05:10:11.871221,9,3.221923828125,67.158
2024-07-17T05:10:11.896332,9,3.221923828125,67.158
2024-07-17T05:10:11.921489,9,3.221923828125,67.483
2024-07-17T05:10:11.946627,9,3.221923828125,67.483
2024-07-17T05:10:11.971776,9,3.221923828125,67.483
2024-07-17T05:10:11.996860,9,3.221923828125,67.483
2024-07-17T05:10:12.022033,9,3.221923828125,67.308
2024-07-17T05:10:12.047206,9,3.221923828125,67.308
2024-07-17T05:10:12.072348,9,3.221923828125,67.308
2024-07-17T05:10:12.097473,9,3.221923828125,67.308
2024-07-17T05:10:12.122585,9,3.221923828125,67.613
2024-07-17T05:10:12.147741,9,3.221923828125,67.613
2024-07-17T05:10:12.172856,9,3.221923828125,67.613
2024-07-17T05:10:12.197984,9,3.221923828125,67.613
2024-07-17T05:10:12.223130,9,3.221923828125,67.613
2024-07-17T05:10:12.248269,9,3.221923828125,67.263
2024-07-17T05:10:12.273398,9,3.221923828125,67.263
2024-07-17T05:10:12.298519,9,3.221923828125,67.263
2024-07-17T05:10:12.323658,9,3.221923828125,67.915
2024-07-17T05:10:12.348795,9,3.221923828125,67.915
2024-07-17T05:10:12.373940,9,3.221923828125,67.915
2024-07-17T05:10:12.399100,9,3.221923828125,67.915
2024-07-17T05:10:12.424250,9,3.221923828125,67.915
2024-07-17T05:10:12.449362,9,3.221923828125,67.405
2024-07-17T05:10:12.474502,9,3.221923828125,67.405
2024-07-17T05:10:12.499637,9,3.221923828125,67.405
2024-07-17T05:10:12.524760,9,3.221923828125,67.018
2024-07-17T05:10:12.549867,9,3.221923828125,67.018
2024-07-17T05:10:12.574977,9,3.221923828125,67.018
2024-07-17T05:10:12.600173,9,3.221923828125,67.018
2024-07-17T05:10:12.625293,9,3.221923828125,67.352
2024-07-17T05:10:12.650406,9,3.221923828125,67.352
2024-07-17T05:10:12.675608,9,3.221923828125,67.352
2024-07-17T05:10:12.700720,9,3.221923828125,67.352
2024-07-17T05:10:12.725842,9,3.221923828125,66.838
2024-07-17T05:10:12.750964,9,3.221923828125,66.838
2024-07-17T05:10:12.776087,9,3.221923828125,66.838
2024-07-17T05:10:12.801198,9,3.221923828125,66.838
2024-07-17T05:10:12.826368,9,3.221923828125,66.838
2024-07-17T05:10:12.851505,9,3.221923828125,67.502
2024-07-17T05:10:12.876616,9,3.221923828125,67.502
2024-07-17T05:10:12.901728,9,3.221923828125,67.502
2024-07-17T05:10:12.926850,9,3.221923828125,67.502
2024-07-17T05:10:12.952052,9,3.221923828125,66.824
2024-07-17T05:10:12.977217,9,3.221923828125,66.824
2024-07-17T05:10:13.002358,9,3.221923828125,66.824
2024-07-17T05:10:13.027510,9,3.221923828125,66.824
2024-07-17T05:10:13.052785,9,3.221923828125,67.548
2024-07-17T05:10:13.077860,9,3.221923828125,67.548
2024-07-17T05:10:13.102979,9,3.221923828125,67.548
2024-07-17T05:10:13.128116,9,3.221923828125,67.548
2024-07-17T05:10:13.153228,9,3.221923828125,66.821
2024-07-17T05:10:13.178350,9,3.221923828125,66.821
2024-07-17T05:10:13.203512,9,3.221923828125,66.821
2024-07-17T05:10:13.228623,9,3.221923828125,66.821
2024-07-17T05:10:13.253764,9,3.221923828125,66.821
2024-07-17T05:10:13.278859,9,3.221923828125,67.599
2024-07-17T05:10:13.303995,9,3.221923828125,67.599
2024-07-17T05:10:13.329107,9,3.221923828125,67.599
2024-07-17T05:10:13.354253,9,3.221923828125,66.805
2024-07-17T05:10:13.379398,9,3.221923828125,66.805
2024-07-17T05:10:13.404556,9,3.221923828125,66.805
2024-07-17T05:10:13.429668,9,3.221923828125,66.805
2024-07-17T05:10:13.454843,9,3.221923828125,66.805
2024-07-17T05:10:13.479966,9,3.221923828125,67.747
2024-07-17T05:10:13.505090,9,3.221923828125,67.747
2024-07-17T05:10:13.530201,9,3.221923828125,67.747
2024-07-17T05:10:13.555321,9,3.221923828125,67.747
2024-07-17T05:10:13.580510,9,3.221923828125,66.997
2024-07-17T05:10:13.605672,9,3.221923828125,66.997
2024-07-17T05:10:13.630804,9,3.221923828125,66.997
2024-07-17T05:10:13.655963,9,3.221923828125,67.708
2024-07-17T05:10:13.681074,9,3.221923828125,67.708
2024-07-17T05:10:13.706196,9,3.221923828125,67.708
2024-07-17T05:10:13.731326,9,3.221923828125,67.708
2024-07-17T05:10:13.756485,9,3.221923828125,67.018
2024-07-17T05:10:13.781596,9,3.221923828125,67.018
2024-07-17T05:10:13.806721,9,3.221923828125,67.018
2024-07-17T05:10:13.831851,9,3.221923828125,67.018
2024-07-17T05:10:13.856963,9,3.221923828125,67.018
2024-07-17T05:10:13.882086,9,3.221923828125,67.657
2024-07-17T05:10:13.991612,9,3.221923828125,67.308
2024-07-17T05:10:14.016791,9,3.221923828125,67.308
2024-07-17T05:10:14.041951,9,3.221923828125,67.308
2024-07-17T05:10:14.067066,9,3.221923828125,67.308
2024-07-17T05:10:14.092178,9,3.221923828125,63.787
2024-07-17T05:10:14.117299,9,3.221923828125,63.787
2024-07-17T05:10:14.142438,9,3.221923828125,63.787
2024-07-17T05:10:14.167558,9,3.221923828125,67.916
2024-07-17T05:10:14.192723,9,3.221923828125,67.916
2024-07-17T05:10:14.217864,4,3.221923828125,67.916
2024-07-17T05:10:14.243008,4,3.221923828125,67.916
2024-07-17T05:10:14.268127,4,3.221923828125,67.916
2024-07-17T05:10:14.293280,4,3.221923828125,67.431
2024-07-17T05:10:14.318408,4,3.221923828125,67.431
2024-07-17T05:10:14.343557,4,3.221923828125,67.431
2024-07-17T05:10:14.368744,4,3.221923828125,67.431
2024-07-17T05:10:14.393875,4,3.221923828125,68.207
2024-07-17T05:10:14.418986,9,3.221923828125,68.207
2024-07-17T05:10:14.444118,9,3.221923828125,68.207
2024-07-17T05:10:14.469230,9,3.221923828125,68.207
2024-07-17T05:10:14.494354,9,3.221923828125,67.213
2024-07-17T05:10:14.519485,9,3.221923828125,67.213
2024-07-17T05:10:14.544661,9,3.221923828125,67.213
2024-07-17T05:10:14.569787,9,3.221923828125,67.213
2024-07-17T05:10:14.594868,9,3.221923828125,67.213
2024-07-17T05:10:14.619991,9,3.221923828125,67.333
2024-07-17T05:10:14.645102,9,3.221923828125,67.333
2024-07-17T05:10:14.670258,9,3.221923828125,67.333
2024-07-17T05:10:14.695434,9,3.221923828125,67.333
2024-07-17T05:10:14.720558,9,3.221923828125,67.333
2024-07-17T05:10:14.745679,9,3.221923828125,67.333
2024-07-17T05:10:14.770810,9,3.221923828125,67.333
2024-07-17T05:10:14.795947,9,3.221923828125,67.016
2024-07-17T05:10:14.821059,9,3.221923828125,67.016
2024-07-17T05:10:14.846192,9,3.221923828125,67.016
2024-07-17T05:10:14.871305,9,3.221923828125,67.016
2024-07-17T05:10:14.896427,9,3.221923828125,67.016
2024-07-17T05:10:14.921539,9,3.221923828125,66.824
2024-07-17T05:10:14.946724,9,3.221923828125,66.824
2024-07-17T05:10:14.971900,9,3.221923828125,66.824
2024-07-17T05:10:14.997038,9,3.221923828125,66.824
2024-07-17T05:10:15.022183,9,3.221923828125,66.824
2024-07-17T05:10:15.047361,9,3.221923828125,66.824
2024-07-17T05:10:15.072496,9,3.221923828125,66.824
2024-07-17T05:10:15.097626,9,3.221923828125,66.824
2024-07-17T05:10:15.122793,9,3.221923828125,67.016
2024-07-17T05:10:15.147860,9,3.221923828125,67.016
2024-07-17T05:10:15.173000,9,3.221923828125,67.016
2024-07-17T05:10:15.198121,9,3.221923828125,67.502
2024-07-17T05:10:15.223255,9,3.221923828125,67.502
2024-07-17T05:10:15.248378,9,3.221923828125,67.502
2024-07-17T05:10:15.273580,9,3.221923828125,67.502
2024-07-17T05:10:15.298692,9,3.221923828125,67.502
2024-07-17T05:10:15.323832,9,3.221923828125,66.938
2024-07-17T05:10:15.348955,9,3.221923828125,66.938
2024-07-17T05:10:15.374078,9,3.221923828125,66.938
2024-07-17T05:10:15.399189,9,3.221923828125,66.938
2024-07-17T05:10:15.424308,9,3.221923828125,67.567
2024-07-17T05:10:15.449434,9,3.221923828125,67.567
2024-07-17T05:10:15.474545,9,3.221923828125,67.567
2024-07-17T05:10:15.499693,9,3.221923828125,67.567
2024-07-17T05:10:15.524805,9,3.221923828125,67.016
2024-07-17T05:10:15.549985,9,3.221923828125,67.016
2024-07-17T05:10:15.575107,9,3.221923828125,67.016
2024-07-17T05:10:15.600228,9,3.221923828125,67.016
2024-07-17T05:10:15.625355,9,3.221923828125,67.016
2024-07-17T05:10:15.650518,9,3.221923828125,67.573
2024-07-17T05:10:15.675648,9,3.221923828125,67.573
2024-07-17T05:10:15.700771,9,3.221923828125,67.573
2024-07-17T05:10:15.725870,9,3.221923828125,67.115
2024-07-17T05:10:15.751031,9,3.221923828125,67.115
2024-07-17T05:10:15.776219,9,3.221923828125,67.115
2024-07-17T05:10:15.801388,9,3.221923828125,67.115
2024-07-17T05:10:15.826501,9,3.221923828125,67.766
2024-07-17T05:10:15.851624,9,3.221923828125,67.766
2024-07-17T05:10:15.876735,9,3.221923828125,67.766
2024-07-17T05:10:15.901851,9,3.221923828125,67.766
2024-07-17T05:10:15.926981,9,3.221923828125,67.766
2024-07-17T05:10:15.952092,9,3.221923828125,67.307
2024-07-17T05:10:15.977253,9,3.221923828125,67.307
2024-07-17T05:10:16.002388,9,3.221923828125,67.307
2024-07-17T05:10:16.027499,9,3.221923828125,67.592
2024-07-17T05:10:16.052611,9,3.221923828125,67.592
2024-07-17T05:10:16.078138,9,3.221923828125,67.592
2024-07-17T05:10:16.103249,9,3.221923828125,67.592
2024-07-17T05:10:16.128369,9,3.221923828125,67.592
2024-07-17T05:10:16.153492,9,3.221923828125,67.139
2024-07-17T05:10:16.178603,9,3.221923828125,67.139
2024-07-17T05:10:16.203728,9,3.221923828125,67.139
2024-07-17T05:10:16.228858,9,3.221923828125,67.139
2024-07-17T05:10:16.254025,9,3.221923828125,67.915
2024-07-17T05:10:16.279135,8,3.221923828125,67.915
2024-07-17T05:10:16.304247,8,3.221923828125,67.915
2024-07-17T05:10:16.329359,8,3.221923828125,67.915
2024-07-17T05:10:16.354471,8,3.221923828125,67.475
2024-07-17T05:10:16.379628,8,3.221923828125,67.475
2024-07-17T05:10:16.404739,8,3.221923828125,67.475
2024-07-17T05:10:16.429869,8,3.221923828125,67.475
2024-07-17T05:10:16.454979,8,3.221923828125,67.334
2024-07-17T05:10:16.480102,8,3.221923828125,67.334
2024-07-17T05:10:16.505224,8,3.221923828125,67.334
2024-07-17T05:10:16.530413,8,3.221923828125,67.334
2024-07-17T05:10:16.555537,8,3.221923828125,67.431
2024-07-17T05:10:16.580650,8,3.221923828125,67.431
2024-07-17T05:10:16.605774,8,3.221923828125,67.431
2024-07-17T05:10:16.630868,8,3.221923828125,67.431
2024-07-17T05:10:16.655999,8,3.221923828125,66.875
2024-07-17T05:10:16.681126,8,3.221923828125,66.875
2024-07-17T05:10:16.706304,9,3.221923828125,66.875
2024-07-17T05:10:16.731453,9,3.221923828125,66.875
2024-07-17T05:10:16.756564,9,3.221923828125,66.875
2024-07-17T05:10:16.781677,9,3.221923828125,67.458
2024-07-17T05:10:16.806792,9,3.221923828125,67.458
2024-07-17T05:10:16.831915,9,3.221923828125,67.458
2024-07-17T05:10:16.857044,9,3.221923828125,66.796
2024-07-17T05:10:16.882223,9,3.221923828125,66.796
2024-07-17T05:10:16.907346,9,3.221923828125,66.796
2024-07-17T05:10:16.932468,9,3.221923828125,66.796
2024-07-17T05:10:16.957580,9,3.221923828125,66.796
2024-07-17T05:10:16.982691,9,3.221923828125,67.682
2024-07-17T05:10:17.007847,9,3.221923828125,67.682
2024-07-17T05:10:17.032985,9,3.221923828125,67.682
2024-07-17T05:10:17.058095,9,3.221923828125,66.893
2024-07-17T05:10:17.083213,9,3.221923828125,66.893
2024-07-17T05:10:17.108323,9,3.221923828125,66.893
2024-07-17T05:10:17.133457,9,3.221923828125,66.893
2024-07-17T05:10:17.158569,9,3.221923828125,66.893
2024-07-17T05:10:17.183699,9,3.221923828125,67.638
2024-07-17T05:10:17.208821,9,3.221923828125,67.638
2024-07-17T05:10:17.233959,9,3.221923828125,67.638
2024-07-17T05:10:17.259082,9,3.221923828125,67.638
2024-07-17T05:10:17.284241,9,3.221923828125,66.921
2024-07-17T05:10:17.309405,9,3.221923828125,66.921
2024-07-17T05:10:17.334528,9,3.221923828125,66.921
2024-07-17T05:10:17.359663,9,3.221923828125,66.921
2024-07-17T05:10:17.384783,9,3.221923828125,66.921
2024-07-17T05:10:17.409859,9,3.221923828125,67.638
2024-07-17T05:10:17.434988,9,3.221923828125,67.638
2024-07-17T05:10:17.460130,9,3.221923828125,67.638
2024-07-17T05:10:17.485249,9,3.221923828125,66.99
2024-07-17T05:10:17.510394,9,3.221923828125,66.99
2024-07-17T05:10:17.535505,9,3.221923828125,66.99
2024-07-17T05:10:17.560685,9,3.221923828125,66.99
2024-07-17T05:10:17.585796,9,3.221923828125,66.99
2024-07-17T05:10:17.610909,9,3.221923828125,67.806
2024-07-17T05:10:17.636047,9,3.221923828125,67.806
2024-07-17T05:10:17.661167,9,3.221923828125,67.806
2024-07-17T05:10:17.686302,9,3.221923828125,67.263
2024-07-17T05:10:17.711464,9,3.221923828125,67.263
2024-07-17T05:10:17.736585,9,3.221923828125,67.263
2024-07-17T05:10:17.761703,9,3.221923828125,67.263
2024-07-17T05:10:17.786827,9,3.221923828125,67.263
2024-07-17T05:10:17.811973,9,3.221923828125,67.774
2024-07-17T05:10:17.837102,9,3.221923828125,67.774
2024-07-17T05:10:17.862252,9,3.221923828125,67.774
2024-07-17T05:10:17.887363,9,3.221923828125,67.774
2024-07-17T05:10:17.912475,9,3.221923828125,67.559
2024-07-17T05:10:17.937599,8,3.221923828125,67.559
2024-07-17T05:10:17.962723,8,3.221923828125,67.559
2024-07-17T05:10:17.987963,8,3.221923828125,67.559
2024-07-17T05:10:18.013080,8,3.221923828125,67.747
2024-07-17T05:10:18.038202,8,3.221923828125,67.747
2024-07-17T05:10:18.063325,8,3.221923828125,67.747
2024-07-17T05:10:18.088497,8,3.221923828125,67.747
2024-07-17T05:10:18.113624,8,3.221923828125,67.638
2024-07-17T05:10:18.138736,9,3.221923828125,67.638
2024-07-17T05:10:18.163851,9,3.221923828125,67.638
2024-07-17T05:10:18.189000,9,3.221923828125,67.638
2024-07-17T05:10:18.214110,9,3.221923828125,67.638
2024-07-17T05:10:18.239231,9,3.221923828125,67.352
2024-07-17T05:10:18.264356,9,3.221923828125,67.352
2024-07-17T05:10:18.289527,9,3.221923828125,67.352
2024-07-17T05:10:18.314646,9,3.221923828125,67.352
2024-07-17T05:10:18.339758,9,3.221923828125,67.352
2024-07-17T05:10:18.364925,9,3.221923828125,67.352
2024-07-17T05:10:18.390043,9,3.221923828125,67.352
2024-07-17T05:10:18.415230,9,3.221923828125,67.352
2024-07-17T05:10:18.440351,9,3.221923828125,67.361
2024-07-17T05:10:18.465471,9,3.221923828125,67.361
2024-07-17T05:10:18.490592,9,3.221923828125,67.361
2024-07-17T05:10:18.515725,9,3.221923828125,67.361
2024-07-17T05:10:18.540922,9,3.221923828125,67.361
2024-07-17T05:10:18.566093,9,3.221923828125,67.361
2024-07-17T05:10:18.591205,9,3.221923828125,67.361
2024-07-17T05:10:18.616349,9,3.221923828125,67.113
2024-07-17T05:10:18.641496,9,3.221923828125,67.113
2024-07-17T05:10:18.666620,9,3.221923828125,67.113
2024-07-17T05:10:18.691749,9,3.221923828125,67.113
2024-07-17T05:10:18.716901,9,3.221923828125,67.844
2024-07-17T05:10:18.742012,9,3.221923828125,67.844
2024-07-17T05:10:18.767131,9,3.221923828125,67.844
2024-07-17T05:10:18.792242,9,3.221923828125,67.844
2024-07-17T05:10:18.817426,9,3.221923828125,67.844
2024-07-17T05:10:18.842585,9,3.221923828125,67.675
2024-07-17T05:10:18.867709,9,3.221923828125,67.675
2024-07-17T05:10:18.892821,9,3.221923828125,67.675
2024-07-17T05:10:18.917990,9,3.221923828125,67.675
2024-07-17T05:10:18.943101,9,3.221923828125,66.724
2024-07-17T05:10:18.968215,9,3.221923828125,66.724
2024-07-17T05:10:18.993349,9,3.221923828125,66.724
2024-07-17T05:10:19.018515,9,3.221923828125,66.724
2024-07-17T05:10:19.043652,9,3.221923828125,67.631
2024-07-17T05:10:19.068784,9,3.221923828125,67.631
2024-07-17T05:10:19.093859,9,3.221923828125,67.631
2024-07-17T05:10:19.118970,9,3.221923828125,67.631
2024-07-17T05:10:19.144099,9,3.221923828125,66.893
2024-07-17T05:10:19.169234,9,3.221923828125,66.893
2024-07-17T05:10:19.194345,9,3.221923828125,66.893
2024-07-17T05:10:19.219515,9,3.221923828125,66.893
2024-07-17T05:10:19.244626,9,3.221923828125,66.893
2024-07-17T05:10:19.269772,9,3.221923828125,67.58
2024-07-17T05:10:19.294876,9,3.221923828125,67.58
2024-07-17T05:10:19.319986,9,3.221923828125,67.58
2024-07-17T05:10:19.345154,9,3.221923828125,67.016
2024-07-17T05:10:19.370286,9,3.221923828125,67.016
2024-07-17T05:10:19.395439,9,3.221923828125,67.016
2024-07-17T05:10:19.420564,9,3.221923828125,67.016
2024-07-17T05:10:19.445690,9,3.221923828125,67.016
2024-07-17T05:10:19.470842,9,3.221923828125,67.74
2024-07-17T05:10:19.495970,9,3.221923828125,67.74
2024-07-17T05:10:19.521131,9,3.221923828125,67.74
2024-07-17T05:10:19.546286,9,3.221923828125,67.74
2024-07-17T05:10:19.571396,9,3.221923828125,67.166
2024-07-17T05:10:19.596520,9,3.221923828125,67.166
2024-07-17T05:10:19.621631,9,3.221923828125,67.166
2024-07-17T05:10:19.646755,9,3.221923828125,67.611
2024-07-17T05:10:19.671859,9,3.221923828125,67.611
2024-07-17T05:10:19.696970,9,3.221923828125,67.611
2024-07-17T05:10:19.722127,9,3.221923828125,67.611
2024-07-17T05:10:19.747341,9,3.221923828125,67.191
2024-07-17T05:10:19.772473,9,3.221923828125,67.191
2024-07-17T05:10:19.797613,9,3.221923828125,67.191
2024-07-17T05:10:19.822741,9,3.221923828125,67.191
2024-07-17T05:10:19.847910,9,3.221923828125,67.191
2024-07-17T05:10:19.873032,9,3.221923828125,67.703
2024-07-17T05:10:19.898142,9,3.221923828125,67.703
2024-07-17T05:10:19.923254,9,3.221923828125,67.703
2024-07-17T05:10:19.948416,9,3.221923828125,67.703
2024-07-17T05:10:19.973527,9,3.221923828125,67.263
2024-07-17T05:10:19.998650,9,3.221923828125,67.263
2024-07-17T05:10:20.023762,9,3.221923828125,67.263
2024-07-17T05:10:20.048859,9,3.221923828125,67.263
2024-07-17T05:10:20.074012,9,3.221923828125,68.02
2024-07-17T05:10:20.099123,9,3.221923828125,68.02
2024-07-17T05:10:20.124282,9,3.221923828125,68.02
2024-07-17T05:10:20.149433,9,3.221923828125,68.02
2024-07-17T05:10:20.174557,9,3.221923828125,67.475
2024-07-17T05:10:20.199686,8,3.221923828125,67.475
2024-07-17T05:10:20.224823,8,3.221923828125,67.475
2024-07-17T05:10:20.249944,8,3.221923828125,67.475
2024-07-17T05:10:20.275055,8,3.221923828125,67.475
2024-07-17T05:10:20.300252,8,3.221923828125,67.38
2024-07-17T05:10:20.325362,8,3.221923828125,67.38
2024-07-17T05:10:20.350474,8,3.221923828125,67.38
2024-07-17T05:10:20.375587,8,3.221923828125,67.45
2024-07-17T05:10:20.400766,8,3.221923828125,67.45
2024-07-17T05:10:20.425930,9,3.221923828125,67.45
2024-07-17T05:10:20.451074,9,3.221923828125,67.45
2024-07-17T05:10:20.476198,9,3.221923828125,67.45
2024-07-17T05:10:20.501321,9,3.221923828125,66.821
2024-07-17T05:10:20.526499,9,3.221923828125,66.821
2024-07-17T05:10:20.551643,9,3.221923828125,66.821
2024-07-17T05:10:20.576817,9,3.221923828125,66.821
2024-07-17T05:10:20.601931,9,3.221923828125,67.378
2024-07-17T05:10:20.627056,9,3.221923828125,67.378
2024-07-17T05:10:20.652188,9,3.221923828125,67.378
2024-07-17T05:10:20.677315,9,3.221923828125,66.805
2024-07-17T05:10:20.702463,9,3.221923828125,66.805
2024-07-17T05:10:20.727583,9,3.221923828125,66.805
2024-07-17T05:10:20.752705,9,3.221923828125,66.805
2024-07-17T05:10:20.777875,9,3.221923828125,67.631
2024-07-17T05:10:20.802985,9,3.221923828125,67.631
2024-07-17T05:10:20.828154,9,3.221923828125,67.631
2024-07-17T05:10:20.853273,9,3.221923828125,67.631
2024-07-17T05:10:20.878428,9,3.221923828125,67.631
2024-07-17T05:10:20.903539,9,3.221923828125,66.936
2024-07-17T05:10:20.928678,9,3.221923828125,66.936
2024-07-17T05:10:20.953799,9,3.221923828125,66.936
2024-07-17T05:10:20.978949,9,3.221923828125,66.936
2024-07-17T05:10:21.004078,9,3.221923828125,67.665
2024-07-17T05:10:21.029218,9,3.221923828125,67.665
2024-07-17T05:10:21.054349,9,3.221923828125,67.665
2024-07-17T05:10:21.079491,9,3.221923828125,67.665
2024-07-17T05:10:21.104630,9,3.221923828125,67.665
2024-07-17T05:10:21.129810,9,3.221923828125,67.042
2024-07-17T05:10:21.154937,9,3.221923828125,67.042
2024-07-17T05:10:21.180107,9,3.221923828125,67.042
2024-07-17T05:10:21.205230,9,3.221923828125,67.734
2024-07-17T05:10:21.230354,9,3.221923828125,67.734
2024-07-17T05:10:21.255466,9,3.221923828125,67.734
2024-07-17T05:10:21.280579,9,3.221923828125,67.734
2024-07-17T05:10:21.305760,9,3.221923828125,67.734
2024-07-17T05:10:21.330928,9,3.221923828125,66.919
2024-07-17T05:10:21.356039,9,3.221923828125,66.919
2024-07-17T05:10:21.381162,9,3.221923828125,66.919
2024-07-17T05:10:21.406290,9,3.221923828125,67.766
2024-07-17T05:10:21.431401,9,3.221923828125,67.766
2024-07-17T05:10:21.456555,9,3.221923828125,67.766
2024-07-17T05:10:21.481685,9,3.221923828125,67.766
2024-07-17T05:10:21.506893,9,3.221923828125,67.766
2024-07-17T05:10:21.532003,9,3.221923828125,67.042
2024-07-17T05:10:21.557124,9,3.221923828125,67.042
2024-07-17T05:10:21.582275,9,3.221923828125,67.042
2024-07-17T05:10:21.607410,9,3.221923828125,67.042
2024-07-17T05:10:21.632543,9,3.221923828125,67.871
2024-07-17T05:10:21.657655,9,3.221923828125,67.871
2024-07-17T05:10:21.682820,9,3.221923828125,67.871
2024-07-17T05:10:21.707933,9,3.221923828125,67.871
2024-07-17T05:10:21.733054,9,3.221923828125,67.708
2024-07-17T05:10:21.758165,9,3.221923828125,67.708
2024-07-17T05:10:21.783277,9,3.221923828125,67.708
2024-07-17T05:10:21.808405,9,3.221923828125,67.708
2024-07-17T05:10:21.833527,9,3.221923828125,67.844
2024-07-17T05:10:21.858719,9,3.221923828125,67.844
2024-07-17T05:10:21.883866,9,3.221923828125,67.844
2024-07-17T05:10:21.908976,9,3.221923828125,67.844
2024-07-17T05:10:21.934157,9,3.221923828125,67.876
2024-07-17T05:10:21.959336,9,3.221923828125,67.876
2024-07-17T05:10:21.984447,9,3.221923828125,67.876
2024-07-17T05:10:22.009640,9,3.221923828125,67.876
2024-07-17T05:10:22.034850,9,3.221923828125,67.876
2024-07-17T05:10:22.059990,9,3.221923828125,67.876
2024-07-17T05:10:22.085102,9,3.221923828125,67.876
2024-07-17T05:10:22.110230,9,3.221923828125,67.876
2024-07-17T05:10:22.135419,9,3.221923828125,67.876
2024-07-17T05:10:22.160558,9,3.221923828125,67.061
2024-07-17T05:10:22.185670,9,3.221923828125,67.061
2024-07-17T05:10:22.210808,9,3.221923828125,67.061
2024-07-17T05:10:22.235930,9,3.221923828125,67.061
2024-07-17T05:10:22.261042,9,3.221923828125,67.061
2024-07-17T05:10:22.286154,9,3.221923828125,67.061
2024-07-17T05:10:22.311275,9,3.221923828125,67.061
2024-07-17T05:10:22.336457,9,3.221923828125,67.061
2024-07-17T05:10:22.361568,9,3.221923828125,66.848
2024-07-17T05:10:22.386728,9,3.221923828125,66.848
2024-07-17T05:10:22.411880,9,3.221923828125,66.848
2024-07-17T05:10:22.436991,9,3.221923828125,66.848
2024-07-17T05:10:22.462125,9,3.221923828125,66.848
2024-07-17T05:10:22.487248,9,3.221923828125,66.848
2024-07-17T05:10:22.512406,9,3.221923828125,66.848
2024-07-17T05:10:22.537519,9,3.221923828125,66.945
2024-07-17T05:10:22.562671,9,3.221923828125,66.945
2024-07-17T05:10:22.587851,9,3.221923828125,66.945
2024-07-17T05:10:22.612997,9,3.221923828125,66.945
2024-07-17T05:10:22.638108,9,3.221923828125,66.945
2024-07-17T05:10:22.663245,9,3.221923828125,66.945
2024-07-17T05:10:22.688388,9,3.221923828125,66.945
2024-07-17T05:10:22.713511,9,3.221923828125,66.945
2024-07-17T05:10:22.738693,9,3.221923828125,66.945
2024-07-17T05:10:22.763903,9,3.221923828125,66.893
2024-07-17T05:10:22.789021,9,3.221923828125,66.893
2024-07-17T05:10:22.814141,9,3.221923828125,66.893
2024-07-17T05:10:22.839261,9,3.221923828125,66.893
2024-07-17T05:10:22.864425,9,3.221923828125,67.682
2024-07-17T05:10:22.889548,9,3.221923828125,67.682
2024-07-17T05:10:22.914670,9,3.221923828125,67.682
2024-07-17T05:10:22.939823,9,3.221923828125,67.682
2024-07-17T05:10:22.964986,9,3.221923828125,66.99
2024-07-17T05:10:22.990114,9,3.221923828125,66.99
2024-07-17T05:10:23.015303,9,3.221923828125,66.99
2024-07-17T05:10:23.040421,9,3.221923828125,66.99
2024-07-17T05:10:23.065549,9,3.221923828125,67.665
2024-07-17T05:10:23.090687,9,3.221923828125,67.665
2024-07-17T05:10:23.115827,9,3.221923828125,67.665
2024-07-17T05:10:23.140974,9,3.221923828125,67.665
2024-07-17T05:10:23.166143,9,3.221923828125,67.665
2024-07-17T05:10:23.191254,9,3.221923828125,66.945
2024-07-17T05:10:23.216413,9,3.221923828125,66.945
2024-07-17T05:10:23.241556,9,3.221923828125,66.945
2024-07-17T05:10:23.266711,9,3.221923828125,67.735
2024-07-17T05:10:23.291835,9,3.221923828125,67.735
2024-07-17T05:10:23.316950,9,3.221923828125,67.735
2024-07-17T05:10:23.342062,9,3.221923828125,67.735
2024-07-17T05:10:23.367182,9,3.221923828125,67.735
2024-07-17T05:10:23.392306,9,3.221923828125,67.361
2024-07-17T05:10:23.417438,9,3.221923828125,67.361
2024-07-17T05:10:23.442565,9,3.221923828125,67.361
2024-07-17T05:10:23.467677,9,3.221923828125,67.896
2024-07-17T05:10:23.492807,9,3.221923828125,67.896
2024-07-17T05:10:23.517943,9,3.221923828125,67.896
2024-07-17T05:10:23.543097,9,3.221923828125,67.896
2024-07-17T05:10:23.568260,9,3.221923828125,67.288
2024-07-17T05:10:23.593424,9,3.221923828125,67.288
2024-07-17T05:10:23.618563,9,3.221923828125,67.288
2024-07-17T05:10:23.643708,9,3.221923828125,67.288
2024-07-17T05:10:23.668840,9,3.221923828125,67.859
2024-07-17T05:10:23.693964,9,3.221923828125,67.859
2024-07-17T05:10:23.719098,8,3.221923828125,67.859
2024-07-17T05:10:23.744210,8,3.221923828125,67.859
2024-07-17T05:10:23.769322,8,3.221923828125,67.859
2024-07-17T05:10:23.794462,8,3.221923828125,67.353
2024-07-17T05:10:23.819594,8,3.221923828125,67.353
2024-07-17T05:10:23.844706,8,3.221923828125,67.353
2024-07-17T05:10:23.869840,8,3.221923828125,67.353
2024-07-17T05:10:23.894953,8,3.221923828125,68.057
2024-07-17T05:10:23.920077,9,3.221923828125,68.057
2024-07-17T05:10:23.945222,9,3.221923828125,68.057
2024-07-17T05:10:23.970377,9,3.221923828125,68.057
2024-07-17T05:10:23.995521,9,3.221923828125,67.334
2024-07-17T05:10:24.020633,9,3.221923828125,67.334
2024-07-17T05:10:24.045758,9,3.221923828125,67.334
2024-07-17T05:10:24.070895,9,3.221923828125,67.334
2024-07-17T05:10:24.096017,9,3.221923828125,67.061
2024-07-17T05:10:24.121154,9,3.221923828125,67.061
2024-07-17T05:10:24.146286,9,3.221923828125,67.061
2024-07-17T05:10:24.171428,9,3.221923828125,67.061
2024-07-17T05:10:24.196540,9,3.221923828125,67.061
2024-07-17T05:10:24.221689,9,3.221923828125,67.458
2024-07-17T05:10:24.246800,9,3.221923828125,67.458
2024-07-17T05:10:24.271914,9,3.221923828125,67.458
2024-07-17T05:10:24.297045,9,3.221923828125,66.942
2024-07-17T05:10:24.322185,9,3.221923828125,66.942
2024-07-17T05:10:24.347306,9,3.221923828125,66.942
2024-07-17T05:10:24.372437,9,3.221923828125,66.942
2024-07-17T05:10:24.397566,9,3.221923828125,66.942
2024-07-17T05:10:24.422678,9,3.221923828125,67.638
2024-07-17T05:10:24.447802,9,3.221923828125,67.638
2024-07-17T05:10:24.472923,9,3.221923828125,67.638
2024-07-17T05:10:24.498090,9,3.221923828125,66.945
2024-07-17T05:10:24.523276,9,3.221923828125,66.945
2024-07-17T05:10:24.548430,9,3.221923828125,66.945
2024-07-17T05:10:24.573543,9,3.221923828125,66.945
2024-07-17T05:10:24.598717,9,3.221923828125,67.69
2024-07-17T05:10:24.623856,9,3.221923828125,67.69
2024-07-17T05:10:24.649056,9,3.221923828125,67.69
2024-07-17T05:10:24.674189,9,3.221923828125,67.69
2024-07-17T05:10:24.699312,9,3.221923828125,66.943
2024-07-17T05:10:24.724467,9,3.221923828125,66.943
2024-07-17T05:10:24.749590,9,3.221923828125,66.943
2024-07-17T05:10:24.774731,9,3.221923828125,66.943
2024-07-17T05:10:24.799908,9,3.221923828125,66.943
2024-07-17T05:10:24.825018,9,3.221923828125,67.747
2024-07-17T05:10:24.850130,9,3.221923828125,67.747
2024-07-17T05:10:24.875291,9,3.221923828125,67.747
2024-07-17T05:10:24.900482,9,3.221923828125,67.747
2024-07-17T05:10:24.925677,9,3.221923828125,67.044
2024-07-17T05:10:24.950789,9,3.221923828125,67.044
2024-07-17T05:10:24.975871,9,3.221923828125,67.044
2024-07-17T05:10:25.000981,9,3.221923828125,67.044
2024-07-17T05:10:25.026159,9,3.221923828125,67.78
2024-07-17T05:10:25.051359,9,3.221923828125,67.78
2024-07-17T05:10:25.076481,9,3.221923828125,67.78
2024-07-17T05:10:25.101633,9,3.221923828125,67.78
2024-07-17T05:10:25.126744,9,3.221923828125,67.21
2024-07-17T05:10:25.234918,9,3.221923828125,67.889
2024-07-17T05:10:25.260131,9,3.221923828125,67.889
2024-07-17T05:10:25.285283,9,3.221923828125,67.889
2024-07-17T05:10:25.310410,9,3.221923828125,67.889
2024-07-17T05:10:25.335546,9,3.221923828125,66.132
2024-07-17T05:10:25.360719,5,3.221923828125,66.132
2024-07-17T05:10:25.385857,5,3.221923828125,66.132
2024-07-17T05:10:25.411025,5,3.221923828125,66.132
2024-07-17T05:10:25.436170,5,3.221923828125,66.132
2024-07-17T05:10:25.461291,5,3.221923828125,67.158
2024-07-17T05:10:25.486484,5,3.221923828125,67.158
2024-07-17T05:10:25.511660,5,3.221923828125,67.158
2024-07-17T05:10:25.536780,5,3.221923828125,68.128
2024-07-17T05:10:25.561860,8,3.221923828125,68.128
2024-07-17T05:10:25.586990,8,3.221923828125,68.128
2024-07-17T05:10:25.612111,8,3.221923828125,68.128
2024-07-17T05:10:25.637236,8,3.221923828125,67.585
2024-07-17T05:10:25.662347,8,3.221923828125,67.585
2024-07-17T05:10:25.687458,8,3.221923828125,67.585
2024-07-17T05:10:25.712584,8,3.221923828125,67.585
2024-07-17T05:10:25.737718,8,3.221923828125,67.879
2024-07-17T05:10:25.762840,8,3.221923828125,67.879
2024-07-17T05:10:25.788000,8,3.221923828125,67.879
2024-07-17T05:10:25.813201,8,3.221923828125,67.879
2024-07-17T05:10:25.838347,8,3.221923828125,67.879
2024-07-17T05:10:25.863458,8,3.221923828125,67.516
2024-07-17T05:10:25.888596,8,3.221923828125,67.516
2024-07-17T05:10:25.913715,8,3.221923828125,67.516
2024-07-17T05:10:25.938891,8,3.221923828125,67.211
2024-07-17T05:10:25.964020,8,3.221923828125,67.211
2024-07-17T05:10:25.989143,9,3.221923828125,67.211
2024-07-17T05:10:26.014257,9,3.221923828125,67.211
2024-07-17T05:10:26.039389,9,3.221923828125,67.211
2024-07-17T05:10:26.064548,9,3.221923828125,66.895
2024-07-17T05:10:26.089693,9,3.221923828125,66.895
2024-07-17T05:10:26.114804,9,3.221923828125,66.895
2024-07-17T05:10:26.139929,9,3.221923828125,66.895
2024-07-17T05:10:26.165040,9,3.221923828125,66.895
2024-07-17T05:10:26.190167,8,3.221923828125,66.895
2024-07-17T05:10:26.215280,8,3.221923828125,66.895
2024-07-17T05:10:26.240422,8,3.221923828125,66.895
2024-07-17T05:10:26.265558,8,3.221923828125,66.918
2024-07-17T05:10:26.290668,8,3.221923828125,66.918
2024-07-17T05:10:26.315794,8,3.221923828125,66.918
2024-07-17T05:10:26.340867,8,3.221923828125,66.918
2024-07-17T05:10:26.366008,8,3.221923828125,66.918
2024-07-17T05:10:26.391187,9,3.221923828125,66.918
2024-07-17T05:10:26.416311,9,3.221923828125,66.918
2024-07-17T05:10:26.441457,9,3.221923828125,66.918
2024-07-17T05:10:26.466596,9,3.221923828125,66.918
2024-07-17T05:10:26.491723,9,3.221923828125,66.921
2024-07-17T05:10:26.516834,9,3.221923828125,66.921
2024-07-17T05:10:26.541963,9,3.221923828125,66.921
2024-07-17T05:10:26.567081,9,3.221923828125,66.921
2024-07-17T05:10:26.592212,9,3.221923828125,67.638
2024-07-17T05:10:26.617365,9,3.221923828125,67.638
2024-07-17T05:10:26.642522,9,3.221923828125,67.638
2024-07-17T05:10:26.667632,9,3.221923828125,66.918
2024-07-17T05:10:26.692745,9,3.221923828125,66.918
2024-07-17T05:10:26.717917,9,3.221923828125,66.918
2024-07-17T05:10:26.743028,9,3.221923828125,66.918
2024-07-17T05:10:26.768166,9,3.221923828125,67.799
2024-07-17T05:10:26.793317,9,3.221923828125,67.799
2024-07-17T05:10:26.818439,9,3.221923828125,67.799
2024-07-17T05:10:26.843552,9,3.221923828125,67.799
2024-07-17T05:10:26.868665,9,3.221923828125,67.799
2024-07-17T05:10:26.893796,9,3.221923828125,67.018
2024-07-17T05:10:26.918932,9,3.221923828125,67.018
2024-07-17T05:10:26.944112,9,3.221923828125,67.018
2024-07-17T05:10:26.969294,9,3.221923828125,67.863
2024-07-17T05:10:26.994487,9,3.221923828125,67.863
2024-07-17T05:10:27.019599,9,3.221923828125,67.863
2024-07-17T05:10:27.044723,9,3.221923828125,67.863
2024-07-17T05:10:27.069903,9,3.221923828125,67.863
2024-07-17T05:10:27.095072,9,3.221923828125,67.211
2024-07-17T05:10:27.120207,9,3.221923828125,67.211
2024-07-17T05:10:27.145331,9,3.221923828125,67.211
2024-07-17T05:10:27.170499,9,3.221923828125,67.211
2024-07-17T05:10:27.195611,9,3.221923828125,67.818
2024-07-17T05:10:27.220723,9,3.221923828125,67.818
2024-07-17T05:10:27.245850,9,3.221923828125,67.818
2024-07-17T05:10:27.270970,9,3.221923828125,67.818
2024-07-17T05:10:27.296082,9,3.221923828125,67.333
2024-07-17T05:10:27.321204,9,3.221923828125,67.333
2024-07-17T05:10:27.346353,9,3.221923828125,67.333
2024-07-17T05:10:27.371475,9,3.221923828125,67.333
2024-07-17T05:10:27.396590,9,3.221923828125,67.871
2024-07-17T05:10:27.421711,9,3.221923828125,67.871
2024-07-17T05:10:27.446864,9,3.221923828125,67.871
2024-07-17T05:10:27.471975,9,3.221923828125,67.871
2024-07-17T05:10:27.497098,9,3.221923828125,67.871
2024-07-17T05:10:27.522238,9,3.221923828125,67.483
2024-07-17T05:10:27.547375,9,3.221923828125,67.483
2024-07-17T05:10:27.572486,9,3.221923828125,67.483
2024-07-17T05:10:27.597661,9,3.221923828125,67.483
2024-07-17T05:10:27.622773,9,3.221923828125,67.916
2024-07-17T05:10:27.647867,9,3.221923828125,67.916
2024-07-17T05:10:27.673030,9,3.221923828125,67.916
2024-07-17T05:10:27.698153,9,3.221923828125,67.431
2024-07-17T05:10:27.723278,9,3.221923828125,67.431
2024-07-17T05:10:27.748391,9,3.221923828125,67.431
2024-07-17T05:10:27.773550,9,3.221923828125,67.431
2024-07-17T05:10:27.798661,9,3.221923828125,66.945
2024-07-17T05:10:27.823802,9,3.221923828125,66.945
2024-07-17T05:10:27.848926,9,3.221923828125,66.945
2024-07-17T05:10:27.874090,9,3.221923828125,66.945
2024-07-17T05:10:27.899212,9,3.221923828125,66.945
2024-07-17T05:10:27.924338,9,3.221923828125,67.585
2024-07-17T05:10:27.949490,9,3.221923828125,67.585
2024-07-17T05:10:27.974621,9,3.221923828125,67.585
2024-07-17T05:10:27.999764,9,3.221923828125,66.943
2024-07-17T05:10:28.024871,9,3.221923828125,66.943
2024-07-17T05:10:28.050009,9,3.221923828125,66.943
2024-07-17T05:10:28.075131,9,3.221923828125,66.943
2024-07-17T05:10:28.100250,9,3.221923828125,66.943
2024-07-17T05:10:28.125371,9,3.221923828125,67.54
2024-07-17T05:10:28.150483,9,3.221923828125,67.54
2024-07-17T05:10:28.175623,9,3.221923828125,67.54
2024-07-17T05:10:28.200755,9,3.221923828125,67.54
2024-07-17T05:10:28.225859,9,3.221923828125,67.158
2024-07-17T05:10:28.251054,9,3.221923828125,67.158
2024-07-17T05:10:28.276178,9,3.221923828125,67.158
2024-07-17T05:10:28.301300,9,3.221923828125,67.158
2024-07-17T05:10:28.326412,9,3.221923828125,67.361
2024-07-17T05:10:28.351562,9,3.221923828125,67.361
2024-07-17T05:10:28.376707,9,3.221923828125,67.361
2024-07-17T05:10:28.401818,9,3.221923828125,67.361
2024-07-17T05:10:28.426996,9,3.221923828125,66.99
2024-07-17T05:10:28.452138,9,3.221923828125,66.99
2024-07-17T05:10:28.477264,9,3.221923828125,66.99
2024-07-17T05:10:28.502396,9,3.221923828125,66.99
2024-07-17T05:10:28.527566,9,3.221923828125,66.99
2024-07-17T05:10:28.552713,9,3.221923828125,67.799
2024-07-17T05:10:28.577855,9,3.221923828125,67.799
2024-07-17T05:10:28.602986,9,3.221923828125,67.799
2024-07-17T05:10:28.628154,9,3.221923828125,67.799
2024-07-17T05:10:28.653265,8,3.221923828125,66.99
2024-07-17T05:10:28.678393,8,3.221923828125,66.99
2024-07-17T05:10:28.703506,8,3.221923828125,66.99
2024-07-17T05:10:28.728619,8,3.221923828125,67.826
2024-07-17T05:10:28.753731,8,3.221923828125,67.826
2024-07-17T05:10:28.778842,8,3.221923828125,67.826
2024-07-17T05:10:28.804052,8,3.221923828125,67.826
2024-07-17T05:10:28.829161,8,3.221923828125,66.945
2024-07-17T05:10:28.854283,8,3.221923828125,66.945
2024-07-17T05:10:28.879395,9,3.221923828125,66.945
2024-07-17T05:10:28.904533,9,3.221923828125,66.945
2024-07-17T05:10:28.929664,9,3.221923828125,66.945
2024-07-17T05:10:28.954788,9,3.221923828125,67.863
2024-07-17T05:10:28.979866,9,3.221923828125,67.863
2024-07-17T05:10:29.004998,9,3.221923828125,67.863
2024-07-17T05:10:29.030132,9,3.221923828125,67.281
2024-07-17T05:10:29.055252,9,3.221923828125,67.281
2024-07-17T05:10:29.080362,9,3.221923828125,67.281
2024-07-17T05:10:29.105494,9,3.221923828125,67.281
2024-07-17T05:10:29.130605,9,3.221923828125,67.281
2024-07-17T05:10:29.155769,9,3.221923828125,68.091
2024-07-17T05:10:29.180872,9,3.221923828125,68.091
2024-07-17T05:10:29.205982,9,3.221923828125,68.091
2024-07-17T05:10:29.231093,9,3.221923828125,68.091
2024-07-17T05:10:29.256218,9,3.221923828125,67.476
2024-07-17T05:10:29.281340,9,3.221923828125,67.476
2024-07-17T05:10:29.306486,9,3.221923828125,67.476
2024-07-17T05:10:29.331621,9,3.221923828125,67.476
2024-07-17T05:10:29.356768,9,3.221923828125,67.476
2024-07-17T05:10:29.381870,9,3.221923828125,67.889
2024-07-17T05:10:29.406981,9,3.221923828125,67.889
2024-07-17T05:10:29.432093,9,3.221923828125,67.889
2024-07-17T05:10:29.457219,9,3.221923828125,67.638
2024-07-17T05:10:29.482365,8,3.221923828125,67.638
2024-07-17T05:10:29.507476,8,3.221923828125,67.638
2024-07-17T05:10:29.532599,8,3.221923828125,67.638
2024-07-17T05:10:29.557711,8,3.221923828125,68.038
2024-07-17T05:10:29.582849,8,3.221923828125,68.038
2024-07-17T05:10:29.607970,8,3.221923828125,68.038
2024-07-17T05:10:29.633149,8,3.221923828125,68.038
2024-07-17T05:10:29.658261,8,3.221923828125,67.529
2024-07-17T05:10:29.683374,8,3.221923828125,67.529
2024-07-17T05:10:29.708487,8,3.221923828125,67.529
2024-07-17T05:10:29.733611,8,3.221923828125,67.529
2024-07-17T05:10:29.758765,8,3.221923828125,67.529
2024-07-17T05:10:29.783860,8,3.221923828125,66.972
2024-07-17T05:10:29.808981,8,3.221923828125,66.972
2024-07-17T05:10:29.834103,8,3.221923828125,66.972
2024-07-17T05:10:29.859216,8,3.221923828125,67.689
2024-07-17T05:10:29.884327,8,3.221923828125,67.689
2024-07-17T05:10:29.909454,8,3.221923828125,67.689
2024-07-17T05:10:29.934625,8,3.221923828125,67.689
2024-07-17T05:10:29.959737,8,3.221923828125,67.689
2024-07-17T05:10:29.984853,8,3.221923828125,67.567
2024-07-17T05:10:30.010019,8,3.221923828125,67.567
2024-07-17T05:10:30.035142,8,3.221923828125,67.567
2024-07-17T05:10:30.060254,8,3.221923828125,67.567
2024-07-17T05:10:30.085366,8,3.221923828125,67.567
2024-07-17T05:10:30.110488,9,3.221923828125,67.567
2024-07-17T05:10:30.135684,9,3.221923828125,67.567
2024-07-17T05:10:30.160862,9,3.221923828125,67.567
2024-07-17T05:10:30.185979,9,3.221923828125,67.715
2024-07-17T05:10:30.211110,9,3.221923828125,67.715
2024-07-17T05:10:30.236235,9,3.221923828125,67.715
2024-07-17T05:10:30.261393,9,3.221923828125,67.715
2024-07-17T05:10:30.286523,9,3.221923828125,67.715
2024-07-17T05:10:30.311656,8,3.221923828125,67.715
2024-07-17T05:10:30.336800,8,3.221923828125,67.715
2024-07-17T05:10:30.361970,8,3.221923828125,67.715
2024-07-17T05:10:30.387081,8,3.221923828125,67.715
2024-07-17T05:10:30.412211,8,3.221923828125,67.774
2024-07-17T05:10:30.437367,8,3.221923828125,67.774
2024-07-17T05:10:30.462510,8,3.221923828125,67.774
2024-07-17T05:10:30.487621,8,3.221923828125,67.774
2024-07-17T05:10:30.512779,8,3.221923828125,67.774
2024-07-17T05:10:30.537896,9,3.221923828125,67.774
2024-07-17T05:10:30.563018,9,3.221923828125,67.774
2024-07-17T05:10:30.588130,9,3.221923828125,67.825
2024-07-17T05:10:30.613269,9,3.221923828125,67.825
2024-07-17T05:10:30.638392,9,3.221923828125,67.825
2024-07-17T05:10:30.663528,9,3.221923828125,67.825
2024-07-17T05:10:30.688639,9,3.221923828125,66.945
2024-07-17T05:10:30.713763,9,3.221923828125,66.945
2024-07-17T05:10:30.738860,9,3.221923828125,66.945
2024-07-17T05:10:30.763971,9,3.221923828125,66.945
2024-07-17T05:10:30.789114,9,3.221923828125,66.945
2024-07-17T05:10:30.814269,9,3.221923828125,67.774
2024-07-17T05:10:30.839433,9,3.221923828125,67.774
2024-07-17T05:10:30.864551,9,3.221923828125,67.774
2024-07-17T05:10:30.889714,9,3.221923828125,67.281
2024-07-17T05:10:30.914825,9,3.221923828125,67.281
2024-07-17T05:10:30.939972,9,3.221923828125,67.281
2024-07-17T05:10:30.965141,9,3.221923828125,67.281
2024-07-17T05:10:30.990296,9,3.221923828125,67.281
2024-07-17T05:10:31.015440,9,3.221923828125,67.806
2024-07-17T05:10:31.040602,9,3.221923828125,67.806
2024-07-17T05:10:31.065731,9,3.221923828125,67.806
2024-07-17T05:10:31.090842,9,3.221923828125,67.806
2024-07-17T05:10:31.115956,9,3.221923828125,67.431
2024-07-17T05:10:31.141078,9,3.221923828125,67.431
2024-07-17T05:10:31.166190,9,3.221923828125,67.431
2024-07-17T05:10:31.191303,9,3.221923828125,67.431
2024-07-17T05:10:31.216429,9,3.221923828125,67.968
2024-07-17T05:10:31.241553,9,3.221923828125,67.968
2024-07-17T05:10:31.266723,9,3.221923828125,67.968
2024-07-17T05:10:31.291849,9,3.221923828125,67.968
2024-07-17T05:10:31.316974,9,3.221923828125,67.281
2024-07-17T05:10:31.342085,9,3.221923828125,67.281
2024-07-17T05:10:31.367213,9,3.221923828125,67.281
2024-07-17T05:10:31.392378,9,3.221923828125,67.281
2024-07-17T05:10:31.417516,9,3.221923828125,67.281
2024-07-17T05:10:31.442635,9,3.221923828125,68.11
2024-07-17T05:10:31.467789,9,3.221923828125,68.11
2024-07-17T05:10:31.492859,9,3.221923828125,68.11
2024-07-17T05:10:31.518014,9,3.221923828125,67.529
2024-07-17T05:10:31.543172,9,3.221923828125,67.529
2024-07-17T05:10:31.568323,9,3.221923828125,67.529
2024-07-17T05:10:31.593444,9,3.221923828125,67.529
2024-07-17T05:10:31.618556,9,3.221923828125,66.875
2024-07-17T05:10:31.643687,9,3.221923828125,66.875
2024-07-17T05:10:31.668863,9,3.221923828125,66.875
2024-07-17T05:10:31.693986,9,3.221923828125,66.875
2024-07-17T05:10:31.719106,9,3.221923828125,67.556
2024-07-17T05:10:31.744271,9,3.221923828125,67.556
2024-07-17T05:10:31.769437,9,3.221923828125,67.556
2024-07-17T05:10:31.794584,9,3.221923828125,67.556
2024-07-17T05:10:31.819695,9,3.221923828125,67.556
2024-07-17T05:10:31.844888,9,3.221923828125,67.033
2024-07-17T05:10:31.870007,9,3.221923828125,67.033
2024-07-17T05:10:31.895124,9,3.221923828125,67.033
2024-07-17T05:10:31.920245,9,3.221923828125,67.613
2024-07-17T05:10:31.945368,9,3.221923828125,67.613
2024-07-17T05:10:31.970488,9,3.221923828125,67.613
2024-07-17T05:10:31.995599,9,3.221923828125,67.613
2024-07-17T05:10:32.020771,9,3.221923828125,67.613
2024-07-17T05:10:32.045869,9,3.221923828125,66.945
2024-07-17T05:10:32.071020,9,3.221923828125,66.945
2024-07-17T05:10:32.096180,9,3.221923828125,66.945
2024-07-17T05:10:32.121365,9,3.221923828125,66.945
2024-07-17T05:10:32.146476,9,3.221923828125,67.665
2024-07-17T05:10:32.171600,9,3.221923828125,67.665
2024-07-17T05:10:32.196721,9,3.221923828125,67.665
2024-07-17T05:10:32.221832,9,3.221923828125,67.665
2024-07-17T05:10:32.246973,9,3.221923828125,66.845
2024-07-17T05:10:32.272097,9,3.221923828125,66.845
2024-07-17T05:10:32.297215,9,3.221923828125,66.845
2024-07-17T05:10:32.322327,9,3.221923828125,66.845
2024-07-17T05:10:32.347455,9,3.221923828125,67.844
2024-07-17T05:10:32.372590,9,3.221923828125,67.844
2024-07-17T05:10:32.397702,9,3.221923828125,67.844
2024-07-17T05:10:32.422816,9,3.221923828125,67.844
2024-07-17T05:10:32.447955,9,3.221923828125,67.844
2024-07-17T05:10:32.473076,9,3.221923828125,67.042
2024-07-17T05:10:32.498187,9,3.221923828125,67.042
2024-07-17T05:10:32.523338,9,3.221923828125,67.042
2024-07-17T05:10:32.548465,9,3.221923828125,67.896
2024-07-17T05:10:32.573618,9,3.221923828125,67.896
2024-07-17T05:10:32.598764,9,3.221923828125,67.896
2024-07-17T05:10:32.623858,9,3.221923828125,67.896
2024-07-17T05:10:32.648968,9,3.221923828125,67.016
2024-07-17T05:10:32.674088,9,3.221923828125,67.016
2024-07-17T05:10:32.699278,9,3.221923828125,67.016
2024-07-17T05:10:32.724389,9,3.221923828125,67.016
2024-07-17T05:10:32.749586,9,3.221923828125,67.826
2024-07-17T05:10:32.774697,9,3.221923828125,67.826
2024-07-17T05:10:32.799831,9,3.221923828125,67.826
2024-07-17T05:10:32.824986,9,3.221923828125,67.826
2024-07-17T05:10:32.850137,9,3.221923828125,67.826
2024-07-17T05:10:32.875279,9,3.221923828125,67.263
2024-07-17T05:10:32.900403,9,3.221923828125,67.263
2024-07-17T05:10:32.925527,9,3.221923828125,67.263
2024-07-17T05:10:32.950646,9,3.221923828125,67.889
2024-07-17T05:10:32.975778,9,3.221923828125,67.889
2024-07-17T05:10:33.000874,9,3.221923828125,67.889
2024-07-17T05:10:33.026026,9,3.221923828125,67.889
2024-07-17T05:10:33.051149,9,3.221923828125,67.889
2024-07-17T05:10:33.076260,9,3.221923828125,67.405
2024-07-17T05:10:33.101374,9,3.221923828125,67.405
2024-07-17T05:10:33.126490,9,3.221923828125,67.405
2024-07-17T05:10:33.151671,9,3.221923828125,67.405
2024-07-17T05:10:33.176801,9,3.221923828125,68.117
2024-07-17T05:10:33.201973,8,3.221923828125,68.117
2024-07-17T05:10:33.227084,8,3.221923828125,68.117
2024-07-17T05:10:33.252212,8,3.221923828125,68.117
2024-07-17T05:10:33.277345,8,3.221923828125,67.36
2024-07-17T05:10:33.302490,8,3.221923828125,67.36
2024-07-17T05:10:33.327624,8,3.221923828125,67.36
2024-07-17T05:10:33.352752,8,3.221923828125,67.36
2024-07-17T05:10:33.377911,8,3.221923828125,68.18
2024-07-17T05:10:33.403022,8,3.221923828125,68.18
2024-07-17T05:10:33.428153,8,3.221923828125,68.18
2024-07-17T05:10:33.453297,8,3.221923828125,68.18
2024-07-17T05:10:33.478433,8,3.221923828125,68.18
2024-07-17T05:10:33.503575,8,3.221923828125,67.502
2024-07-17T05:10:33.528685,8,3.221923828125,67.502
2024-07-17T05:10:33.553851,8,3.221923828125,67.502
2024-07-17T05:10:33.578979,8,3.221923828125,67.502
2024-07-17T05:10:33.604091,9,3.221923828125,67.061
2024-07-17T05:10:33.629262,9,3.221923828125,67.061
2024-07-17T05:10:33.654382,9,3.221923828125,67.061
2024-07-17T05:10:33.679493,9,3.221923828125,67.792
2024-07-17T05:10:33.704616,9,3.221923828125,67.792
2024-07-17T05:10:33.729738,9,3.221923828125,67.792
2024-07-17T05:10:33.754889,9,3.221923828125,67.792
2024-07-17T05:10:33.780008,9,3.221923828125,66.997
2024-07-17T05:10:33.805129,9,3.221923828125,66.997
2024-07-17T05:10:33.830279,9,3.221923828125,66.997
2024-07-17T05:10:33.855415,9,3.221923828125,66.997
2024-07-17T05:10:33.880573,9,3.221923828125,66.997
2024-07-17T05:10:33.905699,9,3.221923828125,66.945
2024-07-17T05:10:33.930874,9,3.221923828125,66.945
2024-07-17T05:10:33.955998,9,3.221923828125,66.945
2024-07-17T05:10:33.981108,9,3.221923828125,66.945
2024-07-17T05:10:34.006232,9,3.221923828125,66.945
2024-07-17T05:10:34.031394,9,3.221923828125,66.945
2024-07-17T05:10:34.056508,9,3.221923828125,66.945
2024-07-17T05:10:34.081631,9,3.221923828125,66.945
2024-07-17T05:10:34.106757,9,3.221923828125,66.893
2024-07-17T05:10:34.131859,9,3.221923828125,66.893
2024-07-17T05:10:34.156971,9,3.221923828125,66.893
2024-07-17T05:10:34.182083,9,3.221923828125,66.893
2024-07-17T05:10:34.207215,9,3.221923828125,66.893
2024-07-17T05:10:34.232363,9,3.221923828125,66.893
2024-07-17T05:10:34.257510,9,3.221923828125,66.893
2024-07-17T05:10:34.282650,9,3.221923828125,66.893
2024-07-17T05:10:34.307774,9,3.221923828125,66.893
2024-07-17T05:10:34.332902,9,3.221923828125,66.945
2024-07-17T05:10:34.358013,9,3.221923828125,66.945
2024-07-17T05:10:34.383135,9,3.221923828125,66.945
2024-07-17T05:10:34.408267,9,3.221923828125,66.945
2024-07-17T05:10:34.433410,9,3.221923828125,66.945
2024-07-17T05:10:34.458521,9,3.221923828125,66.945
2024-07-17T05:10:34.483642,9,3.221923828125,66.945
2024-07-17T05:10:34.508762,9,3.221923828125,66.945
2024-07-17T05:10:34.533859,9,3.221923828125,67.176
2024-07-17T05:10:34.558967,9,3.221923828125,67.176
2024-07-17T05:10:34.584098,9,3.221923828125,67.176
2024-07-17T05:10:34.609219,9,3.221923828125,67.176
2024-07-17T05:10:34.634393,9,3.221923828125,67.844
2024-07-17T05:10:34.659523,9,3.221923828125,67.844
2024-07-17T05:10:34.684635,9,3.221923828125,67.844
2024-07-17T05:10:34.709747,9,3.221923828125,67.236
2024-07-17T05:10:34.734870,9,3.221923828125,67.236
2024-07-17T05:10:34.759990,9,3.221923828125,67.236
2024-07-17T05:10:34.785114,9,3.221923828125,67.236
2024-07-17T05:10:34.810251,9,3.221923828125,67.871
2024-07-17T05:10:34.835404,9,3.221923828125,67.871
2024-07-17T05:10:34.860514,9,3.221923828125,67.871
2024-07-17T05:10:34.885704,9,3.221923828125,67.871
2024-07-17T05:10:34.910855,9,3.221923828125,67.871
2024-07-17T05:10:34.935978,9,3.221923828125,67.502
2024-07-17T05:10:34.961138,9,3.221923828125,67.502
2024-07-17T05:10:34.986262,9,3.221923828125,67.502
2024-07-17T05:10:35.011390,9,3.221923828125,67.502
2024-07-17T05:10:35.036511,9,3.221923828125,68.181
2024-07-17T05:10:35.061641,9,3.221923828125,68.181
2024-07-17T05:10:35.086820,9,3.221923828125,68.181
2024-07-17T05:10:35.111954,9,3.221923828125,68.181
2024-07-17T05:10:35.137078,9,3.221923828125,67.378
2024-07-17T05:10:35.162202,9,3.221923828125,67.378
2024-07-17T05:10:35.187312,9,3.221923828125,67.378
2024-07-17T05:10:35.212425,9,3.221923828125,67.378
2024-07-17T05:10:35.237539,9,3.221923828125,67.844
2024-07-17T05:10:35.262678,9,3.221923828125,67.844
2024-07-17T05:10:35.287804,9,3.221923828125,67.844
2024-07-17T05:10:35.312918,9,3.221923828125,67.844
2024-07-17T05:10:35.338029,9,3.221923828125,67.844
2024-07-17T05:10:35.363163,9,3.221923828125,67.458
2024-07-17T05:10:35.388300,9,3.221923828125,67.458
2024-07-17T05:10:35.413460,9,3.221923828125,67.458
2024-07-17T05:10:35.438582,9,3.221923828125,66.848
2024-07-17T05:10:35.463693,9,3.221923828125,66.848
2024-07-17T05:10:35.488894,9,3.221923828125,66.848
2024-07-17T05:10:35.514012,9,3.221923828125,66.848
2024-07-17T05:10:35.539123,9,3.221923828125,66.848
2024-07-17T05:10:35.564234,9,3.221923828125,67.458
2024-07-17T05:10:35.589389,9,3.221923828125,67.458
2024-07-17T05:10:35.614499,9,3.221923828125,67.458
2024-07-17T05:10:35.639612,9,3.221923828125,66.893
2024-07-17T05:10:35.664754,9,3.221923828125,66.893
2024-07-17T05:10:35.689868,9,3.221923828125,66.893
2024-07-17T05:10:35.715028,9,3.221923828125,66.893
2024-07-17T05:10:35.740140,9,3.221923828125,66.893
2024-07-17T05:10:35.765272,9,3.221923828125,67.592
2024-07-17T05:10:35.790397,9,3.221923828125,67.592
2024-07-17T05:10:35.815530,9,3.221923828125,67.592
2024-07-17T05:10:35.840652,9,3.221923828125,66.99
2024-07-17T05:10:35.865775,9,3.221923828125,66.99
2024-07-17T05:10:35.890944,9,3.221923828125,66.99
2024-07-17T05:10:35.916068,9,3.221923828125,66.99
2024-07-17T05:10:35.941179,9,3.221923828125,66.99
2024-07-17T05:10:35.966368,9,3.221923828125,67.74
2024-07-17T05:10:35.991524,9,3.221923828125,67.74
2024-07-17T05:10:36.016671,9,3.221923828125,67.74
2024-07-17T05:10:36.041786,9,3.221923828125,67.74
2024-07-17T05:10:36.066870,9,3.221923828125,67.139
2024-07-17T05:10:36.091989,9,3.221923828125,67.139
2024-07-17T05:10:36.117146,9,3.221923828125,67.139
2024-07-17T05:10:36.142269,9,3.221923828125,67.139
2024-07-17T05:10:36.167379,9,3.221923828125,67.766
2024-07-17T05:10:36.192490,9,3.221923828125,67.766
2024-07-17T05:10:36.217602,9,3.221923828125,67.766
2024-07-17T05:10:36.242714,9,3.221923828125,67.766
2024-07-17T05:10:36.267826,9,3.221923828125,66.972
2024-07-17T05:10:36.292957,9,3.221923828125,66.972
2024-07-17T05:10:36.318092,9,3.221923828125,66.972
2024-07-17T05:10:36.343213,9,3.221923828125,66.972
2024-07-17T05:10:36.368363,9,3.221923828125,66.972
2024-07-17T05:10:36.393501,9,3.221923828125,67.969
2024-07-17T05:10:36.418613,9,3.221923828125,67.969
2024-07-17T05:10:36.443732,9,3.221923828125,67.969
2024-07-17T05:10:36.468847,9,3.221923828125,67.405
2024-07-17T05:10:36.494024,9,3.221923828125,67.405
2024-07-17T05:10:36.519134,9,3.221923828125,67.405
2024-07-17T05:10:36.544255,9,3.221923828125,67.405
2024-07-17T05:10:36.569377,9,3.221923828125,67.844
2024-07-17T05:10:36.594580,9,3.221923828125,67.844
2024-07-17T05:10:36.619709,9,3.221923828125,67.844
2024-07-17T05:10:36.644821,9,3.221923828125,67.844
2024-07-17T05:10:36.669935,9,3.221923828125,67.352
2024-07-17T05:10:36.695046,9,3.221923828125,67.352
2024-07-17T05:10:36.720167,9,3.221923828125,67.352
2024-07-17T05:10:36.745288,9,3.221923828125,67.352
2024-07-17T05:10:36.770409,9,3.221923828125,67.352
2024-07-17T05:10:36.795521,9,3.221923828125,68.066
2024-07-17T05:10:36.820670,9,3.221923828125,68.066
2024-07-17T05:10:36.845781,9,3.221923828125,68.066
2024-07-17T05:10:36.870870,9,3.221923828125,67.502
2024-07-17T05:10:36.895992,9,3.221923828125,67.502
2024-07-17T05:10:36.921128,9,3.221923828125,67.502
2024-07-17T05:10:36.946253,9,3.221923828125,67.502
2024-07-17T05:10:36.971364,9,3.221923828125,67.502
2024-07-17T05:10:36.996477,9,3.221923828125,67.941
2024-07-17T05:10:37.021636,9,3.221923828125,67.941
2024-07-17T05:10:37.046755,9,3.221923828125,67.941
2024-07-17T05:10:37.071881,9,3.221923828125,67.941
2024-07-17T05:10:37.097014,9,3.221923828125,67.556
2024-07-17T05:10:37.122133,8,3.221923828125,67.556
2024-07-17T05:10:37.147245,8,3.221923828125,67.556
2024-07-17T05:10:37.172356,8,3.221923828125,67.556
2024-07-17T05:10:37.197468,8,3.221923828125,67.166
2024-07-17T05:10:37.222580,8,3.221923828125,67.166
2024-07-17T05:10:37.247705,8,3.221923828125,67.166
2024-07-17T05:10:37.272834,8,3.221923828125,67.166
2024-07-17T05:10:37.297957,8,3.221923828125,67.708
2024-07-17T05:10:37.323111,9,3.221923828125,67.708
2024-07-17T05:10:37.348299,9,3.221923828125,67.708
2024-07-17T05:10:37.373426,9,3.221923828125,67.708
2024-07-17T05:10:37.398572,9,3.221923828125,67.708
2024-07-17T05:10:37.423684,9,3.221923828125,66.938
2024-07-17T05:10:37.448821,9,3.221923828125,66.938
2024-07-17T05:10:37.474010,9,3.221923828125,66.938
2024-07-17T05:10:37.499137,9,3.221923828125,67.863
2024-07-17T05:10:37.524261,9,3.221923828125,67.863
2024-07-17T05:10:37.549391,9,3.221923828125,67.863
2024-07-17T05:10:37.574510,9,3.221923828125,67.863
2024-07-17T05:10:37.599684,9,3.221923828125,67.094
2024-07-17T05:10:37.624795,9,3.221923828125,67.094
2024-07-17T05:10:37.649939,9,3.221923828125,67.094
2024-07-17T05:10:37.675060,9,3.221923828125,67.094
2024-07-17T05:10:37.700183,9,3.221923828125,67.799
2024-07-17T05:10:37.725352,9,3.221923828125,67.799
2024-07-17T05:10:37.750528,9,3.221923828125,67.799
2024-07-17T05:10:37.775680,9,3.221923828125,67.799
2024-07-17T05:10:37.800800,9,3.221923828125,67.799
2024-07-17T05:10:37.825925,9,3.221923828125,67.657
2024-07-17T05:10:37.851070,9,3.221923828125,67.657
2024-07-17T05:10:37.876200,9,3.221923828125,67.657
2024-07-17T05:10:37.901312,9,3.221923828125,67.657
2024-07-17T05:10:37.926495,9,3.221923828125,67.657
2024-07-17T05:10:37.951643,9,3.221923828125,67.657
2024-07-17T05:10:37.976763,9,3.221923828125,67.657
2024-07-17T05:10:38.001943,9,3.221923828125,67.657
2024-07-17T05:10:38.027061,9,3.221923828125,67.709
2024-07-17T05:10:38.052193,9,3.221923828125,67.709
2024-07-17T05:10:38.077305,9,3.221923828125,67.709
2024-07-17T05:10:38.102445,9,3.221923828125,67.709
2024-07-17T05:10:38.127571,9,3.221923828125,67.709
2024-07-17T05:10:38.152738,9,3.221923828125,67.709
2024-07-17T05:10:38.177861,9,3.221923828125,67.709
2024-07-17T05:10:38.261519,9,3.221923828125,64.321
2024-07-17T05:10:38.286730,9,3.221923828125,64.321
2024-07-17T05:10:38.311860,9,3.221923828125,64.321
2024-07-17T05:10:38.336974,9,3.221923828125,64.321
2024-07-17T05:10:38.362121,5,3.221923828125,64.321
2024-07-17T05:10:38.387233,5,3.221923828125,64.321
2024-07-17T05:10:38.412354,5,3.221923828125,64.321
2024-07-17T05:10:38.437515,5,3.221923828125,67.405
2024-07-17T05:10:38.462654,5,3.221923828125,67.405
2024-07-17T05:10:38.487766,5,3.221923828125,67.405
2024-07-17T05:10:38.512901,5,3.221923828125,67.405
2024-07-17T05:10:38.538012,5,3.221923828125,68.02
2024-07-17T05:10:38.563144,8,3.221923828125,68.02
2024-07-17T05:10:38.588284,8,3.221923828125,68.02
2024-07-17T05:10:38.613416,8,3.221923828125,68.02
2024-07-17T05:10:38.638527,8,3.221923828125,67.333
2024-07-17T05:10:38.663639,8,3.221923828125,67.333
2024-07-17T05:10:38.688750,8,3.221923828125,67.333
2024-07-17T05:10:38.713867,8,3.221923828125,67.333
2024-07-17T05:10:38.739041,8,3.221923828125,68.11
2024-07-17T05:10:38.764168,8,3.221923828125,68.11
2024-07-17T05:10:38.789280,8,3.221923828125,68.11
2024-07-17T05:10:38.814393,8,3.221923828125,68.11
2024-07-17T05:10:38.839505,8,3.221923828125,68.11
2024-07-17T05:10:38.864673,8,3.221923828125,67.502
2024-07-17T05:10:38.889784,8,3.221923828125,67.502
2024-07-17T05:10:38.914913,8,3.221923828125,67.502
2024-07-17T05:10:38.940023,8,3.221923828125,66.824
2024-07-17T05:10:38.965134,8,3.221923828125,66.824
2024-07-17T05:10:38.990331,9,3.221923828125,66.824
2024-07-17T05:10:39.015450,9,3.221923828125,66.824
2024-07-17T05:10:39.040561,9,3.221923828125,66.824
2024-07-17T05:10:39.065673,9,3.221923828125,67.638
2024-07-17T05:10:39.090834,9,3.221923828125,67.638
2024-07-17T05:10:39.115947,9,3.221923828125,67.638
2024-07-17T05:10:39.141058,9,3.221923828125,67.016
2024-07-17T05:10:39.166261,9,3.221923828125,67.016
2024-07-17T05:10:39.191429,9,3.221923828125,67.016
2024-07-17T05:10:39.216549,9,3.221923828125,67.016
2024-07-17T05:10:39.241712,9,3.221923828125,67.016
2024-07-17T05:10:39.266858,9,3.221923828125,67.592
2024-07-17T05:10:39.291969,9,3.221923828125,67.592
2024-07-17T05:10:39.317173,9,3.221923828125,67.592
2024-07-17T05:10:39.342296,9,3.221923828125,67.592
2024-07-17T05:10:39.367416,9,3.221923828125,66.921
2024-07-17T05:10:39.392545,9,3.221923828125,66.921
2024-07-17T05:10:39.417736,9,3.221923828125,66.921
2024-07-17T05:10:39.442869,9,3.221923828125,66.921
2024-07-17T05:10:39.468048,9,3.221923828125,67.735
2024-07-17T05:10:39.493172,9,3.221923828125,67.735
2024-07-17T05:10:39.518389,9,3.221923828125,67.735
2024-07-17T05:10:39.543564,9,3.221923828125,67.735
2024-07-17T05:10:39.568705,9,3.221923828125,67.022
2024-07-17T05:10:39.593817,9,3.221923828125,67.022
2024-07-17T05:10:39.618995,9,3.221923828125,67.022
2024-07-17T05:10:39.644118,9,3.221923828125,67.022
2024-07-17T05:10:39.669270,9,3.221923828125,67.022
2024-07-17T05:10:39.694394,9,3.221923828125,67.78
2024-07-17T05:10:39.719575,9,3.221923828125,67.78
2024-07-17T05:10:39.744739,9,3.221923828125,67.78
2024-07-17T05:10:39.769854,9,3.221923828125,67.018
2024-07-17T05:10:39.794965,9,3.221923828125,67.018
2024-07-17T05:10:39.820093,9,3.221923828125,67.018
2024-07-17T05:10:39.845236,9,3.221923828125,67.018
2024-07-17T05:10:39.870355,9,3.221923828125,67.018
2024-07-17T05:10:39.895477,9,3.221923828125,67.735
2024-07-17T05:10:39.920629,9,3.221923828125,67.735
2024-07-17T05:10:39.945747,9,3.221923828125,67.735
2024-07-17T05:10:39.970883,9,3.221923828125,67.308
2024-07-17T05:10:39.995993,9,3.221923828125,67.308
2024-07-17T05:10:40.021105,9,3.221923828125,67.308
2024-07-17T05:10:40.046307,9,3.221923828125,67.308
2024-07-17T05:10:40.071476,9,3.221923828125,67.308
2024-07-17T05:10:40.096600,9,3.221923828125,67.871
2024-07-17T05:10:40.121713,9,3.221923828125,67.871
2024-07-17T05:10:40.146904,9,3.221923828125,67.871
2024-07-17T05:10:40.172034,9,3.221923828125,67.236
2024-07-17T05:10:40.197146,9,3.221923828125,67.236
2024-07-17T05:10:40.222283,9,3.221923828125,67.236
2024-07-17T05:10:40.247395,9,3.221923828125,67.236
2024-07-17T05:10:40.272533,9,3.221923828125,67.236
2024-07-17T05:10:40.297644,9,3.221923828125,67.844
2024-07-17T05:10:40.322799,9,3.221923828125,67.844
2024-07-17T05:10:40.347929,9,3.221923828125,67.844
2024-07-17T05:10:40.373048,9,3.221923828125,67.844
2024-07-17T05:10:40.398184,9,3.221923828125,67.308
2024-07-17T05:10:40.423313,9,3.221923828125,67.308
2024-07-17T05:10:40.448464,9,3.221923828125,67.308
2024-07-17T05:10:40.473576,9,3.221923828125,67.308
2024-07-17T05:10:40.498698,9,3.221923828125,67.308
2024-07-17T05:10:40.523818,9,3.221923828125,68.181
2024-07-17T05:10:40.548940,9,3.221923828125,68.181
2024-07-17T05:10:40.574068,9,3.221923828125,68.181
2024-07-17T05:10:40.599177,9,3.221923828125,68.181
2024-07-17T05:10:40.624336,9,3.221923828125,67.361
2024-07-17T05:10:40.649476,9,3.221923828125,67.361
2024-07-17T05:10:40.674599,9,3.221923828125,67.361
2024-07-17T05:10:40.699746,9,3.221923828125,67.844
2024-07-17T05:10:40.724923,9,3.221923828125,67.844
2024-07-17T05:10:40.750034,9,3.221923828125,67.844
2024-07-17T05:10:40.775181,9,3.221923828125,67.844
2024-07-17T05:10:40.800351,9,3.221923828125,67.431
2024-07-17T05:10:40.825476,9,3.221923828125,67.431
2024-07-17T05:10:40.850600,9,3.221923828125,67.431
2024-07-17T05:10:40.875720,9,3.221923828125,67.431
2024-07-17T05:10:40.900938,9,3.221923828125,67.431
2024-07-17T05:10:40.926087,9,3.221923828125,66.964
2024-07-17T05:10:40.951219,9,3.221923828125,66.964
2024-07-17T05:10:40.976346,9,3.221923828125,66.964
2024-07-17T05:10:41.001470,9,3.221923828125,67.657
2024-07-17T05:10:41.026664,9,3.221923828125,67.657
2024-07-17T05:10:41.051785,9,3.221923828125,67.657
2024-07-17T05:10:41.076909,9,3.221923828125,67.657
2024-07-17T05:10:41.102028,9,3.221923828125,67.657
2024-07-17T05:10:41.127140,9,3.221923828125,66.778
2024-07-17T05:10:41.152264,9,3.221923828125,66.778
2024-07-17T05:10:41.177397,9,3.221923828125,66.778
2024-07-17T05:10:41.202508,9,3.221923828125,66.778
2024-07-17T05:10:41.227634,9,3.221923828125,67.689
2024-07-17T05:10:41.252762,9,3.221923828125,67.689
2024-07-17T05:10:41.277875,9,3.221923828125,67.689
2024-07-17T05:10:41.302998,9,3.221923828125,67.689
2024-07-17T05:10:41.328119,9,3.221923828125,66.99
2024-07-17T05:10:41.353239,9,3.221923828125,66.99
2024-07-17T05:10:41.378363,9,3.221923828125,66.99
2024-07-17T05:10:41.403491,9,3.221923828125,66.99
2024-07-17T05:10:41.428617,9,3.221923828125,67.96
2024-07-17T05:10:41.453735,9,3.221923828125,67.96
2024-07-17T05:10:41.478882,9,3.221923828125,67.96
2024-07-17T05:10:41.503991,9,3.221923828125,67.96
2024-07-17T05:10:41.529102,9,3.221923828125,67.96
2024-07-17T05:10:41.554248,9,3.221923828125,67.042
2024-07-17T05:10:41.579402,9,3.221923828125,67.042
2024-07-17T05:10:41.604529,9,3.221923828125,67.042
2024-07-17T05:10:41.629664,9,3.221923828125,67.042
2024-07-17T05:10:41.654775,9,3.221923828125,66.893
2024-07-17T05:10:41.679924,9,3.221923828125,66.893
2024-07-17T05:10:41.705035,9,3.221923828125,66.893
2024-07-17T05:10:41.730145,9,3.221923828125,66.893
2024-07-17T05:10:41.755256,9,3.221923828125,66.893
2024-07-17T05:10:41.780367,9,3.221923828125,66.893
2024-07-17T05:10:41.805503,9,3.221923828125,66.893
2024-07-17T05:10:41.830629,9,3.221923828125,67.896
2024-07-17T05:10:41.855803,9,3.221923828125,67.896
2024-07-17T05:10:41.880922,9,3.221923828125,67.896
2024-07-17T05:10:41.906044,9,3.221923828125,67.896
2024-07-17T05:10:41.931181,9,3.221923828125,67.896
2024-07-17T05:10:41.956292,9,3.221923828125,67.871
2024-07-17T05:10:41.981450,9,3.221923828125,67.871
2024-07-17T05:10:42.006571,9,3.221923828125,67.871
2024-07-17T05:10:42.031691,9,3.221923828125,67.871
2024-07-17T05:10:42.056849,9,3.221923828125,67.871
2024-07-17T05:10:42.081966,8,3.221923828125,67.871
2024-07-17T05:10:42.107142,8,3.221923828125,67.871
2024-07-17T05:10:42.132263,8,3.221923828125,67.871
2024-07-17T05:10:42.157377,8,3.221923828125,67.844
2024-07-17T05:10:42.182499,8,3.221923828125,67.844
2024-07-17T05:10:42.207676,8,3.221923828125,67.844
2024-07-17T05:10:42.232787,8,3.221923828125,67.844
2024-07-17T05:10:42.257873,8,3.221923828125,67.237
2024-07-17T05:10:42.282982,9,3.221923828125,67.237
2024-07-17T05:10:42.308095,9,3.221923828125,67.237
2024-07-17T05:10:42.333263,9,3.221923828125,67.237
2024-07-17T05:10:42.358382,9,3.221923828125,67.237
2024-07-17T05:10:42.383494,9,3.221923828125,68.135
2024-07-17T05:10:42.408634,9,3.221923828125,68.135
2024-07-17T05:10:42.433791,9,3.221923828125,68.135
2024-07-17T05:10:42.458904,9,3.221923828125,67.405
2024-07-17T05:10:42.484043,8,3.221923828125,67.405
2024-07-17T05:10:42.509168,8,3.221923828125,67.405
2024-07-17T05:10:42.534299,8,3.221923828125,67.405
2024-07-17T05:10:42.559449,8,3.221923828125,67.405
2024-07-17T05:10:42.584561,8,3.221923828125,67.405
2024-07-17T05:10:42.609724,8,3.221923828125,67.405
2024-07-17T05:10:42.634843,8,3.221923828125,67.405
2024-07-17T05:10:42.659968,8,3.221923828125,67.504
2024-07-17T05:10:42.685079,8,3.221923828125,67.504
2024-07-17T05:10:42.710237,8,3.221923828125,67.504
2024-07-17T05:10:42.735363,8,3.221923828125,67.504
2024-07-17T05:10:42.760475,8,3.221923828125,67.504
2024-07-17T05:10:42.785599,8,3.221923828125,66.945
2024-07-17T05:10:42.810723,8,3.221923828125,66.945
2024-07-17T05:10:42.835910,8,3.221923828125,66.945
2024-07-17T05:10:42.861020,8,3.221923828125,67.502
2024-07-17T05:10:42.886186,8,3.221923828125,67.502
2024-07-17T05:10:42.911297,9,3.221923828125,67.502
2024-07-17T05:10:42.936429,9,3.221923828125,67.502
2024-07-17T05:10:42.961549,9,3.221923828125,67.502
2024-07-17T05:10:42.986728,9,3.221923828125,66.919
2024-07-17T05:10:43.011923,9,3.221923828125,66.919
2024-07-17T05:10:43.037058,9,3.221923828125,66.919
2024-07-17T05:10:43.062211,9,3.221923828125,66.919
2024-07-17T05:10:43.087321,9,3.221923828125,67.612
2024-07-17T05:10:43.112520,9,3.221923828125,67.612
2024-07-17T05:10:43.137632,9,3.221923828125,67.612
2024-07-17T05:10:43.162760,9,3.221923828125,67.612
2024-07-17T05:10:43.187918,9,3.221923828125,67.042
2024-07-17T05:10:43.213040,9,3.221923828125,67.042
2024-07-17T05:10:43.238151,9,3.221923828125,67.042
2024-07-17T05:10:43.263335,9,3.221923828125,67.042
2024-07-17T05:10:43.288458,9,3.221923828125,67.903
2024-07-17T05:10:43.313581,9,3.221923828125,67.903
2024-07-17T05:10:43.338694,9,3.221923828125,67.903
2024-07-17T05:10:43.363825,9,3.221923828125,67.903
2024-07-17T05:10:43.388955,9,3.221923828125,67.903
2024-07-17T05:10:43.414073,9,3.221923828125,66.99
2024-07-17T05:10:43.439224,9,3.221923828125,66.99
2024-07-17T05:10:43.464362,9,3.221923828125,66.99
2024-07-17T05:10:43.489484,9,3.221923828125,67.71
2024-07-17T05:10:43.514598,9,3.221923828125,67.71
2024-07-17T05:10:43.539747,9,3.221923828125,67.71
2024-07-17T05:10:43.564925,9,3.221923828125,67.71
2024-07-17T05:10:43.590095,9,3.221923828125,67.042
2024-07-17T05:10:43.615207,9,3.221923828125,67.042
2024-07-17T05:10:43.640345,9,3.221923828125,67.042
2024-07-17T05:10:43.665477,9,3.221923828125,67.042
2024-07-17T05:10:43.690619,9,3.221923828125,67.799
2024-07-17T05:10:43.715746,9,3.221923828125,67.799
2024-07-17T05:10:43.740893,9,3.221923828125,67.799
2024-07-17T05:10:43.766003,9,3.221923828125,67.799
2024-07-17T05:10:43.791186,9,3.221923828125,67.799
2024-07-17T05:10:43.816306,9,3.221923828125,67.263
2024-07-17T05:10:43.841417,9,3.221923828125,67.263
2024-07-17T05:10:43.866618,9,3.221923828125,67.263
2024-07-17T05:10:43.891742,9,3.221923828125,67.638
2024-07-17T05:10:43.916874,9,3.221923828125,67.638
2024-07-17T05:10:43.942047,9,3.221923828125,67.638
2024-07-17T05:10:43.967192,9,3.221923828125,67.638
2024-07-17T05:10:43.992315,9,3.221923828125,67.638
2024-07-17T05:10:44.017490,9,3.221923828125,67.069
2024-07-17T05:10:44.042601,9,3.221923828125,67.069
2024-07-17T05:10:44.067713,9,3.221923828125,67.069
2024-07-17T05:10:44.092852,9,3.221923828125,67.069
2024-07-17T05:10:44.117963,9,3.221923828125,67.818
2024-07-17T05:10:44.143075,9,3.221923828125,67.818
2024-07-17T05:10:44.168197,9,3.221923828125,67.818
2024-07-17T05:10:44.193349,9,3.221923828125,67.818
2024-07-17T05:10:44.218500,9,3.221923828125,67.255
2024-07-17T05:10:44.243676,9,3.221923828125,67.255
2024-07-17T05:10:44.268802,9,3.221923828125,67.255
2024-07-17T05:10:44.293975,9,3.221923828125,67.255
2024-07-17T05:10:44.319120,9,3.221923828125,67.665
2024-07-17T05:10:44.344231,9,3.221923828125,67.665
2024-07-17T05:10:44.369345,9,3.221923828125,67.665
2024-07-17T05:10:44.394475,9,3.221923828125,67.665
2024-07-17T05:10:44.419599,9,3.221923828125,67.665
2024-07-17T05:10:44.444710,9,3.221923828125,67.042
2024-07-17T05:10:44.469835,9,3.221923828125,67.042
2024-07-17T05:10:44.494972,9,3.221923828125,67.042
2024-07-17T05:10:44.520097,9,3.221923828125,66.919
2024-07-17T05:10:44.545226,9,3.221923828125,66.919
2024-07-17T05:10:44.570421,9,3.221923828125,66.919
2024-07-17T05:10:44.595533,9,3.221923828125,66.919
2024-07-17T05:10:44.620653,9,3.221923828125,67.333
2024-07-17T05:10:44.645777,9,3.221923828125,67.333
2024-07-17T05:10:44.670890,9,3.221923828125,67.333
2024-07-17T05:10:44.696013,9,3.221923828125,67.333
2024-07-17T05:10:44.721123,9,3.221923828125,66.875
2024-07-17T05:10:44.746248,9,3.221923828125,66.875
2024-07-17T05:10:44.771425,9,3.221923828125,66.875
2024-07-17T05:10:44.796546,9,3.221923828125,66.875
2024-07-17T05:10:44.821687,9,3.221923828125,66.875
2024-07-17T05:10:44.846813,9,3.221923828125,67.483
2024-07-17T05:10:44.871927,9,3.221923828125,67.483
2024-07-17T05:10:44.897069,9,3.221923828125,67.483
2024-07-17T05:10:44.922208,9,3.221923828125,66.821
2024-07-17T05:10:44.947364,9,3.221923828125,66.821
2024-07-17T05:10:44.972486,9,3.221923828125,66.821
2024-07-17T05:10:44.997610,9,3.221923828125,66.821
2024-07-17T05:10:45.022760,9,3.221923828125,66.821
2024-07-17T05:10:45.047879,9,3.221923828125,67.504
2024-07-17T05:10:45.072999,9,3.221923828125,67.504
2024-07-17T05:10:45.098139,9,3.221923828125,67.504
2024-07-17T05:10:45.123275,9,3.221923828125,67.504
2024-07-17T05:10:45.148435,9,3.221923828125,66.848
2024-07-17T05:10:45.173546,9,3.221923828125,66.848
2024-07-17T05:10:45.198678,9,3.221923828125,66.848
2024-07-17T05:10:45.223824,9,3.221923828125,66.848
2024-07-17T05:10:45.248966,9,3.221923828125,67.502
2024-07-17T05:10:45.274077,9,3.221923828125,67.502
2024-07-17T05:10:45.299209,9,3.221923828125,67.502
2024-07-17T05:10:45.324321,9,3.221923828125,67.502
2024-07-17T05:10:45.349457,9,3.221923828125,66.997
2024-07-17T05:10:45.374569,9,3.221923828125,66.997
2024-07-17T05:10:45.399692,9,3.221923828125,66.997
2024-07-17T05:10:45.424803,9,3.221923828125,66.997
2024-07-17T05:10:45.449930,9,3.221923828125,66.997
2024-07-17T05:10:45.475050,9,3.221923828125,66.867
2024-07-17T05:10:45.500161,9,3.221923828125,66.867
2024-07-17T05:10:45.525272,9,3.221923828125,66.867
2024-07-17T05:10:45.550408,9,3.221923828125,66.867
2024-07-17T05:10:45.575525,9,3.221923828125,66.867
2024-07-17T05:10:45.600719,9,3.221923828125,66.867
2024-07-17T05:10:45.625862,9,3.221923828125,66.867
2024-07-17T05:10:45.650999,9,3.221923828125,67.709
2024-07-17T05:10:45.676127,9,3.221923828125,67.709
2024-07-17T05:10:45.701248,9,3.221923828125,67.709
2024-07-17T05:10:45.726360,9,3.221923828125,67.709
2024-07-17T05:10:45.751499,9,3.221923828125,67.184
2024-07-17T05:10:45.776611,9,3.221923828125,67.184
2024-07-17T05:10:45.801727,9,3.221923828125,67.184
2024-07-17T05:10:45.826839,9,3.221923828125,67.184
2024-07-17T05:10:45.852001,9,3.221923828125,67.184
2024-07-17T05:10:45.877111,9,3.221923828125,67.139
2024-07-17T05:10:45.902222,9,3.221923828125,67.139
2024-07-17T05:10:45.927379,9,3.221923828125,67.139
2024-07-17T05:10:45.952502,9,3.221923828125,67.139
2024-07-17T05:10:45.977622,9,3.221923828125,67.139
2024-07-17T05:10:46.002828,9,3.221923828125,67.139
2024-07-17T05:10:46.027952,9,3.221923828125,67.139
2024-07-17T05:10:46.053079,9,3.221923828125,67.139
2024-07-17T05:10:46.078245,9,3.221923828125,67.069
2024-07-17T05:10:46.103356,9,3.221923828125,67.069
2024-07-17T05:10:46.128480,9,3.221923828125,67.069
2024-07-17T05:10:46.153622,9,3.221923828125,67.069
2024-07-17T05:10:46.178770,9,3.221923828125,67.717
2024-07-17T05:10:46.203946,8,3.221923828125,67.717
2024-07-17T05:10:46.229069,8,3.221923828125,67.717
2024-07-17T05:10:46.254180,8,3.221923828125,67.717
2024-07-17T05:10:46.279302,8,3.221923828125,67.717
2024-07-17T05:10:46.304435,8,3.221923828125,66.964
2024-07-17T05:10:46.329546,8,3.221923828125,66.964
2024-07-17T05:10:46.354658,8,3.221923828125,66.964
2024-07-17T05:10:46.379782,8,3.221923828125,66.838
2024-07-17T05:10:46.404859,9,3.221923828125,66.838
2024-07-17T05:10:46.429969,9,3.221923828125,66.838
2024-07-17T05:10:46.455081,9,3.221923828125,66.838
2024-07-17T05:10:46.480205,9,3.221923828125,66.838
2024-07-17T05:10:46.505336,9,3.221923828125,67.255
2024-07-17T05:10:46.530447,9,3.221923828125,67.255
2024-07-17T05:10:46.555580,9,3.221923828125,67.255
2024-07-17T05:10:46.580709,9,3.221923828125,67.255
2024-07-17T05:10:46.605821,9,3.221923828125,66.945
2024-07-17T05:10:46.630935,9,3.221923828125,66.945
2024-07-17T05:10:46.656073,9,3.221923828125,66.945
2024-07-17T05:10:46.681225,9,3.221923828125,67.391
2024-07-17T05:10:46.706336,9,3.221923828125,67.391
2024-07-17T05:10:46.731448,9,3.221923828125,67.391
2024-07-17T05:10:46.756572,9,3.221923828125,67.391
2024-07-17T05:10:46.781683,9,3.221923828125,66.681
2024-07-17T05:10:46.806826,9,3.221923828125,66.681
2024-07-17T05:10:46.831938,9,3.221923828125,66.681
2024-07-17T05:10:46.857060,9,3.221923828125,66.681
2024-07-17T05:10:46.882184,9,3.221923828125,66.681
2024-07-17T05:10:46.907311,9,3.221923828125,67.385
2024-07-17T05:10:46.932423,9,3.221923828125,67.385
2024-07-17T05:10:46.957547,9,3.221923828125,67.385
2024-07-17T05:10:46.982667,9,3.221923828125,67.385
2024-07-17T05:10:47.007785,9,3.221923828125,66.698
2024-07-17T05:10:47.032867,9,3.221923828125,66.698
2024-07-17T05:10:47.057977,9,3.221923828125,66.698
2024-07-17T05:10:47.083103,9,3.221923828125,66.698
2024-07-17T05:10:47.108230,9,3.221923828125,67.333
2024-07-17T05:10:47.133390,9,3.221923828125,67.333
2024-07-17T05:10:47.158501,9,3.221923828125,67.333
2024-07-17T05:10:47.183691,9,3.221923828125,67.333
2024-07-17T05:10:47.208829,9,3.221923828125,66.637
2024-07-17T05:10:47.234029,9,3.221923828125,66.637
2024-07-17T05:10:47.259139,9,3.221923828125,66.637
2024-07-17T05:10:47.284328,9,3.221923828125,66.637
2024-07-17T05:10:47.309451,9,3.221923828125,66.637
2024-07-17T05:10:47.334562,9,3.221923828125,67.45
2024-07-17T05:10:47.359743,9,3.221923828125,67.45
2024-07-17T05:10:47.384863,9,3.221923828125,67.45
2024-07-17T05:10:47.410013,9,3.221923828125,66.867
2024-07-17T05:10:47.435123,9,3.221923828125,66.867
2024-07-17T05:10:47.460287,9,3.221923828125,66.867
2024-07-17T05:10:47.485398,9,3.221923828125,66.867
2024-07-17T05:10:47.510579,9,3.221923828125,66.867
2024-07-17T05:10:47.535738,9,3.221923828125,67.431
2024-07-17T05:10:47.560877,9,3.221923828125,67.431
2024-07-17T05:10:47.586014,9,3.221923828125,67.431
2024-07-17T05:10:47.611133,9,3.221923828125,67.431
2024-07-17T05:10:47.636244,9,3.221923828125,67.087
2024-07-17T05:10:47.661356,9,3.221923828125,67.087
2024-07-17T05:10:47.686500,9,3.221923828125,67.087
2024-07-17T05:10:47.711620,9,3.221923828125,67.483
2024-07-17T05:10:47.736745,9,3.221923828125,67.483
2024-07-17T05:10:47.761867,9,3.221923828125,67.483
2024-07-17T05:10:47.787056,9,3.221923828125,67.483
2024-07-17T05:10:47.812181,9,3.221923828125,67.281
2024-07-17T05:10:47.837373,9,3.221923828125,67.281
2024-07-17T05:10:47.862491,9,3.221923828125,67.281
2024-07-17T05:10:47.887614,9,3.221923828125,67.281
2024-07-17T05:10:47.912726,9,3.221923828125,67.281
2024-07-17T05:10:47.937867,9,3.221923828125,67.826
2024-07-17T05:10:47.963005,9,3.221923828125,67.826
2024-07-17T05:10:47.988116,9,3.221923828125,67.826
2024-07-17T05:10:48.013245,9,3.221923828125,67.826
2024-07-17T05:10:48.038368,9,3.221923828125,67.236
2024-07-17T05:10:48.063482,9,3.221923828125,67.236
2024-07-17T05:10:48.088622,9,3.221923828125,67.236
2024-07-17T05:10:48.113733,9,3.221923828125,67.236
2024-07-17T05:10:48.138885,9,3.221923828125,67.236
2024-07-17T05:10:48.164003,9,3.221923828125,67.236
2024-07-17T05:10:48.189132,9,3.221923828125,67.236
2024-07-17T05:10:48.214251,9,3.221923828125,67.236
2024-07-17T05:10:48.239403,9,3.221923828125,67.378
2024-07-17T05:10:48.264558,9,3.221923828125,67.378
2024-07-17T05:10:48.289702,9,3.221923828125,67.378
2024-07-17T05:10:48.314832,9,3.221923828125,67.378
2024-07-17T05:10:48.339954,9,3.221923828125,67.378
2024-07-17T05:10:48.365073,9,3.221923828125,66.778
2024-07-17T05:10:48.390185,9,3.221923828125,66.778
2024-07-17T05:10:48.415360,9,3.221923828125,66.778
2024-07-17T05:10:48.440482,9,3.221923828125,67.475
2024-07-17T05:10:48.465651,9,3.221923828125,67.475
2024-07-17T05:10:48.490762,9,3.221923828125,67.475
2024-07-17T05:10:48.515859,9,3.221923828125,67.475
2024-07-17T05:10:48.540970,9,3.221923828125,67.475
2024-07-17T05:10:48.566105,9,3.221923828125,66.699
2024-07-17T05:10:48.591267,9,3.221923828125,66.699
2024-07-17T05:10:48.616377,9,3.221923828125,66.699
2024-07-17T05:10:48.641556,9,3.221923828125,66.699
2024-07-17T05:10:48.666679,9,3.221923828125,67.412
2024-07-17T05:10:48.691820,9,3.221923828125,67.412
2024-07-17T05:10:48.716947,9,3.221923828125,67.412
2024-07-17T05:10:48.742072,9,3.221923828125,66.964
2024-07-17T05:10:48.767216,9,3.221923828125,66.964
2024-07-17T05:10:48.792362,9,3.221923828125,66.964
2024-07-17T05:10:48.817474,9,3.221923828125,66.964
2024-07-17T05:10:48.842647,9,3.221923828125,67.504
2024-07-17T05:10:48.867770,9,3.221923828125,67.504
2024-07-17T05:10:48.892875,9,3.221923828125,67.504
2024-07-17T05:10:48.918030,9,3.221923828125,67.504
2024-07-17T05:10:48.943141,9,3.221923828125,67.504
2024-07-17T05:10:48.968280,9,3.221923828125,66.964
2024-07-17T05:10:48.993404,9,3.221923828125,66.964
2024-07-17T05:10:49.018554,9,3.221923828125,66.964
2024-07-17T05:10:49.043722,9,3.221923828125,66.964
2024-07-17T05:10:49.068833,9,3.221923828125,67.842
2024-07-17T05:10:49.094000,9,3.221923828125,67.842
2024-07-17T05:10:49.119109,9,3.221923828125,67.842
2024-07-17T05:10:49.144221,9,3.221923828125,67.842
2024-07-17T05:10:49.169413,9,3.221923828125,67.842
2024-07-17T05:10:49.194533,9,3.221923828125,67.613
2024-07-17T05:10:49.219660,9,3.221923828125,67.613
2024-07-17T05:10:49.244772,9,3.221923828125,67.613
2024-07-17T05:10:49.269883,9,3.221923828125,67.613
2024-07-17T05:10:49.295063,9,3.221923828125,67.613
2024-07-17T05:10:49.320174,9,3.221923828125,67.613
2024-07-17T05:10:49.345330,9,3.221923828125,67.613
2024-07-17T05:10:49.370460,9,3.221923828125,67.613
2024-07-17T05:10:49.395572,9,3.221923828125,67.599
2024-07-17T05:10:49.420688,9,3.221923828125,67.599
2024-07-17T05:10:49.445829,9,3.221923828125,67.599
2024-07-17T05:10:49.470957,9,3.221923828125,67.599
2024-07-17T05:10:49.496079,9,3.221923828125,67.599
2024-07-17T05:10:49.521206,9,3.221923828125,67.599
2024-07-17T05:10:49.546390,9,3.221923828125,67.599
2024-07-17T05:10:49.571509,9,3.221923828125,67.184
2024-07-17T05:10:49.596640,9,3.221923828125,67.184
2024-07-17T05:10:49.621768,9,3.221923828125,67.184
2024-07-17T05:10:49.646859,9,3.221923828125,67.184
2024-07-17T05:10:49.671983,9,3.221923828125,68.013
2024-07-17T05:10:49.697111,9,3.221923828125,68.013
2024-07-17T05:10:49.722232,9,3.221923828125,68.013
2024-07-17T05:10:49.747379,9,3.221923828125,68.013
2024-07-17T05:10:49.772502,9,3.221923828125,68.013
2024-07-17T05:10:49.797635,9,3.221923828125,67.916
2024-07-17T05:10:49.822747,9,3.221923828125,67.916
2024-07-17T05:10:49.847859,9,3.221923828125,67.916
2024-07-17T05:10:49.872970,9,3.221923828125,67.916
2024-07-17T05:10:49.898083,9,3.221923828125,67.378
2024-07-17T05:10:49.923240,8,3.221923828125,67.378
2024-07-17T05:10:49.948371,8,3.221923828125,67.378
2024-07-17T05:10:49.979325,8,3.221923828125,67.378
2024-07-17T05:10:50.004454,8,3.221923828125,66.436
2024-07-17T05:10:50.029632,8,3.221923828125,66.436
2024-07-17T05:10:50.054752,8,3.221923828125,66.436
2024-07-17T05:10:50.079860,8,3.221923828125,66.436
2024-07-17T05:10:50.105056,8,3.221923828125,66.945
2024-07-17T05:10:50.130189,8,3.221923828125,66.945
2024-07-17T05:10:50.155333,8,3.221923828125,66.945
2024-07-17T05:10:50.180469,8,3.221923828125,66.945
2024-07-17T05:10:50.205594,8,3.221923828125,67.404
2024-07-17T05:10:50.230720,8,3.221923828125,67.404
2024-07-17T05:10:50.255831,8,3.221923828125,67.404
2024-07-17T05:10:50.281015,8,3.221923828125,67.404
2024-07-17T05:10:50.306160,8,3.221923828125,67.307
2024-07-17T05:10:50.331296,10,3.221923828125,67.307
2024-07-17T05:10:50.356432,10,3.221923828125,67.307
2024-07-17T05:10:50.381606,10,3.221923828125,67.307
2024-07-17T05:10:50.406741,10,3.221923828125,67.307
2024-07-17T05:10:50.431859,10,3.221923828125,67.497
2024-07-17T05:10:50.457008,10,3.221923828125,67.497
2024-07-17T05:10:50.482128,10,3.221923828125,67.497
2024-07-17T05:10:50.507238,10,3.221923828125,69.986
2024-07-17T05:10:50.532383,10,3.221923828125,69.986
2024-07-17T05:10:50.557506,10,3.221923828125,69.986
2024-07-17T05:10:50.582624,10,3.221923828125,69.986
2024-07-17T05:10:50.607743,10,3.221923828125,69.387
2024-07-17T05:10:50.632864,10,3.221923828125,69.387
2024-07-17T05:10:50.657976,10,3.221923828125,69.387
2024-07-17T05:10:50.683091,10,3.221923828125,69.387
2024-07-17T05:10:50.708220,10,3.221923828125,69.263
2024-07-17T05:10:50.733341,10,3.221923828125,69.263
2024-07-17T05:10:50.758451,16,3.221923828125,69.263
2024-07-17T05:10:50.783585,16,3.221923828125,69.263
2024-07-17T05:10:50.808721,16,3.221923828125,69.263
2024-07-17T05:10:50.838978,16,3.221923828125,68.887
2024-07-17T05:10:50.864118,16,3.221923828125,68.887
2024-07-17T05:10:50.889228,16,3.221923828125,68.887
2024-07-17T05:10:50.914381,16,3.221923828125,66.848
2024-07-17T05:10:50.939558,16,3.221923828125,66.848
2024-07-17T05:10:50.964718,16,3.221923828125,66.848
2024-07-17T05:10:50.989830,16,3.221923828125,66.848
2024-07-17T05:10:51.014942,16,3.221923828125,66.848
2024-07-17T05:10:51.040053,16,3.221923828125,67.307
2024-07-17T05:10:51.065189,16,3.221923828125,67.307
2024-07-17T05:10:51.090368,16,3.221923828125,67.307
2024-07-17T05:10:51.115494,16,3.221923828125,66.698
2024-07-17T05:10:51.140638,16,3.221923828125,66.698
2024-07-17T05:10:51.165760,11,3.221923828125,66.698
2024-07-17T05:10:51.190867,11,3.221923828125,66.698
2024-07-17T05:10:51.215990,11,3.221923828125,66.698
2024-07-17T05:10:51.241114,11,3.221923828125,67.29
2024-07-17T05:10:51.266236,11,3.221923828125,67.29
2024-07-17T05:10:51.291347,11,3.221923828125,67.29
2024-07-17T05:10:51.316481,11,3.221923828125,67.29
2024-07-17T05:10:51.341590,11,3.221923828125,69.908
2024-07-17T05:10:51.366718,10,3.221923828125,69.908
2024-07-17T05:10:51.391830,10,3.221923828125,69.908
2024-07-17T05:10:51.416943,10,3.221923828125,69.908
2024-07-17T05:10:51.442069,10,3.221923828125,69.908
2024-07-17T05:10:51.467207,10,3.221923828125,69.879
2024-07-17T05:10:51.492317,10,3.221923828125,69.879
2024-07-17T05:10:51.517446,10,3.221923828125,69.879
2024-07-17T05:10:51.542556,10,3.221923828125,69.262
2024-07-17T05:10:51.567667,15,3.221923828125,69.262
2024-07-17T05:10:51.592862,15,3.221923828125,69.262
2024-07-17T05:10:51.618001,15,3.221923828125,69.262
2024-07-17T05:10:51.643130,15,3.221923828125,68.97
2024-07-17T05:10:51.668243,15,3.221923828125,68.97
2024-07-17T05:10:51.693370,15,3.221923828125,68.97
2024-07-17T05:10:51.718480,15,3.221923828125,68.97
2024-07-17T05:10:51.743592,15,3.221923828125,67.637
2024-07-17T05:10:51.768723,15,3.221923828125,67.637
2024-07-17T05:10:51.793873,16,3.221923828125,67.637
2024-07-17T05:10:51.819011,16,3.221923828125,67.637
2024-07-17T05:10:51.844129,16,3.221923828125,67.637
2024-07-17T05:10:51.869240,16,3.221923828125,67.094
2024-07-17T05:10:51.894352,16,3.221923828125,67.094
2024-07-17T05:10:51.919534,16,3.221923828125,67.094
2024-07-17T05:10:51.944674,16,3.221923828125,67.689
2024-07-17T05:10:51.969795,16,3.221923828125,67.689
2024-07-17T05:10:51.994921,12,3.221923828125,67.689
2024-07-17T05:10:52.020054,12,3.221923828125,67.689
2024-07-17T05:10:52.045182,12,3.221923828125,67.689
2024-07-17T05:10:52.070353,12,3.221923828125,67.406
2024-07-17T05:10:52.095514,12,3.221923828125,67.406
2024-07-17T05:10:52.120659,12,3.221923828125,67.406
2024-07-17T05:10:52.145791,12,3.221923828125,67.406
2024-07-17T05:10:52.170871,12,3.221923828125,67.638
2024-07-17T05:10:52.195992,10,3.221923828125,67.638
2024-07-17T05:10:52.221127,10,3.221923828125,67.638
2024-07-17T05:10:52.246293,10,3.221923828125,67.638
2024-07-17T05:10:52.271448,10,3.221923828125,69.872
2024-07-17T05:10:52.296570,10,3.221923828125,69.872
2024-07-17T05:10:52.321683,10,3.221923828125,69.872
2024-07-17T05:10:52.346794,10,3.221923828125,69.872
2024-07-17T05:10:52.371860,10,3.221923828125,69.289
2024-07-17T05:10:52.396970,13,3.221923828125,69.289
2024-07-17T05:10:52.422105,13,3.221923828125,69.289
2024-07-17T05:10:52.447250,13,3.221923828125,69.289
2024-07-17T05:10:52.472362,13,3.221923828125,69.289
2024-07-17T05:10:52.497513,13,3.221923828125,69.288
2024-07-17T05:10:52.529873,13,3.221923828125,69.288
2024-07-17T05:10:52.554998,13,3.221923828125,69.288
2024-07-17T05:10:52.580119,13,3.221923828125,69.138
2024-07-17T05:10:52.605242,16,3.221923828125,69.138
2024-07-17T05:10:52.630367,16,3.221923828125,69.138
2024-07-17T05:10:52.655551,16,3.221923828125,69.138
2024-07-17T05:10:52.680701,16,3.221923828125,66.997
2024-07-17T05:10:52.705826,16,3.221923828125,66.997
2024-07-17T05:10:52.730971,16,3.221923828125,66.997
2024-07-17T05:10:52.756114,16,3.221923828125,66.997
2024-07-17T05:10:52.781225,16,3.221923828125,67.308
2024-07-17T05:10:52.806337,10,3.221923828125,67.308
2024-07-17T05:10:52.831462,10,3.221923828125,67.308
2024-07-17T05:10:52.856584,10,3.221923828125,67.308
2024-07-17T05:10:52.881702,10,3.221923828125,67.308
2024-07-17T05:10:52.906813,10,3.221923828125,66.831
2024-07-17T05:10:52.931938,10,3.221923828125,66.831
2024-07-17T05:10:52.957111,10,3.221923828125,66.831
2024-07-17T05:10:52.982224,10,3.221923828125,67.708
2024-07-17T05:10:53.007350,10,3.221923828125,67.708
2024-07-17T05:10:53.032533,12,3.221923828125,67.708
2024-07-17T05:10:53.057761,12,3.221923828125,67.708
2024-07-17T05:10:53.082873,12,3.221923828125,67.708
2024-07-17T05:10:53.108022,12,3.221923828125,69.439
2024-07-17T05:10:53.133152,12,3.221923828125,69.439
2024-07-17T05:10:53.158265,12,3.221923828125,69.439
2024-07-17T05:10:53.183379,12,3.221923828125,69.439
2024-07-17T05:10:53.208513,12,3.221923828125,69.439
2024-07-17T05:10:53.233638,16,3.221923828125,69.439
2024-07-17T05:10:53.258820,16,3.221923828125,69.439
2024-07-17T05:10:53.283989,16,3.221923828125,69.439
2024-07-17T05:10:53.309120,16,3.221923828125,68.827
2024-07-17T05:10:53.334292,16,3.221923828125,68.827
2024-07-17T05:10:53.359424,16,3.221923828125,68.827
2024-07-17T05:10:53.384534,16,3.221923828125,68.827
2024-07-17T05:10:53.409646,16,3.221923828125,68.827
2024-07-17T05:10:53.434756,14,3.221923828125,68.827
2024-07-17T05:10:53.459904,14,3.221923828125,68.827
2024-07-17T05:10:53.485012,14,3.221923828125,68.827
2024-07-17T05:10:53.510140,14,3.221923828125,67.069
2024-07-17T05:10:53.535263,14,3.221923828125,67.069
2024-07-17T05:10:53.560393,14,3.221923828125,67.069
2024-07-17T05:10:53.585553,14,3.221923828125,67.069
2024-07-17T05:10:53.610663,14,3.221923828125,67.069
2024-07-17T05:10:53.635775,10,3.221923828125,66.893
2024-07-17T05:10:53.660859,10,3.221923828125,66.893
2024-07-17T05:10:53.685969,10,3.221923828125,66.893
2024-07-17T05:10:53.711087,10,3.221923828125,67.483
2024-07-17T05:10:53.736242,10,3.221923828125,67.483
2024-07-17T05:10:53.761353,10,3.221923828125,67.483
2024-07-17T05:10:53.786466,10,3.221923828125,67.483
2024-07-17T05:10:53.811597,10,3.221923828125,68.843
2024-07-17T05:10:53.836746,10,3.221923828125,68.843
2024-07-17T05:10:53.861893,11,3.221923828125,68.843
2024-07-17T05:10:53.887002,11,3.221923828125,68.843
2024-07-17T05:10:53.912191,11,3.221923828125,68.843
2024-07-17T05:10:53.937361,11,3.221923828125,69.799
2024-07-17T05:10:53.962482,11,3.221923828125,69.799
2024-07-17T05:10:53.987601,11,3.221923828125,69.799
2024-07-17T05:10:54.012724,11,3.221923828125,69.41
2024-07-17T05:10:54.037847,11,3.221923828125,69.41
2024-07-17T05:10:54.062959,16,3.221923828125,69.41
2024-07-17T05:10:54.088099,16,3.221923828125,69.41
2024-07-17T05:10:54.113234,16,3.221923828125,69.41
2024-07-17T05:10:54.138392,16,3.221923828125,69.021
2024-07-17T05:10:54.163555,16,3.221923828125,69.021
2024-07-17T05:10:54.188712,16,3.221923828125,69.021
2024-07-17T05:10:54.213835,16,3.221923828125,68.718
2024-07-17T05:10:54.238958,16,3.221923828125,68.718
2024-07-17T05:10:54.264067,16,3.221923828125,68.718
2024-07-17T05:10:54.289202,16,3.221923828125,68.718
2024-07-17T05:10:54.314320,16,3.221923828125,68.718
2024-07-17T05:10:54.339442,16,3.221923828125,66.99
2024-07-17T05:10:54.364554,16,3.221923828125,66.99
2024-07-17T05:10:54.389717,16,3.221923828125,66.99
2024-07-17T05:10:54.414827,16,3.221923828125,66.99
2024-07-17T05:10:54.439961,16,3.221923828125,67.58
2024-07-17T05:10:54.465082,10,3.221923828125,67.58
2024-07-17T05:10:54.490215,10,3.221923828125,67.58
2024-07-17T05:10:54.515327,10,3.221923828125,67.58
2024-07-17T05:10:54.540448,10,3.221923828125,67.58
2024-07-17T05:10:54.565558,10,3.221923828125,67.069
2024-07-17T05:10:54.590763,10,3.221923828125,67.069
2024-07-17T05:10:54.615860,10,3.221923828125,67.069
2024-07-17T05:10:54.640991,10,3.221923828125,67.069
2024-07-17T05:10:54.666151,10,3.221923828125,67.484
2024-07-17T05:10:54.691276,10,3.221923828125,67.484
2024-07-17T05:10:54.716390,10,3.221923828125,67.484
2024-07-17T05:10:54.741536,10,3.221923828125,69.799
2024-07-17T05:10:54.766692,10,3.221923828125,69.799
2024-07-17T05:10:54.791802,10,3.221923828125,69.799
2024-07-17T05:10:54.816959,10,3.221923828125,69.799
2024-07-17T05:10:54.842131,10,3.221923828125,69.658
2024-07-17T05:10:54.867241,10,3.221923828125,69.658
2024-07-17T05:10:54.892366,16,3.221923828125,69.658
2024-07-17T05:10:54.917526,16,3.221923828125,69.658
2024-07-17T05:10:54.942734,16,3.221923828125,69.658
2024-07-17T05:10:54.967849,16,3.221923828125,69.58
2024-07-17T05:10:54.992998,16,3.221923828125,69.58
2024-07-17T05:10:55.018138,16,3.221923828125,69.58
2024-07-17T05:10:55.043249,16,3.221923828125,69.094
2024-07-17T05:10:55.068361,16,3.221923828125,69.094
2024-07-17T05:10:55.093473,16,3.221923828125,69.094
2024-07-17T05:10:55.118667,16,3.221923828125,69.094
2024-07-17T05:10:55.143857,16,3.221923828125,69.094
2024-07-17T05:10:55.168977,16,3.221923828125,66.751
2024-07-17T05:10:55.194087,16,3.221923828125,66.751
2024-07-17T05:10:55.219236,16,3.221923828125,66.751
2024-07-17T05:10:55.244364,16,3.221923828125,66.751
2024-07-17T05:10:55.269486,16,3.221923828125,67.405
2024-07-17T05:10:55.294647,11,3.221923828125,67.405
2024-07-17T05:10:55.319756,11,3.221923828125,67.405
2024-07-17T05:10:55.344880,11,3.221923828125,67.405
2024-07-17T05:10:55.370026,11,3.221923828125,66.724
2024-07-17T05:10:55.395145,11,3.221923828125,66.724
2024-07-17T05:10:55.420329,11,3.221923828125,66.724
2024-07-17T05:10:55.445440,11,3.221923828125,66.724
2024-07-17T05:10:55.475860,11,3.221923828125,67.613
2024-07-17T05:10:55.500972,10,3.221923828125,67.613
2024-07-17T05:10:55.526108,10,3.221923828125,67.613
2024-07-17T05:10:55.551219,10,3.221923828125,67.613
2024-07-17T05:10:55.576330,10,3.221923828125,69.897
2024-07-17T05:10:55.601508,10,3.221923828125,69.897
2024-07-17T05:10:55.626630,10,3.221923828125,69.897
2024-07-17T05:10:55.651741,10,3.221923828125,69.897
2024-07-17T05:10:55.676855,10,3.221923828125,69.561
2024-07-17T05:10:55.702015,14,3.221923828125,69.561
2024-07-17T05:10:55.727127,14,3.221923828125,69.561
2024-07-17T05:10:55.752255,14,3.221923828125,69.561
2024-07-17T05:10:55.777366,14,3.221923828125,69.561
2024-07-17T05:10:55.802504,14,3.221923828125,69.296
2024-07-17T05:10:55.827623,14,3.221923828125,69.296
2024-07-17T05:10:55.852761,14,3.221923828125,69.296
2024-07-17T05:10:55.877866,14,3.221923828125,69.216
2024-07-17T05:10:55.907858,16,3.221923828125,69.216
2024-07-17T05:10:55.933006,16,3.221923828125,69.216
2024-07-17T05:10:55.958118,16,3.221923828125,69.216
2024-07-17T05:10:55.983301,16,3.221923828125,69.216
2024-07-17T05:10:56.008473,16,3.221923828125,67.863
2024-07-17T05:10:56.033583,16,3.221923828125,67.863
2024-07-17T05:10:56.058732,16,3.221923828125,67.863
2024-07-17T05:10:56.083853,16,3.221923828125,67.094
2024-07-17T05:10:56.108963,16,3.221923828125,67.094
2024-07-17T05:10:56.134148,12,3.221923828125,67.094
2024-07-17T05:10:56.159294,12,3.221923828125,67.094
2024-07-17T05:10:56.184419,12,3.221923828125,67.094
2024-07-17T05:10:56.209530,12,3.221923828125,68.031
2024-07-17T05:10:56.234679,12,3.221923828125,68.031
2024-07-17T05:10:56.259837,12,3.221923828125,68.031
2024-07-17T05:10:56.284972,12,3.221923828125,67.333
2024-07-17T05:10:56.310083,12,3.221923828125,67.333
2024-07-17T05:10:56.335196,10,3.221923828125,67.333
2024-07-17T05:10:56.360334,10,3.221923828125,67.333
2024-07-17T05:10:56.385499,10,3.221923828125,67.333
2024-07-17T05:10:56.410659,10,3.221923828125,67.665
2024-07-17T05:10:56.435803,10,3.221923828125,67.665
2024-07-17T05:10:56.460917,10,3.221923828125,67.665
2024-07-17T05:10:56.486097,10,3.221923828125,69.827
2024-07-17T05:10:56.511207,10,3.221923828125,69.827
2024-07-17T05:10:56.536374,13,3.221923828125,69.827
2024-07-17T05:10:56.561515,13,3.221923828125,69.827
2024-07-17T05:10:56.586650,13,3.221923828125,69.678
2024-07-17T05:10:56.611760,13,3.221923828125,69.678
2024-07-17T05:10:56.636882,13,3.221923828125,69.678
2024-07-17T05:10:56.662000,13,3.221923828125,69.678
2024-07-17T05:10:56.687132,13,3.221923828125,69.678
2024-07-17T05:10:56.712244,13,3.221923828125,69.41
2024-07-17T05:10:56.737356,16,3.221923828125,69.41
2024-07-17T05:10:56.762468,16,3.221923828125,69.41
2024-07-17T05:10:56.787593,16,3.221923828125,69.41
2024-07-17T05:10:56.877127,16,3.221923828125,64.523
2024-07-17T05:10:56.902322,16,3.221923828125,64.523
2024-07-17T05:10:56.927457,16,3.221923828125,64.523
2024-07-17T05:10:56.952576,12,3.221923828125,64.523
2024-07-17T05:10:56.977710,12,3.221923828125,64.523
2024-07-17T05:10:57.002860,12,3.221923828125,64.523
2024-07-17T05:10:57.027978,12,3.221923828125,67.529
2024-07-17T05:10:57.053136,12,3.221923828125,67.529
2024-07-17T05:10:57.078248,12,3.221923828125,67.529
2024-07-17T05:10:57.103369,12,3.221923828125,67.529
2024-07-17T05:10:57.128534,12,3.221923828125,67.529
2024-07-17T05:10:57.153659,7,3.221923828125,67.529
2024-07-17T05:10:57.178870,7,3.221923828125,67.529
2024-07-17T05:10:57.204008,7,3.221923828125,67.529
2024-07-17T05:10:57.229126,7,3.221923828125,67.47
2024-07-17T05:10:57.254237,7,3.221923828125,67.47
2024-07-17T05:10:57.279356,7,3.221923828125,67.47
2024-07-17T05:10:57.304523,7,3.221923828125,67.47
2024-07-17T05:10:57.329665,7,3.221923828125,67.47
2024-07-17T05:10:57.354914,10,3.221923828125,67.47
2024-07-17T05:10:57.380059,10,3.221923828125,67.47
2024-07-17T05:10:57.405230,10,3.221923828125,67.47
2024-07-17T05:10:57.430342,10,3.221923828125,67.47
2024-07-17T05:10:57.455473,10,3.221923828125,69.605
2024-07-17T05:10:57.480583,10,3.221923828125,69.605
2024-07-17T05:10:57.505697,10,3.221923828125,69.605
2024-07-17T05:10:57.530821,10,3.221923828125,69.606
2024-07-17T05:10:57.555962,15,3.221923828125,69.606
2024-07-17T05:10:57.581117,15,3.221923828125,69.606
2024-07-17T05:10:57.606240,15,3.221923828125,69.606
2024-07-17T05:10:57.631365,15,3.221923828125,69.263
2024-07-17T05:10:57.656525,15,3.221923828125,69.263
2024-07-17T05:10:57.681637,15,3.221923828125,69.263
2024-07-17T05:10:57.706833,15,3.221923828125,69.263
2024-07-17T05:10:57.731947,15,3.221923828125,66.644
2024-07-17T05:10:57.757102,15,3.221923828125,66.644
2024-07-17T05:10:57.782226,16,3.221923828125,66.644
2024-07-17T05:10:57.807338,16,3.221923828125,66.644
2024-07-17T05:10:57.832491,16,3.221923828125,66.644
2024-07-17T05:10:57.857603,16,3.221923828125,67.353
2024-07-17T05:10:57.882715,16,3.221923828125,67.353
2024-07-17T05:10:57.907829,16,3.221923828125,67.353
2024-07-17T05:10:57.932968,16,3.221923828125,66.848
2024-07-17T05:10:57.958087,16,3.221923828125,66.848
2024-07-17T05:10:57.983210,11,3.221923828125,66.848
2024-07-17T05:10:58.008338,11,3.221923828125,66.848
2024-07-17T05:10:58.033469,11,3.221923828125,66.848
2024-07-17T05:10:58.058580,11,3.221923828125,67.359
2024-07-17T05:10:58.083700,11,3.221923828125,67.359
2024-07-17T05:10:58.108881,11,3.221923828125,67.359
2024-07-17T05:10:58.133993,11,3.221923828125,67.359
2024-07-17T05:10:58.159109,11,3.221923828125,68.966
2024-07-17T05:10:58.184287,10,3.221923828125,68.966
2024-07-17T05:10:58.209412,10,3.221923828125,68.966
2024-07-17T05:10:58.234531,10,3.221923828125,68.966
2024-07-17T05:10:58.259643,10,3.221923828125,69.633
2024-07-17T05:10:58.284771,10,3.221923828125,69.633
2024-07-17T05:10:58.309911,10,3.221923828125,69.633
2024-07-17T05:10:58.335046,10,3.221923828125,69.633
2024-07-17T05:10:58.360167,10,3.221923828125,69.392
2024-07-17T05:10:58.385310,14,3.221923828125,69.392
2024-07-17T05:10:58.410421,14,3.221923828125,69.392
2024-07-17T05:10:58.435547,14,3.221923828125,69.392
2024-07-17T05:10:58.460690,14,3.221923828125,69.392
2024-07-17T05:10:58.485802,14,3.221923828125,69.022
2024-07-17T05:10:58.510917,14,3.221923828125,69.022
2024-07-17T05:10:58.536041,14,3.221923828125,69.022
2024-07-17T05:10:58.561230,14,3.221923828125,69.074
2024-07-17T05:10:58.586341,16,3.221923828125,69.074
2024-07-17T05:10:58.611471,16,3.221923828125,69.074
2024-07-17T05:10:58.636600,16,3.221923828125,69.074
2024-07-17T05:10:58.661736,16,3.221923828125,67.281
2024-07-17T05:10:58.686887,16,3.221923828125,67.281
2024-07-17T05:10:58.711997,16,3.221923828125,67.281
2024-07-17T05:10:58.737109,16,3.221923828125,67.281
2024-07-17T05:10:58.762220,16,3.221923828125,67.722
2024-07-17T05:10:58.787331,16,3.221923828125,67.722
2024-07-17T05:10:58.812465,12,3.221923828125,67.722
2024-07-17T05:10:58.837601,12,3.221923828125,67.722
2024-07-17T05:10:58.862731,12,3.221923828125,67.722
2024-07-17T05:10:58.887843,12,3.221923828125,67.358
2024-07-17T05:10:58.912994,12,3.221923828125,67.358
2024-07-17T05:10:58.938147,12,3.221923828125,67.358
2024-07-17T05:10:58.963291,12,3.221923828125,67.042
2024-07-17T05:10:58.988400,12,3.221923828125,67.042
2024-07-17T05:10:59.013523,8,3.221923828125,67.042
2024-07-17T05:10:59.038674,8,3.221923828125,67.042
2024-07-17T05:10:59.063797,8,3.221923828125,67.042
2024-07-17T05:10:59.088929,8,3.221923828125,67.263
2024-07-17T05:10:59.114127,8,3.221923828125,67.263
2024-07-17T05:10:59.139262,8,3.221923828125,67.263
2024-07-17T05:10:59.164384,8,3.221923828125,67.263
2024-07-17T05:10:59.189496,8,3.221923828125,66.705
2024-07-17T05:10:59.214643,9,3.221923828125,66.705
2024-07-17T05:10:59.239790,9,3.221923828125,66.705
2024-07-17T05:10:59.264978,9,3.221923828125,66.705
2024-07-17T05:10:59.290108,9,3.221923828125,67.307
2024-07-17T05:10:59.315232,9,3.221923828125,67.307
2024-07-17T05:10:59.340362,9,3.221923828125,67.307
2024-07-17T05:10:59.365493,9,3.221923828125,67.307
2024-07-17T05:10:59.390616,9,3.221923828125,66.796
2024-07-17T05:10:59.415770,9,3.221923828125,66.796
2024-07-17T05:10:59.440859,9,3.221923828125,66.796
2024-07-17T05:10:59.465982,9,3.221923828125,66.796
2024-07-17T05:10:59.491106,9,3.221923828125,66.796
2024-07-17T05:10:59.516222,9,3.221923828125,67.548
2024-07-17T05:10:59.541414,9,3.221923828125,67.548
2024-07-17T05:10:59.566541,9,3.221923828125,67.548
2024-07-17T05:10:59.591671,9,3.221923828125,67.548
2024-07-17T05:10:59.616856,9,3.221923828125,66.964
2024-07-17T05:10:59.642002,9,3.221923828125,66.964
2024-07-17T05:10:59.667130,9,3.221923828125,66.964
2024-07-17T05:10:59.692261,9,3.221923828125,67.548
2024-07-17T05:10:59.717425,9,3.221923828125,67.548
2024-07-17T05:10:59.742619,9,3.221923828125,67.548
2024-07-17T05:10:59.767754,9,3.221923828125,67.548
2024-07-17T05:10:59.792860,9,3.221923828125,66.77
2024-07-17T05:10:59.818023,9,3.221923828125,66.77
2024-07-17T05:10:59.843158,9,3.221923828125,66.77
2024-07-17T05:10:59.868297,9,3.221923828125,66.77
2024-07-17T05:10:59.893451,9,3.221923828125,66.77
2024-07-17T05:10:59.918570,9,3.221923828125,67.475
2024-07-17T05:10:59.943704,9,3.221923828125,67.475
2024-07-17T05:10:59.968832,9,3.221923828125,67.475
2024-07-17T05:10:59.993957,9,3.221923828125,67.113
2024-07-17T05:11:00.019068,9,3.221923828125,67.113
2024-07-17T05:11:00.044180,9,3.221923828125,67.113
2024-07-17T05:11:00.069364,9,3.221923828125,67.113
2024-07-17T05:11:00.094491,9,3.221923828125,67.113
2024-07-17T05:11:00.119602,9,3.221923828125,67.69
2024-07-17T05:11:00.144766,9,3.221923828125,67.69
2024-07-17T05:11:00.169883,9,3.221923828125,67.69
2024-07-17T05:11:00.195008,9,3.221923828125,67.69
2024-07-17T05:11:00.220120,9,3.221923828125,67.158
2024-07-17T05:11:00.245299,9,3.221923828125,67.158
2024-07-17T05:11:00.270481,9,3.221923828125,67.158
2024-07-17T05:11:00.295603,9,3.221923828125,67.158
2024-07-17T05:11:00.320726,9,3.221923828125,67.158
2024-07-17T05:11:00.345838,9,3.221923828125,67.638
2024-07-17T05:11:00.370952,9,3.221923828125,67.638
2024-07-17T05:11:00.396127,9,3.221923828125,67.638
2024-07-17T05:11:00.421295,9,3.221923828125,67.316
2024-07-17T05:11:00.446413,9,3.221923828125,67.316
2024-07-17T05:11:00.471531,9,3.221923828125,67.316
2024-07-17T05:11:00.496643,9,3.221923828125,67.316
2024-07-17T05:11:00.521767,9,3.221923828125,67.316
2024-07-17T05:11:00.546859,9,3.221923828125,67.087
2024-07-17T05:11:00.571982,9,3.221923828125,67.087
2024-07-17T05:11:00.597101,9,3.221923828125,67.087
2024-07-17T05:11:00.622234,9,3.221923828125,67.087
2024-07-17T05:11:00.647414,9,3.221923828125,67.631
2024-07-17T05:11:00.672554,9,3.221923828125,67.631
2024-07-17T05:11:00.697699,9,3.221923828125,67.631
2024-07-17T05:11:00.722859,9,3.221923828125,67.631
2024-07-17T05:11:00.748011,9,3.221923828125,67.631
2024-07-17T05:11:00.773123,9,3.221923828125,67.631
2024-07-17T05:11:00.798307,9,3.221923828125,67.631
2024-07-17T05:11:00.823471,9,3.221923828125,67.385
2024-07-17T05:11:00.848590,9,3.221923828125,67.385
2024-07-17T05:11:00.873761,9,3.221923828125,67.385
2024-07-17T05:11:00.898868,9,3.221923828125,67.385
2024-07-17T05:11:00.923986,9,3.221923828125,67.385
2024-07-17T05:11:00.949111,9,3.221923828125,67.29
2024-07-17T05:11:00.974236,9,3.221923828125,67.29
2024-07-17T05:11:00.999371,9,3.221923828125,67.29
2024-07-17T05:11:01.024507,9,3.221923828125,67.29
2024-07-17T05:11:01.049629,9,3.221923828125,67.29
2024-07-17T05:11:01.074740,9,3.221923828125,67.29
2024-07-17T05:11:01.099961,9,3.221923828125,67.29
2024-07-17T05:11:01.125071,9,3.221923828125,67.29
2024-07-17T05:11:01.150212,9,3.221923828125,67.308
2024-07-17T05:11:01.175323,9,3.221923828125,67.308
2024-07-17T05:11:01.200466,9,3.221923828125,67.308
2024-07-17T05:11:01.225596,9,3.221923828125,67.308
2024-07-17T05:11:01.250718,9,3.221923828125,66.821
2024-07-17T05:11:01.275876,9,3.221923828125,66.821
2024-07-17T05:11:01.301014,9,3.221923828125,66.821
2024-07-17T05:11:01.326133,9,3.221923828125,66.821
2024-07-17T05:11:01.351254,9,3.221923828125,66.821
2024-07-17T05:11:01.376390,9,3.221923828125,67.516
2024-07-17T05:11:01.401512,9,3.221923828125,67.516
2024-07-17T05:11:01.426664,9,3.221923828125,67.516
2024-07-17T05:11:01.451795,9,3.221923828125,66.751
2024-07-17T05:11:01.476866,9,3.221923828125,66.751
2024-07-17T05:11:01.502001,8,3.221923828125,66.751
2024-07-17T05:11:01.527124,8,3.221923828125,66.751
2024-07-17T05:11:01.552248,8,3.221923828125,66.751
2024-07-17T05:11:01.577368,8,3.221923828125,67.385
2024-07-17T05:11:01.602488,8,3.221923828125,67.385
2024-07-17T05:11:01.627611,8,3.221923828125,67.385
2024-07-17T05:11:01.652776,8,3.221923828125,66.919
2024-07-17T05:11:01.677894,8,3.221923828125,66.919
2024-07-17T05:11:01.703058,9,3.221923828125,66.919
2024-07-17T05:11:01.728189,9,3.221923828125,66.919
2024-07-17T05:11:01.753309,9,3.221923828125,66.919
2024-07-17T05:11:01.778479,9,3.221923828125,67.511
2024-07-17T05:11:01.803642,9,3.221923828125,67.511
2024-07-17T05:11:01.828769,9,3.221923828125,67.511
2024-07-17T05:11:01.853867,9,3.221923828125,66.751
2024-07-17T05:11:01.879024,9,3.221923828125,66.751
2024-07-17T05:11:01.904160,9,3.221923828125,66.751
2024-07-17T05:11:01.929320,9,3.221923828125,66.751
2024-07-17T05:11:01.954443,9,3.221923828125,66.751
2024-07-17T05:11:01.979588,9,3.221923828125,67.482
2024-07-17T05:11:02.004709,9,3.221923828125,67.482
2024-07-17T05:11:02.029834,9,3.221923828125,67.482
2024-07-17T05:11:02.054957,9,3.221923828125,67.482
2024-07-17T05:11:02.080079,9,3.221923828125,67.033
2024-07-17T05:11:02.105201,9,3.221923828125,67.033
2024-07-17T05:11:02.130342,9,3.221923828125,67.033
2024-07-17T05:11:02.155453,9,3.221923828125,67.033
2024-07-17T05:11:02.180626,9,3.221923828125,67.033
2024-07-17T05:11:02.205825,9,3.221923828125,67.638
2024-07-17T05:11:02.231026,9,3.221923828125,67.638
2024-07-17T05:11:02.256184,9,3.221923828125,67.638
2024-07-17T05:11:02.281378,9,3.221923828125,67.042
2024-07-17T05:11:02.306513,9,3.221923828125,67.042
2024-07-17T05:11:02.331700,9,3.221923828125,67.042
2024-07-17T05:11:02.356813,9,3.221923828125,67.042
2024-07-17T05:11:02.381926,9,3.221923828125,67.042
2024-07-17T05:11:02.407049,9,3.221923828125,67.689
2024-07-17T05:11:02.432170,9,3.221923828125,67.689
2024-07-17T05:11:02.457316,9,3.221923828125,67.689
2024-07-17T05:11:02.482460,9,3.221923828125,67.308
2024-07-17T05:11:02.507579,9,3.221923828125,67.308
2024-07-17T05:11:02.532690,9,3.221923828125,67.308
2024-07-17T05:11:02.557819,9,3.221923828125,67.308
2024-07-17T05:11:02.582933,9,3.221923828125,67.638
2024-07-17T05:11:02.608057,9,3.221923828125,67.638
2024-07-17T05:11:02.633185,9,3.221923828125,67.638
2024-07-17T05:11:02.658296,9,3.221923828125,67.638
2024-07-17T05:11:02.683418,9,3.221923828125,67.255
2024-07-17T05:11:02.708553,9,3.221923828125,67.255
2024-07-17T05:11:02.733688,9,3.221923828125,67.255
2024-07-17T05:11:02.758831,9,3.221923828125,67.255
2024-07-17T05:11:02.783943,9,3.221923828125,67.255
2024-07-17T05:11:02.809093,9,3.221923828125,66.803
2024-07-17T05:11:02.834243,9,3.221923828125,66.803
2024-07-17T05:11:02.859430,9,3.221923828125,66.803
2024-07-17T05:11:02.884541,9,3.221923828125,67.405
2024-07-17T05:11:02.909665,9,3.221923828125,67.405
2024-07-17T05:11:02.934778,9,3.221923828125,67.405
2024-07-17T05:11:02.959891,9,3.221923828125,67.405
2024-07-17T05:11:02.985009,9,3.221923828125,67.405
2024-07-17T05:11:03.010183,9,3.221923828125,66.751
2024-07-17T05:11:03.035294,9,3.221923828125,66.751
2024-07-17T05:11:03.060406,9,3.221923828125,66.751
2024-07-17T05:11:03.085558,9,3.221923828125,66.751
2024-07-17T05:11:03.110702,9,3.221923828125,67.342
2024-07-17T05:11:03.135823,9,3.221923828125,67.342
2024-07-17T05:11:03.160963,9,3.221923828125,67.342
2024-07-17T05:11:03.186085,9,3.221923828125,67.342
2024-07-17T05:11:03.211245,9,3.221923828125,67.342
2024-07-17T05:11:03.236356,9,3.221923828125,66.705
2024-07-17T05:11:03.261523,9,3.221923828125,66.705
2024-07-17T05:11:03.286634,9,3.221923828125,66.705
2024-07-17T05:11:03.311757,9,3.221923828125,67.599
2024-07-17T05:11:03.336873,9,3.221923828125,67.599
2024-07-17T05:11:03.362008,9,3.221923828125,67.599
2024-07-17T05:11:03.387183,9,3.221923828125,67.599
2024-07-17T05:11:03.412294,9,3.221923828125,67.599
2024-07-17T05:11:03.437432,9,3.221923828125,66.848
2024-07-17T05:11:03.462550,9,3.221923828125,66.848
2024-07-17T05:11:03.487740,9,3.221923828125,66.848
2024-07-17T05:11:03.512889,9,3.221923828125,67.458
2024-07-17T05:11:03.538038,9,3.221923828125,67.458
2024-07-17T05:11:03.563171,9,3.221923828125,67.458
2024-07-17T05:11:03.588282,9,3.221923828125,67.458
2024-07-17T05:11:03.613394,9,3.221923828125,66.698
2024-07-17T05:11:03.638518,9,3.221923828125,66.698
2024-07-17T05:11:03.663642,9,3.221923828125,66.698
2024-07-17T05:11:03.688761,9,3.221923828125,66.698
2024-07-17T05:11:03.713870,9,3.221923828125,67.502
2024-07-17T05:11:03.739001,9,3.221923828125,67.502
2024-07-17T05:11:03.764136,9,3.221923828125,67.502
2024-07-17T05:11:03.789304,9,3.221923828125,67.502
2024-07-17T05:11:03.814422,9,3.221923828125,67.502
2024-07-17T05:11:03.839592,9,3.221923828125,66.848
2024-07-17T05:11:03.864704,9,3.221923828125,66.848
2024-07-17T05:11:03.889816,9,3.221923828125,66.848
2024-07-17T05:11:03.914977,9,3.221923828125,66.848
2024-07-17T05:11:03.940096,9,3.221923828125,67.844
2024-07-17T05:11:03.965220,9,3.221923828125,67.844
2024-07-17T05:11:03.990342,9,3.221923828125,67.844
2024-07-17T05:11:04.015454,9,3.221923828125,67.844
2024-07-17T05:11:04.040565,9,3.221923828125,66.893
2024-07-17T05:11:04.065757,9,3.221923828125,66.893
2024-07-17T05:11:04.090891,9,3.221923828125,66.893
2024-07-17T05:11:04.116008,9,3.221923828125,66.893
2024-07-17T05:11:04.141189,9,3.221923828125,67.726
2024-07-17T05:11:04.166386,9,3.221923828125,67.726
2024-07-17T05:11:04.191498,9,3.221923828125,67.726
2024-07-17T05:11:04.216634,9,3.221923828125,67.726
2024-07-17T05:11:04.241764,9,3.221923828125,67.726
2024-07-17T05:11:04.266898,9,3.221923828125,67.139
2024-07-17T05:11:04.292024,9,3.221923828125,67.139
2024-07-17T05:11:04.317154,9,3.221923828125,67.139
2024-07-17T05:11:04.342330,9,3.221923828125,67.941
2024-07-17T05:11:04.367458,9,3.221923828125,67.941
2024-07-17T05:11:04.392569,9,3.221923828125,67.941
2024-07-17T05:11:04.417699,9,3.221923828125,67.941
2024-07-17T05:11:04.442810,9,3.221923828125,67.941
2024-07-17T05:11:04.467972,9,3.221923828125,67.916
2024-07-17T05:11:04.493160,9,3.221923828125,67.916
2024-07-17T05:11:04.518271,9,3.221923828125,67.916
2024-07-17T05:11:04.543383,9,3.221923828125,67.916
2024-07-17T05:11:04.568514,8,3.221923828125,67.916
2024-07-17T05:11:04.593705,8,3.221923828125,67.916
2024-07-17T05:11:04.618817,8,3.221923828125,67.916
2024-07-17T05:11:04.643940,8,3.221923828125,67.425
2024-07-17T05:11:04.669065,8,3.221923828125,67.425
2024-07-17T05:11:04.694184,8,3.221923828125,67.425
2024-07-17T05:11:04.719350,8,3.221923828125,67.425
2024-07-17T05:11:04.744499,8,3.221923828125,66.945
2024-07-17T05:11:04.769651,8,3.221923828125,66.945
2024-07-17T05:11:04.794779,9,3.221923828125,66.945
2024-07-17T05:11:04.819859,9,3.221923828125,66.945
2024-07-17T05:11:04.844970,9,3.221923828125,66.945
2024-07-17T05:11:04.870125,9,3.221923828125,66.741
2024-07-17T05:11:04.895277,9,3.221923828125,66.741
2024-07-17T05:11:04.920389,9,3.221923828125,66.741
2024-07-17T05:11:04.945569,9,3.221923828125,66.741
2024-07-17T05:11:04.970739,9,3.221923828125,66.741
2024-07-17T05:11:04.995852,9,3.221923828125,66.741
2024-07-17T05:11:05.020973,9,3.221923828125,66.741
2024-07-17T05:11:05.046108,9,3.221923828125,66.741
2024-07-17T05:11:05.071283,9,3.221923828125,66.681
2024-07-17T05:11:05.096406,9,3.221923828125,66.681
2024-07-17T05:11:05.121577,9,3.221923828125,66.681
2024-07-17T05:11:05.146696,9,3.221923828125,66.681
2024-07-17T05:11:05.171831,9,3.221923828125,67.483
2024-07-17T05:11:05.196956,9,3.221923828125,67.483
2024-07-17T05:11:05.222077,9,3.221923828125,67.483
2024-07-17T05:11:05.247204,9,3.221923828125,67.483
2024-07-17T05:11:05.272324,9,3.221923828125,67.483
2024-07-17T05:11:05.297459,9,3.221923828125,66.9
2024-07-17T05:11:05.322619,9,3.221923828125,66.9
2024-07-17T05:11:05.347739,9,3.221923828125,66.9
2024-07-17T05:11:05.372867,9,3.221923828125,67.458
2024-07-17T05:11:05.397977,9,3.221923828125,67.458
2024-07-17T05:11:05.423101,9,3.221923828125,67.458
2024-07-17T05:11:05.448219,9,3.221923828125,67.458
2024-07-17T05:11:05.473329,9,3.221923828125,67.458
2024-07-17T05:11:05.498476,9,3.221923828125,66.751
2024-07-17T05:11:05.523588,9,3.221923828125,66.751
2024-07-17T05:11:05.548741,9,3.221923828125,66.751
2024-07-17T05:11:05.573870,9,3.221923828125,67.443
2024-07-17T05:11:05.598989,9,3.221923828125,67.443
2024-07-17T05:11:05.624169,9,3.221923828125,67.443
2024-07-17T05:11:05.649372,9,3.221923828125,67.443
2024-07-17T05:11:05.674533,9,3.221923828125,67.443
2024-07-17T05:11:05.699644,9,3.221923828125,66.867
2024-07-17T05:11:05.724768,9,3.221923828125,66.867
2024-07-17T05:11:05.749869,9,3.221923828125,66.867
2024-07-17T05:11:05.774994,9,3.221923828125,67.747
2024-07-17T05:11:05.800105,9,3.221923828125,67.747
2024-07-17T05:11:05.825251,9,3.221923828125,67.747
2024-07-17T05:11:05.850362,9,3.221923828125,67.747
2024-07-17T05:11:05.875473,9,3.221923828125,67.747
2024-07-17T05:11:05.900598,9,3.221923828125,66.99
2024-07-17T05:11:05.925751,9,3.221923828125,66.99
2024-07-17T05:11:05.950870,9,3.221923828125,66.99
2024-07-17T05:11:05.975988,9,3.221923828125,66.99
2024-07-17T05:11:06.001156,9,3.221923828125,67.689
2024-07-17T05:11:06.026332,9,3.221923828125,67.689
2024-07-17T05:11:06.051464,9,3.221923828125,67.689
2024-07-17T05:11:06.076588,9,3.221923828125,67.689
2024-07-17T05:11:06.101707,9,3.221923828125,67.689
2024-07-17T05:11:06.126818,9,3.221923828125,67.281
2024-07-17T05:11:06.151933,9,3.221923828125,67.281
2024-07-17T05:11:06.177074,9,3.221923828125,67.281
2024-07-17T05:11:06.202225,9,3.221923828125,67.735
2024-07-17T05:11:06.227336,9,3.221923828125,67.735
2024-07-17T05:11:06.252482,9,3.221923828125,67.735
2024-07-17T05:11:06.277636,9,3.221923828125,67.735
2024-07-17T05:11:06.302760,9,3.221923828125,67.735
2024-07-17T05:11:06.327860,9,3.221923828125,67.236
2024-07-17T05:11:06.353009,9,3.221923828125,67.236
2024-07-17T05:11:06.378175,9,3.221923828125,67.236
2024-07-17T05:11:06.403297,9,3.221923828125,67.968
2024-07-17T05:11:06.428463,9,3.221923828125,67.968
2024-07-17T05:11:06.453629,9,3.221923828125,67.968
2024-07-17T05:11:06.478802,9,3.221923828125,67.968
2024-07-17T05:11:06.503914,9,3.221923828125,67.968
2024-07-17T05:11:06.529038,9,3.221923828125,67.281
2024-07-17T05:11:06.554162,9,3.221923828125,67.281
2024-07-17T05:11:06.579277,9,3.221923828125,67.281
2024-07-17T05:11:06.604446,9,3.221923828125,67.281
2024-07-17T05:11:06.629605,9,3.221923828125,66.778
2024-07-17T05:11:06.654716,9,3.221923828125,66.778
2024-07-17T05:11:06.679837,9,3.221923828125,66.778
2024-07-17T05:11:06.704959,9,3.221923828125,66.778
2024-07-17T05:11:06.730069,9,3.221923828125,67.352
2024-07-17T05:11:06.755193,9,3.221923828125,67.352
2024-07-17T05:11:06.780318,9,3.221923828125,67.352
2024-07-17T05:11:06.805489,9,3.221923828125,67.352
2024-07-17T05:11:06.830610,9,3.221923828125,66.824
2024-07-17T05:11:06.855732,9,3.221923828125,66.824
2024-07-17T05:11:06.880867,9,3.221923828125,66.824
2024-07-17T05:11:06.906005,9,3.221923828125,66.824
2024-07-17T05:11:06.931125,9,3.221923828125,67.45
2024-07-17T05:11:06.956279,9,3.221923828125,67.45
2024-07-17T05:11:06.981438,9,3.221923828125,67.45
2024-07-17T05:11:07.006563,9,3.221923828125,67.45
2024-07-17T05:11:07.031674,9,3.221923828125,66.803
2024-07-17T05:11:07.056786,9,3.221923828125,66.803
2024-07-17T05:11:07.081928,9,3.221923828125,66.803
2024-07-17T05:11:07.107077,9,3.221923828125,66.803
2024-07-17T05:11:07.132228,9,3.221923828125,66.803
2024-07-17T05:11:07.157357,9,3.221923828125,67.69
2024-07-17T05:11:07.182480,9,3.221923828125,67.69
2024-07-17T05:11:07.207592,9,3.221923828125,67.69
2024-07-17T05:11:07.232704,9,3.221923828125,67.018
2024-07-17T05:11:07.257815,9,3.221923828125,67.018
2024-07-17T05:11:07.282937,9,3.221923828125,67.018
2024-07-17T05:11:07.308063,9,3.221923828125,67.018
2024-07-17T05:11:07.333235,9,3.221923828125,67.018
2024-07-17T05:11:07.358356,9,3.221923828125,67.556
2024-07-17T05:11:07.383490,9,3.221923828125,67.556
2024-07-17T05:11:07.408639,9,3.221923828125,67.556
2024-07-17T05:11:07.433793,9,3.221923828125,66.9
2024-07-17T05:11:07.458900,9,3.221923828125,66.9
2024-07-17T05:11:07.484035,9,3.221923828125,66.9
2024-07-17T05:11:07.509157,9,3.221923828125,66.9
2024-07-17T05:11:07.534314,9,3.221923828125,66.9
2024-07-17T05:11:07.559477,9,3.221923828125,67.475
2024-07-17T05:11:07.584629,9,3.221923828125,67.475
2024-07-17T05:11:07.609778,9,3.221923828125,67.475
2024-07-17T05:11:07.634897,9,3.221923828125,67.475
2024-07-17T05:11:07.660036,9,3.221923828125,66.902
2024-07-17T05:11:07.685154,9,3.221923828125,66.902
2024-07-17T05:11:07.710286,9,3.221923828125,66.902
2024-07-17T05:11:07.735395,9,3.221923828125,66.902
2024-07-17T05:11:07.760506,9,3.221923828125,67.852
2024-07-17T05:11:07.785618,9,3.221923828125,67.852
2024-07-17T05:11:07.810737,9,3.221923828125,67.852
2024-07-17T05:11:07.835877,9,3.221923828125,67.852
2024-07-17T05:11:07.860998,9,3.221923828125,67.191
2024-07-17T05:11:07.886119,9,3.221923828125,67.191
2024-07-17T05:11:07.911279,9,3.221923828125,67.191
2024-07-17T05:11:07.936397,9,3.221923828125,67.191
2024-07-17T05:11:07.961592,9,3.221923828125,67.191
2024-07-17T05:11:07.986788,9,3.221923828125,67.683
2024-07-17T05:11:08.011924,9,3.221923828125,67.683
2024-07-17T05:11:08.037050,9,3.221923828125,67.683
2024-07-17T05:11:08.062170,9,3.221923828125,67.504
2024-07-17T05:11:08.087321,9,3.221923828125,67.504
2024-07-17T05:11:08.112452,9,3.221923828125,67.504
2024-07-17T05:11:08.137577,9,3.221923828125,67.504
2024-07-17T05:11:08.162756,9,3.221923828125,67.504
2024-07-17T05:11:08.187859,9,3.221923828125,67.191
2024-07-17T05:11:08.213004,9,3.221923828125,67.191
2024-07-17T05:11:08.238122,9,3.221923828125,67.191
2024-07-17T05:11:08.263233,9,3.221923828125,67.191
2024-07-17T05:11:08.288344,9,3.221923828125,67.191
2024-07-17T05:11:08.313550,8,3.221923828125,67.191
2024-07-17T05:11:08.338670,8,3.221923828125,67.191
2024-07-17T05:11:08.363793,8,3.221923828125,67.191
2024-07-17T05:11:08.388883,8,3.221923828125,67.309
2024-07-17T05:11:08.413991,8,3.221923828125,67.309
2024-07-17T05:11:08.439102,8,3.221923828125,67.309
2024-07-17T05:11:08.464213,8,3.221923828125,67.309
2024-07-17T05:11:08.489325,8,3.221923828125,67.309
2024-07-17T05:11:08.514436,9,3.221923828125,67.309
2024-07-17T05:11:08.539547,9,3.221923828125,67.309
2024-07-17T05:11:08.564659,9,3.221923828125,67.309
2024-07-17T05:11:08.589779,9,3.221923828125,66.964
2024-07-17T05:11:08.614859,9,3.221923828125,66.964
2024-07-17T05:11:08.639970,9,3.221923828125,66.964
2024-07-17T05:11:08.665083,9,3.221923828125,66.964
2024-07-17T05:11:08.690208,9,3.221923828125,67.58
2024-07-17T05:11:08.715318,9,3.221923828125,67.58
2024-07-17T05:11:08.740493,9,3.221923828125,67.58
2024-07-17T05:11:08.765605,9,3.221923828125,67.58
2024-07-17T05:11:08.790763,9,3.221923828125,67.406
2024-07-17T05:11:08.815870,9,3.221923828125,67.406
2024-07-17T05:11:08.840982,9,3.221923828125,67.406
2024-07-17T05:11:08.866094,9,3.221923828125,67.406
2024-07-17T05:11:08.891232,9,3.221923828125,67.406
2024-07-17T05:11:08.916353,9,3.221923828125,67.406
2024-07-17T05:11:08.941471,9,3.221923828125,67.406
2024-07-17T05:11:08.966593,9,3.221923828125,67.406
2024-07-17T05:11:08.991725,9,3.221923828125,67.406
2024-07-17T05:11:09.016862,9,3.221923828125,67.708
2024-07-17T05:11:09.041973,9,3.221923828125,67.708
2024-07-17T05:11:09.067136,9,3.221923828125,67.708
2024-07-17T05:11:09.092271,9,3.221923828125,66.964
2024-07-17T05:11:09.117382,9,3.221923828125,66.964
2024-07-17T05:11:09.142543,9,3.221923828125,66.964
2024-07-17T05:11:09.167653,9,3.221923828125,66.964
2024-07-17T05:11:09.192765,9,3.221923828125,66.964
2024-07-17T05:11:09.217860,9,3.221923828125,67.593
2024-07-17T05:11:09.242981,9,3.221923828125,67.593
2024-07-17T05:11:09.268170,9,3.221923828125,67.593
2024-07-17T05:11:09.293301,9,3.221923828125,66.557
2024-07-17T05:11:09.318419,9,3.221923828125,66.557
2024-07-17T05:11:09.343530,9,3.221923828125,66.557
2024-07-17T05:11:09.368671,9,3.221923828125,66.557
2024-07-17T05:11:09.393817,9,3.221923828125,66.557
2024-07-17T05:11:09.418941,9,3.221923828125,67.405
2024-07-17T05:11:09.444096,9,3.221923828125,67.405
2024-07-17T05:11:09.469223,9,3.221923828125,67.405
2024-07-17T05:11:09.494365,9,3.221923828125,66.99
2024-07-17T05:11:09.519509,9,3.221923828125,66.99
2024-07-17T05:11:09.544621,9,3.221923828125,66.99
2024-07-17T05:11:09.569754,9,3.221923828125,66.99
2024-07-17T05:11:09.594880,9,3.221923828125,67.71
2024-07-17T05:11:09.620006,9,3.221923828125,67.71
2024-07-17T05:11:09.645132,9,3.221923828125,67.71
2024-07-17T05:11:09.670304,9,3.221923828125,67.71
2024-07-17T05:11:09.695428,9,3.221923828125,67.71
2024-07-17T05:11:09.720555,9,3.221923828125,67.139
2024-07-17T05:11:09.745699,9,3.221923828125,67.139
2024-07-17T05:11:09.770871,9,3.221923828125,67.139
2024-07-17T05:11:09.795982,9,3.221923828125,67.139
2024-07-17T05:11:09.821106,9,3.221923828125,67.592
2024-07-17T05:11:09.846228,9,3.221923828125,67.592
2024-07-17T05:11:09.871381,9,3.221923828125,67.592
2024-07-17T05:11:09.896492,9,3.221923828125,67.592
2024-07-17T05:11:09.921616,9,3.221923828125,67.263
2024-07-17T05:11:09.946726,9,3.221923828125,67.263
2024-07-17T05:11:09.971849,9,3.221923828125,67.263
2024-07-17T05:11:09.996983,9,3.221923828125,67.263
2024-07-17T05:11:10.022110,9,3.221923828125,67.263
2024-07-17T05:11:10.047233,9,3.221923828125,67.916
2024-07-17T05:11:10.072403,9,3.221923828125,67.916
2024-07-17T05:11:10.097569,9,3.221923828125,67.916
2024-07-17T05:11:10.122691,9,3.221923828125,67.147
2024-07-17T05:11:10.147802,9,3.221923828125,67.147
2024-07-17T05:11:10.172939,9,3.221923828125,67.147
2024-07-17T05:11:10.198061,9,3.221923828125,67.147
2024-07-17T05:11:10.223250,9,3.221923828125,67.147
2024-07-17T05:11:10.248362,9,3.221923828125,67.835
2024-07-17T05:11:10.273491,9,3.221923828125,67.835
2024-07-17T05:11:10.298624,9,3.221923828125,67.835
2024-07-17T05:11:10.323735,9,3.221923828125,67.458
2024-07-17T05:11:10.348850,9,3.221923828125,67.458
2024-07-17T05:11:10.373985,9,3.221923828125,67.458
2024-07-17T05:11:10.399108,9,3.221923828125,67.458
2024-07-17T05:11:10.424233,9,3.221923828125,67.458
2024-07-17T05:11:10.449347,9,3.221923828125,66.751
2024-07-17T05:11:10.474459,9,3.221923828125,66.751
2024-07-17T05:11:10.499583,9,3.221923828125,66.751
2024-07-17T05:11:10.524704,9,3.221923828125,67.556
2024-07-17T05:11:10.549833,9,3.221923828125,67.556
2024-07-17T05:11:10.574956,9,3.221923828125,67.556
2024-07-17T05:11:10.600078,9,3.221923828125,67.556
2024-07-17T05:11:10.625197,9,3.221923828125,67.556
2024-07-17T05:11:10.650328,9,3.221923828125,66.651
2024-07-17T05:11:10.675440,9,3.221923828125,66.651
2024-07-17T05:11:10.700552,9,3.221923828125,66.651
2024-07-17T05:11:10.725711,9,3.221923828125,66.651
2024-07-17T05:11:10.750832,9,3.221923828125,67.559
2024-07-17T05:11:10.775958,9,3.221923828125,67.559
2024-07-17T05:11:10.801083,9,3.221923828125,67.559
2024-07-17T05:11:10.826216,9,3.221923828125,67.559
2024-07-17T05:11:10.851328,9,3.221923828125,66.847
2024-07-17T05:11:10.876490,9,3.221923828125,66.847
2024-07-17T05:11:10.901630,9,3.221923828125,66.847
2024-07-17T05:11:10.926752,9,3.221923828125,66.847
2024-07-17T05:11:10.951860,9,3.221923828125,67.36
2024-07-17T05:11:10.977024,9,3.221923828125,67.36
2024-07-17T05:11:11.002154,9,3.221923828125,67.36
2024-07-17T05:11:11.027323,9,3.221923828125,67.36
2024-07-17T05:11:11.052448,9,3.221923828125,67.36
2024-07-17T05:11:11.077583,9,3.221923828125,66.926
2024-07-17T05:11:11.102708,9,3.221923828125,66.926
2024-07-17T05:11:11.127831,9,3.221923828125,66.926
2024-07-17T05:11:11.152958,9,3.221923828125,67.612
2024-07-17T05:11:11.178086,9,3.221923828125,67.612
2024-07-17T05:11:11.203221,9,3.221923828125,67.612
2024-07-17T05:11:11.228408,9,3.221923828125,67.612
2024-07-17T05:11:11.253541,9,3.221923828125,67.612
2024-07-17T05:11:11.357553,9,3.221923828125,64.207
2024-07-17T05:11:11.382775,9,3.221923828125,64.207
2024-07-17T05:11:11.407918,7,3.221923828125,64.207
2024-07-17T05:11:11.433052,7,3.221923828125,64.207
2024-07-17T05:11:11.458204,7,3.221923828125,64.207
2024-07-17T05:11:11.483325,7,3.221923828125,67.184
2024-07-17T05:11:11.508485,7,3.221923828125,67.184
2024-07-17T05:11:11.533644,7,3.221923828125,67.184
2024-07-17T05:11:11.558754,7,3.221923828125,66.919
2024-07-17T05:11:11.583859,6,3.221923828125,66.919
2024-07-17T05:11:11.608969,6,3.221923828125,66.919
2024-07-17T05:11:11.634127,6,3.221923828125,66.919
2024-07-17T05:11:11.659254,6,3.221923828125,66.919
2024-07-17T05:11:11.684413,6,3.221923828125,67.585
2024-07-17T05:11:11.709525,6,3.221923828125,67.585
2024-07-17T05:11:11.734647,6,3.221923828125,67.585
2024-07-17T05:11:11.759759,6,3.221923828125,67.585
2024-07-17T05:11:11.784859,6,3.221923828125,67.158
2024-07-17T05:11:11.810001,8,3.221923828125,67.158
2024-07-17T05:11:11.835111,8,3.221923828125,67.158
2024-07-17T05:11:11.860245,8,3.221923828125,67.158
2024-07-17T05:11:11.885438,8,3.221923828125,67.735
2024-07-17T05:11:11.910556,8,3.221923828125,67.735
2024-07-17T05:11:11.935667,8,3.221923828125,67.735
2024-07-17T05:11:11.960822,8,3.221923828125,67.735
2024-07-17T05:11:11.985974,8,3.221923828125,67.353
2024-07-17T05:11:12.011226,9,3.221923828125,67.353
2024-07-17T05:11:12.036337,9,3.221923828125,67.353
2024-07-17T05:11:12.061512,9,3.221923828125,67.353
2024-07-17T05:11:12.086634,9,3.221923828125,67.353
2024-07-17T05:11:12.111761,9,3.221923828125,67.638
2024-07-17T05:11:12.136859,9,3.221923828125,67.638
2024-07-17T05:11:12.162005,9,3.221923828125,67.638
2024-07-17T05:11:12.187114,9,3.221923828125,67.459
2024-07-17T05:11:12.212227,9,3.221923828125,67.459
2024-07-17T05:11:12.237352,9,3.221923828125,67.459
2024-07-17T05:11:12.262481,9,3.221923828125,67.459
2024-07-17T05:11:12.287647,9,3.221923828125,67.459
2024-07-17T05:11:12.312757,9,3.221923828125,67.386
2024-07-17T05:11:12.337867,9,3.221923828125,67.386
2024-07-17T05:11:12.362986,9,3.221923828125,67.386
2024-07-17T05:11:12.388117,9,3.221923828125,67.386
2024-07-17T05:11:12.413270,9,3.221923828125,67.386
2024-07-17T05:11:12.438380,9,3.221923828125,67.386
2024-07-17T05:11:12.463563,9,3.221923828125,67.386
2024-07-17T05:11:12.488684,9,3.221923828125,67.386
2024-07-17T05:11:12.513882,9,3.221923828125,67.333
2024-07-17T05:11:12.539029,9,3.221923828125,67.333
2024-07-17T05:11:12.564140,9,3.221923828125,67.333
2024-07-17T05:11:12.589275,9,3.221923828125,67.333
2024-07-17T05:11:12.614434,9,3.221923828125,66.867
2024-07-17T05:11:12.639565,9,3.221923828125,66.867
2024-07-17T05:11:12.664763,9,3.221923828125,66.867
2024-07-17T05:11:12.689882,9,3.221923828125,66.867
2024-07-17T05:11:12.715036,9,3.221923828125,66.867
2024-07-17T05:11:12.740146,9,3.221923828125,66.867
2024-07-17T05:11:12.765297,9,3.221923828125,66.867
2024-07-17T05:11:12.790407,9,3.221923828125,66.867
2024-07-17T05:11:12.815637,9,3.221923828125,67.683
2024-07-17T05:11:12.840748,9,3.221923828125,67.683
2024-07-17T05:11:12.865859,9,3.221923828125,67.683
2024-07-17T05:11:12.891006,9,3.221923828125,67.683
2024-07-17T05:11:12.916145,9,3.221923828125,67.54
2024-07-17T05:11:12.941301,9,3.221923828125,67.54
2024-07-17T05:11:12.966412,9,3.221923828125,67.54
2024-07-17T05:11:12.991523,9,3.221923828125,67.54
2024-07-17T05:11:13.016656,9,3.221923828125,66.841
2024-07-17T05:11:13.041778,9,3.221923828125,66.841
2024-07-17T05:11:13.066867,9,3.221923828125,66.841
2024-07-17T05:11:13.091977,9,3.221923828125,66.841
2024-07-17T05:11:13.117098,9,3.221923828125,66.841
2024-07-17T05:11:13.142264,9,3.221923828125,67.683
2024-07-17T05:11:13.167393,9,3.221923828125,67.683
2024-07-17T05:11:13.192504,9,3.221923828125,67.683
2024-07-17T05:11:13.217635,9,3.221923828125,66.748
2024-07-17T05:11:13.242755,9,3.221923828125,66.748
2024-07-17T05:11:13.267867,9,3.221923828125,66.748
2024-07-17T05:11:13.293030,9,3.221923828125,66.748
2024-07-17T05:11:13.318204,9,3.221923828125,66.748
2024-07-17T05:11:13.343324,9,3.221923828125,67.504
2024-07-17T05:11:13.368438,9,3.221923828125,67.504
2024-07-17T05:11:13.393574,9,3.221923828125,67.504
2024-07-17T05:11:13.418704,9,3.221923828125,66.751
2024-07-17T05:11:13.443816,9,3.221923828125,66.751
2024-07-17T05:11:13.468960,9,3.221923828125,66.751
2024-07-17T05:11:13.494130,9,3.221923828125,66.751
2024-07-17T05:11:13.519314,9,3.221923828125,66.751
2024-07-17T05:11:13.544447,9,3.221923828125,67.585
2024-07-17T05:11:13.569568,9,3.221923828125,67.585
2024-07-17T05:11:13.594691,9,3.221923828125,67.585
2024-07-17T05:11:13.619813,9,3.221923828125,67.585
2024-07-17T05:11:13.644952,9,3.221923828125,67.04
2024-07-17T05:11:13.670121,9,3.221923828125,67.04
2024-07-17T05:11:13.695246,9,3.221923828125,67.04
2024-07-17T05:11:13.720374,9,3.221923828125,67.04
2024-07-17T05:11:13.745520,9,3.221923828125,67.638
2024-07-17T05:11:13.770672,9,3.221923828125,67.638
2024-07-17T05:11:13.795804,9,3.221923828125,67.638
2024-07-17T05:11:13.820928,9,3.221923828125,67.638
2024-07-17T05:11:13.846047,9,3.221923828125,67.042
2024-07-17T05:11:13.871205,9,3.221923828125,67.042
2024-07-17T05:11:13.896316,9,3.221923828125,67.042
2024-07-17T05:11:13.921488,9,3.221923828125,67.042
2024-07-17T05:11:13.946665,9,3.221923828125,67.665
2024-07-17T05:11:13.971804,9,3.221923828125,67.665
2024-07-17T05:11:13.996936,9,3.221923828125,67.665
2024-07-17T05:11:14.022069,9,3.221923828125,67.665
2024-07-17T05:11:14.047192,9,3.221923828125,67.138
2024-07-17T05:11:14.072312,9,3.221923828125,67.138
2024-07-17T05:11:14.097437,9,3.221923828125,67.138
2024-07-17T05:11:14.122584,9,3.221923828125,67.138
2024-07-17T05:11:14.147722,9,3.221923828125,67.138
2024-07-17T05:11:14.172833,9,3.221923828125,67.844
2024-07-17T05:11:14.197957,9,3.221923828125,67.844
2024-07-17T05:11:14.223117,9,3.221923828125,67.844
2024-07-17T05:11:14.248238,9,3.221923828125,67.334
2024-07-17T05:11:14.273349,9,3.221923828125,67.334
2024-07-17T05:11:14.298458,8,3.221923828125,67.334
2024-07-17T05:11:14.323608,8,3.221923828125,67.334
2024-07-17T05:11:14.348719,8,3.221923828125,67.334
2024-07-17T05:11:14.373840,8,3.221923828125,66.875
2024-07-17T05:11:14.398965,8,3.221923828125,66.875
2024-07-17T05:11:14.424094,8,3.221923828125,66.875
2024-07-17T05:11:14.449206,8,3.221923828125,67.217
2024-07-17T05:11:14.474342,8,3.221923828125,67.217
2024-07-17T05:11:14.499465,9,3.221923828125,67.217
2024-07-17T05:11:14.524662,9,3.221923828125,67.217
2024-07-17T05:11:14.549784,9,3.221923828125,67.217
2024-07-17T05:11:14.574859,9,3.221923828125,66.744
2024-07-17T05:11:14.599969,9,3.221923828125,66.744
2024-07-17T05:11:14.625110,9,3.221923828125,66.744
2024-07-17T05:11:14.650234,9,3.221923828125,66.744
2024-07-17T05:11:14.675418,9,3.221923828125,67.431
2024-07-17T05:11:14.700543,9,3.221923828125,67.431
2024-07-17T05:11:14.725678,9,3.221923828125,67.431
2024-07-17T05:11:14.750804,9,3.221923828125,67.431
2024-07-17T05:11:14.775960,9,3.221923828125,66.795
2024-07-17T05:11:14.801081,9,3.221923828125,66.795
2024-07-17T05:11:14.826198,9,3.221923828125,66.795
2024-07-17T05:11:14.851317,9,3.221923828125,66.795
2024-07-17T05:11:14.876514,9,3.221923828125,67.43
2024-07-17T05:11:14.901626,9,3.221923828125,67.43
2024-07-17T05:11:14.926765,9,3.221923828125,67.43
2024-07-17T05:11:14.951860,9,3.221923828125,67.43
2024-07-17T05:11:14.977015,9,3.221923828125,67.43
2024-07-17T05:11:15.002135,9,3.221923828125,66.848
2024-07-17T05:11:15.027275,9,3.221923828125,66.848
2024-07-17T05:11:15.052444,9,3.221923828125,66.848
2024-07-17T05:11:15.077567,9,3.221923828125,67.443
2024-07-17T05:11:15.102691,9,3.221923828125,67.443
2024-07-17T05:11:15.127815,9,3.221923828125,67.443
2024-07-17T05:11:15.152939,9,3.221923828125,67.443
2024-07-17T05:11:15.178071,9,3.221923828125,67.443
2024-07-17T05:11:15.203257,9,3.221923828125,66.795
2024-07-17T05:11:15.228368,9,3.221923828125,66.795
2024-07-17T05:11:15.253498,9,3.221923828125,66.795
2024-07-17T05:11:15.278680,9,3.221923828125,67.733
2024-07-17T05:11:15.303802,9,3.221923828125,67.733
2024-07-17T05:11:15.328924,9,3.221923828125,67.733
2024-07-17T05:11:15.354034,9,3.221923828125,67.733
2024-07-17T05:11:15.379145,9,3.221923828125,67.733
2024-07-17T05:11:15.404268,9,3.221923828125,67.061
2024-07-17T05:11:15.429400,9,3.221923828125,67.061
2024-07-17T05:11:15.454570,9,3.221923828125,67.061
2024-07-17T05:11:15.479681,9,3.221923828125,67.657
2024-07-17T05:11:15.504856,9,3.221923828125,67.657
2024-07-17T05:11:15.529989,9,3.221923828125,67.657
2024-07-17T05:11:15.555118,9,3.221923828125,67.657
2024-07-17T05:11:15.580254,9,3.221923828125,67.657
2024-07-17T05:11:15.605376,9,3.221923828125,67.255
2024-07-17T05:11:15.630488,9,3.221923828125,67.255
2024-07-17T05:11:15.655655,9,3.221923828125,67.255
2024-07-17T05:11:15.680787,9,3.221923828125,67.255
2024-07-17T05:11:15.705971,9,3.221923828125,67.502
2024-07-17T05:11:15.731089,9,3.221923828125,67.502
2024-07-17T05:11:15.756202,9,3.221923828125,67.502
2024-07-17T05:11:15.781338,9,3.221923828125,67.502
2024-07-17T05:11:15.806504,9,3.221923828125,67.334
2024-07-17T05:11:15.831623,9,3.221923828125,67.334
2024-07-17T05:11:15.856741,9,3.221923828125,67.334
2024-07-17T05:11:15.881947,9,3.221923828125,67.334
2024-07-17T05:11:15.907058,9,3.221923828125,68.117
2024-07-17T05:11:15.932172,9,3.221923828125,68.117
2024-07-17T05:11:15.957291,9,3.221923828125,68.117
2024-07-17T05:11:15.982413,9,3.221923828125,68.117
2024-07-17T05:11:16.007565,9,3.221923828125,68.117
2024-07-17T05:11:16.032676,9,3.221923828125,67.831
2024-07-17T05:11:16.057788,9,3.221923828125,67.831
2024-07-17T05:11:16.082894,9,3.221923828125,67.831
2024-07-17T05:11:16.108004,9,3.221923828125,67.831
2024-07-17T05:11:16.133167,9,3.221923828125,67.831
2024-07-17T05:11:16.158342,9,3.221923828125,67.831
2024-07-17T05:11:16.183452,9,3.221923828125,67.831
2024-07-17T05:11:16.208565,9,3.221923828125,67.831
2024-07-17T05:11:16.233676,9,3.221923828125,66.672
2024-07-17T05:11:16.258787,9,3.221923828125,66.672
2024-07-17T05:11:16.283951,9,3.221923828125,66.672
2024-07-17T05:11:16.309104,9,3.221923828125,66.672
2024-07-17T05:11:16.334247,9,3.221923828125,66.672
2024-07-17T05:11:16.359358,9,3.221923828125,66.672
2024-07-17T05:11:16.384514,9,3.221923828125,66.672
2024-07-17T05:11:16.409634,9,3.221923828125,66.672
2024-07-17T05:11:16.434831,9,3.221923828125,66.741
2024-07-17T05:11:16.459999,9,3.221923828125,66.741
2024-07-17T05:11:16.485137,9,3.221923828125,66.741
2024-07-17T05:11:16.510317,9,3.221923828125,66.741
2024-07-17T05:11:16.535428,9,3.221923828125,66.741
2024-07-17T05:11:16.560539,9,3.221923828125,66.741
2024-07-17T05:11:16.585653,9,3.221923828125,66.741
2024-07-17T05:11:16.610775,9,3.221923828125,66.741
2024-07-17T05:11:16.635868,9,3.221923828125,67.941
2024-07-17T05:11:16.661057,9,3.221923828125,67.941
2024-07-17T05:11:16.686229,9,3.221923828125,67.941
2024-07-17T05:11:16.711347,9,3.221923828125,67.941
2024-07-17T05:11:16.736478,9,3.221923828125,67.069
2024-07-17T05:11:16.761600,9,3.221923828125,67.069
2024-07-17T05:11:16.786711,9,3.221923828125,67.069
2024-07-17T05:11:16.811891,9,3.221923828125,67.069
2024-07-17T05:11:16.837055,9,3.221923828125,66.821
2024-07-17T05:11:16.862177,9,3.221923828125,66.821
2024-07-17T05:11:16.887319,9,3.221923828125,66.821
2024-07-17T05:11:16.912430,9,3.221923828125,66.821
2024-07-17T05:11:16.937549,9,3.221923828125,67.529
2024-07-17T05:11:16.962661,9,3.221923828125,67.529
2024-07-17T05:11:16.987811,9,3.221923828125,67.529
2024-07-17T05:11:17.012981,9,3.221923828125,67.529
2024-07-17T05:11:17.038107,9,3.221923828125,67.529
2024-07-17T05:11:17.063276,9,3.221923828125,66.875
2024-07-17T05:11:17.088397,9,3.221923828125,66.875
2024-07-17T05:11:17.113522,9,3.221923828125,66.875
2024-07-17T05:11:17.138634,9,3.221923828125,67.665
2024-07-17T05:11:17.163770,9,3.221923828125,67.665
2024-07-17T05:11:17.188872,9,3.221923828125,67.665
2024-07-17T05:11:17.213984,9,3.221923828125,67.665
2024-07-17T05:11:17.239147,9,3.221923828125,67.665
2024-07-17T05:11:17.264320,9,3.221923828125,67.087
2024-07-17T05:11:17.289490,9,3.221923828125,67.087
2024-07-17T05:11:17.314623,9,3.221923828125,67.087
2024-07-17T05:11:17.339758,9,3.221923828125,67.683
2024-07-17T05:11:17.364920,9,3.221923828125,67.683
2024-07-17T05:11:17.390031,9,3.221923828125,67.683
2024-07-17T05:11:17.415165,9,3.221923828125,67.683
2024-07-17T05:11:17.440292,9,3.221923828125,67.683
2024-07-17T05:11:17.465415,9,3.221923828125,67.087
2024-07-17T05:11:17.490527,9,3.221923828125,67.087
2024-07-17T05:11:17.515661,9,3.221923828125,67.087
2024-07-17T05:11:17.540774,9,3.221923828125,67.087
2024-07-17T05:11:17.565859,9,3.221923828125,67.646
2024-07-17T05:11:17.591039,9,3.221923828125,67.646
2024-07-17T05:11:17.616180,9,3.221923828125,67.646
2024-07-17T05:11:17.641318,9,3.221923828125,67.646
2024-07-17T05:11:17.666438,9,3.221923828125,67.115
2024-07-17T05:11:17.691578,9,3.221923828125,67.115
2024-07-17T05:11:17.716689,9,3.221923828125,67.115
2024-07-17T05:11:17.741833,9,3.221923828125,67.115
2024-07-17T05:11:17.766956,9,3.221923828125,67.863
2024-07-17T05:11:17.792078,9,3.221923828125,67.863
2024-07-17T05:11:17.817189,9,3.221923828125,67.863
2024-07-17T05:11:17.842325,9,3.221923828125,67.863
2024-07-17T05:11:17.867448,9,3.221923828125,67.191
2024-07-17T05:11:17.892571,9,3.221923828125,67.191
2024-07-17T05:11:17.917695,9,3.221923828125,67.191
2024-07-17T05:11:17.942832,9,3.221923828125,67.191
2024-07-17T05:11:17.967945,9,3.221923828125,67.806
2024-07-17T05:11:17.993085,8,3.221923828125,67.806
2024-07-17T05:11:18.018228,8,3.221923828125,67.806
2024-07-17T05:11:18.043352,8,3.221923828125,67.806
2024-07-17T05:11:18.068473,8,3.221923828125,67.806
2024-07-17T05:11:18.093645,8,3.221923828125,67.37
2024-07-17T05:11:18.118764,8,3.221923828125,67.37
2024-07-17T05:11:18.143922,8,3.221923828125,67.37
2024-07-17T05:11:18.169073,8,3.221923828125,66.867
2024-07-17T05:11:18.194218,8,3.221923828125,66.867
2024-07-17T05:11:18.219339,9,3.221923828125,66.867
2024-07-17T05:11:18.244462,9,3.221923828125,66.867
2024-07-17T05:11:18.269586,9,3.221923828125,66.867
2024-07-17T05:11:18.294751,9,3.221923828125,67.263
2024-07-17T05:11:18.319867,9,3.221923828125,67.263
2024-07-17T05:11:18.345013,9,3.221923828125,67.263
2024-07-17T05:11:18.370138,9,3.221923828125,66.848
2024-07-17T05:11:18.395297,9,3.221923828125,66.848
2024-07-17T05:11:18.420408,9,3.221923828125,66.848
2024-07-17T05:11:18.445519,9,3.221923828125,66.848
2024-07-17T05:11:18.470632,9,3.221923828125,66.848
2024-07-17T05:11:18.495753,9,3.221923828125,67.529
2024-07-17T05:11:18.520922,9,3.221923828125,67.529
2024-07-17T05:11:18.546040,9,3.221923828125,67.529
2024-07-17T05:11:18.571153,9,3.221923828125,67.529
2024-07-17T05:11:18.596264,9,3.221923828125,66.796
2024-07-17T05:11:18.621388,9,3.221923828125,66.796
2024-07-17T05:11:18.646539,9,3.221923828125,66.796
2024-07-17T05:11:18.671675,9,3.221923828125,66.796
2024-07-17T05:11:18.696785,9,3.221923828125,67.599
2024-07-17T05:11:18.721912,9,3.221923828125,67.599
2024-07-17T05:11:18.747049,9,3.221923828125,67.599
2024-07-17T05:11:18.772160,9,3.221923828125,67.599
2024-07-17T05:11:18.797281,9,3.221923828125,66.796
2024-07-17T05:11:18.822394,8,3.221923828125,66.796
2024-07-17T05:11:18.847552,8,3.221923828125,66.796
2024-07-17T05:11:18.872694,8,3.221923828125,66.796
2024-07-17T05:11:18.897827,8,3.221923828125,66.796
2024-07-17T05:11:18.923428,8,3.221923828125,67.747
2024-07-17T05:11:18.948538,8,3.221923828125,67.747
2024-07-17T05:11:18.973661,8,3.221923828125,67.747
2024-07-17T05:11:18.998786,8,3.221923828125,66.821
2024-07-17T05:11:19.023859,9,3.221923828125,66.821
2024-07-17T05:11:19.049059,9,3.221923828125,66.821
2024-07-17T05:11:19.074171,9,3.221923828125,66.821
2024-07-17T05:11:19.099309,9,3.221923828125,66.821
2024-07-17T05:11:19.124471,9,3.221923828125,67.818
2024-07-17T05:11:19.149594,9,3.221923828125,67.818
2024-07-17T05:11:19.174706,9,3.221923828125,67.818
2024-07-17T05:11:19.199828,9,3.221923828125,66.945
2024-07-17T05:11:19.224955,9,3.221923828125,66.945
2024-07-17T05:11:19.250080,8,3.221923828125,66.945
2024-07-17T05:11:19.275203,8,3.221923828125,66.945
2024-07-17T05:11:19.300333,8,3.221923828125,66.945
2024-07-17T05:11:19.325468,8,3.221923828125,67.657
2024-07-17T05:11:19.350589,8,3.221923828125,67.657
2024-07-17T05:11:19.375700,8,3.221923828125,67.657
2024-07-17T05:11:19.400812,8,3.221923828125,67.016
2024-07-17T05:11:19.425978,8,3.221923828125,67.016
2024-07-17T05:11:19.451110,9,3.221923828125,67.016
2024-07-17T05:11:19.476221,9,3.221923828125,67.016
2024-07-17T05:11:19.501359,9,3.221923828125,67.016
2024-07-17T05:11:19.526497,9,3.221923828125,67.58
2024-07-17T05:11:19.551630,9,3.221923828125,67.58
2024-07-17T05:11:19.576742,9,3.221923828125,67.58
2024-07-17T05:11:19.601888,9,3.221923828125,67.58
2024-07-17T05:11:19.626997,9,3.221923828125,67.236
2024-07-17T05:11:19.652120,9,3.221923828125,67.236
2024-07-17T05:11:19.677275,9,3.221923828125,67.236
2024-07-17T05:11:19.702407,9,3.221923828125,67.236
2024-07-17T05:11:19.727592,9,3.221923828125,68.057
2024-07-17T05:11:19.752727,9,3.221923828125,68.057
2024-07-17T05:11:19.777858,9,3.221923828125,68.057
2024-07-17T05:11:19.802979,9,3.221923828125,68.057
2024-07-17T05:11:19.828107,9,3.221923828125,67.386
2024-07-17T05:11:19.853279,9,3.221923828125,67.386
2024-07-17T05:11:19.878401,9,3.221923828125,67.386
2024-07-17T05:11:19.903525,9,3.221923828125,67.386
2024-07-17T05:11:19.928637,9,3.221923828125,67.386
2024-07-17T05:11:19.953750,9,3.221923828125,67.334
2024-07-17T05:11:19.978926,9,3.221923828125,67.334
2024-07-17T05:11:20.004076,9,3.221923828125,67.334
2024-07-17T05:11:20.029185,9,3.221923828125,67.334
2024-07-17T05:11:20.054351,9,3.221923828125,67.334
2024-07-17T05:11:20.079461,9,3.221923828125,67.334
2024-07-17T05:11:20.104573,9,3.221923828125,67.334
2024-07-17T05:11:20.129715,9,3.221923828125,67.334
2024-07-17T05:11:20.154827,9,3.221923828125,67.502
2024-07-17T05:11:20.180025,9,3.221923828125,67.502
2024-07-17T05:11:20.205203,9,3.221923828125,67.502
2024-07-17T05:11:20.230326,9,3.221923828125,67.502
2024-07-17T05:11:20.255437,9,3.221923828125,67.502
2024-07-17T05:11:20.280549,9,3.221923828125,67.502
2024-07-17T05:11:20.305662,9,3.221923828125,67.502
2024-07-17T05:11:20.330789,9,3.221923828125,67.502
2024-07-17T05:11:20.355887,9,3.221923828125,67.424
2024-07-17T05:11:20.381007,9,3.221923828125,67.424
2024-07-17T05:11:20.406116,9,3.221923828125,67.424
2024-07-17T05:11:20.431228,9,3.221923828125,67.424
2024-07-17T05:11:20.456340,9,3.221923828125,67.424
2024-07-17T05:11:20.481477,9,3.221923828125,67.424
2024-07-17T05:11:20.506649,9,3.221923828125,67.424
2024-07-17T05:11:20.531795,9,3.221923828125,67.424
2024-07-17T05:11:20.556872,9,3.221923828125,67.58
2024-07-17T05:11:20.581982,9,3.221923828125,67.58
2024-07-17T05:11:20.607191,9,3.221923828125,67.58
2024-07-17T05:11:20.632320,9,3.221923828125,67.58
2024-07-17T05:11:20.657431,9,3.221923828125,67.58
2024-07-17T05:11:20.682570,9,3.221923828125,66.821
2024-07-17T05:11:20.707693,9,3.221923828125,66.821
2024-07-17T05:11:20.732855,9,3.221923828125,66.821
2024-07-17T05:11:20.758024,9,3.221923828125,67.631
2024-07-17T05:11:20.783149,9,3.221923828125,67.631
2024-07-17T05:11:20.808270,9,3.221923828125,67.631
2024-07-17T05:11:20.833430,9,3.221923828125,67.631
2024-07-17T05:11:20.858625,9,3.221923828125,66.867
2024-07-17T05:11:20.883736,9,3.221923828125,66.867
2024-07-17T05:11:20.908874,9,3.221923828125,66.867
2024-07-17T05:11:20.934047,9,3.221923828125,66.867
2024-07-17T05:11:20.959213,9,3.221923828125,66.867
2024-07-17T05:11:20.984325,9,3.221923828125,67.405
2024-07-17T05:11:21.009517,9,3.221923828125,67.405
2024-07-17T05:11:21.034668,9,3.221923828125,67.405
2024-07-17T05:11:21.059790,9,3.221923828125,66.724
2024-07-17T05:11:21.084860,9,3.221923828125,66.724
2024-07-17T05:11:21.109997,9,3.221923828125,66.724
2024-07-17T05:11:21.135115,9,3.221923828125,66.724
2024-07-17T05:11:21.160226,9,3.221923828125,66.724
2024-07-17T05:11:21.185375,9,3.221923828125,67.722
2024-07-17T05:11:21.210510,9,3.221923828125,67.722
2024-07-17T05:11:21.235632,9,3.221923828125,67.722
2024-07-17T05:11:21.260762,9,3.221923828125,67.042
2024-07-17T05:11:21.285880,9,3.221923828125,67.042
2024-07-17T05:11:21.310989,9,3.221923828125,67.042
2024-07-17T05:11:21.336127,9,3.221923828125,67.042
2024-07-17T05:11:21.361238,9,3.221923828125,67.042
2024-07-17T05:11:21.386392,9,3.221923828125,67.69
2024-07-17T05:11:21.411512,9,3.221923828125,67.69
2024-07-17T05:11:21.436636,9,3.221923828125,67.69
2024-07-17T05:11:21.461755,9,3.221923828125,67.69
2024-07-17T05:11:21.486859,9,3.221923828125,67.191
2024-07-17T05:11:21.511986,9,3.221923828125,67.191
2024-07-17T05:11:21.537106,9,3.221923828125,67.191
2024-07-17T05:11:21.562217,9,3.221923828125,67.191
2024-07-17T05:11:21.587328,9,3.221923828125,67.722
2024-07-17T05:11:21.612439,9,3.221923828125,67.722
2024-07-17T05:11:21.637605,9,3.221923828125,67.722
2024-07-17T05:11:21.662725,9,3.221923828125,67.722
2024-07-17T05:11:21.687850,9,3.221923828125,67.255
2024-07-17T05:11:21.712960,9,3.221923828125,67.255
2024-07-17T05:11:21.738080,9,3.221923828125,67.255
2024-07-17T05:11:21.763191,9,3.221923828125,67.255
2024-07-17T05:11:21.788326,9,3.221923828125,67.255
2024-07-17T05:11:21.813451,9,3.221923828125,67.787
2024-07-17T05:11:21.838574,9,3.221923828125,67.787
2024-07-17T05:11:21.863701,9,3.221923828125,67.787
2024-07-17T05:11:21.888834,9,3.221923828125,67.404
2024-07-17T05:11:21.913958,9,3.221923828125,67.404
2024-07-17T05:11:21.939081,8,3.221923828125,67.404
2024-07-17T05:11:21.964222,8,3.221923828125,67.404
2024-07-17T05:11:21.989351,8,3.221923828125,67.404
2024-07-17T05:11:22.014465,8,3.221923828125,66.751
2024-07-17T05:11:22.039585,8,3.221923828125,66.751
2024-07-17T05:11:22.064697,8,3.221923828125,66.751
2024-07-17T05:11:22.089830,8,3.221923828125,67.458
2024-07-17T05:11:22.114943,8,3.221923828125,67.458
2024-07-17T05:11:22.140100,9,3.221923828125,67.458
2024-07-17T05:11:22.165211,9,3.221923828125,67.458
2024-07-17T05:11:22.190346,9,3.221923828125,67.458
2024-07-17T05:11:22.215483,9,3.221923828125,66.803
2024-07-17T05:11:22.240676,9,3.221923828125,66.803
2024-07-17T05:11:22.265865,9,3.221923828125,66.803
2024-07-17T05:11:22.290984,9,3.221923828125,67.475
2024-07-17T05:11:22.316136,9,3.221923828125,67.475
2024-07-17T05:11:22.341255,9,3.221923828125,67.475
2024-07-17T05:11:22.366403,9,3.221923828125,67.475
2024-07-17T05:11:22.391515,9,3.221923828125,67.475
2024-07-17T05:11:22.416642,9,3.221923828125,66.744
2024-07-17T05:11:22.441776,9,3.221923828125,66.744
2024-07-17T05:11:22.466877,9,3.221923828125,66.744
2024-07-17T05:11:22.491987,9,3.221923828125,66.744
2024-07-17T05:11:22.517122,9,3.221923828125,67.556
2024-07-17T05:11:22.542233,9,3.221923828125,67.556
2024-07-17T05:11:22.567345,9,3.221923828125,67.556
2024-07-17T05:11:22.592498,9,3.221923828125,67.556
2024-07-17T05:11:22.617618,9,3.221923828125,67.556
2024-07-17T05:11:22.642788,9,3.221923828125,66.619
2024-07-17T05:11:22.667859,9,3.221923828125,66.619
2024-07-17T05:11:22.692971,9,3.221923828125,66.619
2024-07-17T05:11:22.718094,9,3.221923828125,67.611
2024-07-17T05:11:22.743205,9,3.221923828125,67.611
2024-07-17T05:11:22.768361,8,3.221923828125,67.611
2024-07-17T05:11:22.793480,8,3.221923828125,67.611
2024-07-17T05:11:22.818591,8,3.221923828125,67.611
2024-07-17T05:11:22.843735,8,3.221923828125,67.042
2024-07-17T05:11:22.868899,8,3.221923828125,67.042
2024-07-17T05:11:22.894030,8,3.221923828125,67.042
2024-07-17T05:11:22.919144,8,3.221923828125,67.656
2024-07-17T05:11:22.944268,8,3.221923828125,67.656
2024-07-17T05:11:22.969378,9,3.221923828125,67.656
2024-07-17T05:11:22.994516,9,3.221923828125,67.656
2024-07-17T05:11:23.019641,9,3.221923828125,67.656
2024-07-17T05:11:23.044760,9,3.221923828125,66.821
2024-07-17T05:11:23.069893,9,3.221923828125,66.821
2024-07-17T05:11:23.095030,9,3.221923828125,66.821
2024-07-17T05:11:23.120180,9,3.221923828125,67.818
2024-07-17T05:11:23.145291,9,3.221923828125,67.818
2024-07-17T05:11:23.170412,9,3.221923828125,67.818
2024-07-17T05:11:23.195546,9,3.221923828125,67.818
2024-07-17T05:11:23.220656,9,3.221923828125,67.818
2024-07-17T05:11:23.245821,9,3.221923828125,67.018
2024-07-17T05:11:23.270953,9,3.221923828125,67.018
2024-07-17T05:11:23.296074,9,3.221923828125,67.018
2024-07-17T05:11:23.321185,9,3.221923828125,67.018
2024-07-17T05:11:23.346298,9,3.221923828125,67.774
2024-07-17T05:11:23.371463,9,3.221923828125,67.774
2024-07-17T05:11:23.396607,9,3.221923828125,67.774
2024-07-17T05:11:23.421764,9,3.221923828125,67.774
2024-07-17T05:11:23.446879,9,3.221923828125,67.774
2024-07-17T05:11:23.472001,9,3.221923828125,67.139
2024-07-17T05:11:23.497199,9,3.221923828125,67.139
2024-07-17T05:11:23.522325,9,3.221923828125,67.139
2024-07-17T05:11:23.547494,9,3.221923828125,68.038
2024-07-17T05:11:23.572675,9,3.221923828125,68.038
2024-07-17T05:11:23.597785,9,3.221923828125,68.038
2024-07-17T05:11:23.622933,9,3.221923828125,68.038
2024-07-17T05:11:23.648098,9,3.221923828125,67.334
2024-07-17T05:11:23.673267,9,3.221923828125,67.334
2024-07-17T05:11:23.698390,9,3.221923828125,67.334
2024-07-17T05:11:23.723507,9,3.221923828125,67.334
2024-07-17T05:11:23.748669,9,3.221923828125,67.968
2024-07-17T05:11:23.773780,9,3.221923828125,67.968
2024-07-17T05:11:23.798860,8,3.221923828125,67.968
2024-07-17T05:11:23.823977,8,3.221923828125,67.968
2024-07-17T05:11:23.849088,8,3.221923828125,67.968
2024-07-17T05:11:23.874202,8,3.221923828125,67.113
2024-07-17T05:11:23.899323,8,3.221923828125,67.113
2024-07-17T05:11:23.924442,8,3.221923828125,67.113
2024-07-17T05:11:23.949583,8,3.221923828125,67.113
2024-07-17T05:11:23.974725,8,3.221923828125,67.113
2024-07-17T05:11:23.999889,9,3.221923828125,67.113
2024-07-17T05:11:24.025008,9,3.221923828125,67.113
2024-07-17T05:11:24.050154,9,3.221923828125,67.113
2024-07-17T05:11:24.075265,9,3.221923828125,66.751
2024-07-17T05:11:24.100429,9,3.221923828125,66.751
2024-07-17T05:11:24.125629,9,3.221923828125,66.751
2024-07-17T05:11:24.150822,9,3.221923828125,66.751
2024-07-17T05:11:24.175976,9,3.221923828125,66.751
2024-07-17T05:11:24.201146,9,3.221923828125,66.751
2024-07-17T05:11:24.226267,9,3.221923828125,66.751
2024-07-17T05:11:24.251420,9,3.221923828125,66.751
2024-07-17T05:11:24.276572,9,3.221923828125,66.778
2024-07-17T05:11:24.301719,9,3.221923828125,66.778
2024-07-17T05:11:24.326841,9,3.221923828125,66.778
2024-07-17T05:11:24.351953,9,3.221923828125,66.778
2024-07-17T05:11:24.377065,9,3.221923828125,67.556
2024-07-17T05:11:24.402236,9,3.221923828125,67.556
2024-07-17T05:11:24.427358,9,3.221923828125,67.556
2024-07-17T05:11:24.452481,9,3.221923828125,67.556
2024-07-17T05:11:24.477621,9,3.221923828125,67.556
2024-07-17T05:11:24.502808,9,3.221923828125,66.778
2024-07-17T05:11:24.527929,9,3.221923828125,66.778
2024-07-17T05:11:24.553040,9,3.221923828125,66.778
2024-07-17T05:11:24.578151,9,3.221923828125,67.483
2024-07-17T05:11:24.603262,9,3.221923828125,67.483
2024-07-17T05:11:24.628375,9,3.221923828125,67.483
2024-07-17T05:11:24.653501,9,3.221923828125,67.483
2024-07-17T05:11:24.678622,9,3.221923828125,66.893
2024-07-17T05:11:24.703740,9,3.221923828125,66.893
2024-07-17T05:11:24.728854,9,3.221923828125,66.893
2024-07-17T05:11:24.753963,9,3.221923828125,66.893
2024-07-17T05:11:24.779116,9,3.221923828125,67.548
2024-07-17T05:11:24.804227,9,3.221923828125,67.548
2024-07-17T05:11:24.829406,9,3.221923828125,67.548
2024-07-17T05:11:24.854528,9,3.221923828125,67.548
2024-07-17T05:11:24.879662,9,3.221923828125,67.548
2024-07-17T05:11:24.904782,9,3.221923828125,66.751
2024-07-17T05:11:24.929871,9,3.221923828125,66.751
2024-07-17T05:11:24.955018,9,3.221923828125,66.751
2024-07-17T05:11:24.980129,9,3.221923828125,67.511
2024-07-17T05:11:25.005241,9,3.221923828125,67.511
2024-07-17T05:11:25.030353,9,3.221923828125,67.511
2024-07-17T05:11:25.055498,9,3.221923828125,67.511
2024-07-17T05:11:25.080638,9,3.221923828125,67.511
2024-07-17T05:11:25.105778,9,3.221923828125,67.087
2024-07-17T05:11:25.130859,9,3.221923828125,67.087
2024-07-17T05:11:25.155969,9,3.221923828125,67.087
2024-07-17T05:11:25.181081,9,3.221923828125,67.087
2024-07-17T05:11:25.206243,9,3.221923828125,67.683
2024-07-17T05:11:25.231449,9,3.221923828125,67.683
2024-07-17T05:11:25.256570,9,3.221923828125,67.683
2024-07-17T05:11:25.281685,9,3.221923828125,67.683
2024-07-17T05:11:25.306860,9,3.221923828125,67.114
2024-07-17T05:11:25.331970,9,3.221923828125,67.114
2024-07-17T05:11:25.357083,9,3.221923828125,67.114
2024-07-17T05:11:25.382336,9,3.221923828125,67.114
2024-07-17T05:11:25.407447,9,3.221923828125,67.863
2024-07-17T05:11:25.432574,9,3.221923828125,67.863
2024-07-17T05:11:25.457697,9,3.221923828125,67.863
2024-07-17T05:11:25.482820,9,3.221923828125,67.863
2024-07-17T05:11:25.507993,9,3.221923828125,67.863
2024-07-17T05:11:25.533141,9,3.221923828125,67.166
2024-07-17T05:11:25.558274,9,3.221923828125,67.166
2024-07-17T05:11:25.583428,9,3.221923828125,67.166
2024-07-17T05:11:25.608540,9,3.221923828125,67.166
2024-07-17T05:11:25.633669,9,3.221923828125,67.792
2024-07-17T05:11:25.658793,9,3.221923828125,67.792
2024-07-17T05:11:25.683905,9,3.221923828125,67.792
2024-07-17T05:11:25.709045,9,3.221923828125,67.288
2024-07-17T05:11:25.734204,9,3.221923828125,67.288
2024-07-17T05:11:25.759314,9,3.221923828125,67.288
2024-07-17T05:11:25.784464,9,3.221923828125,67.288
2024-07-17T05:11:25.809575,9,3.221923828125,67.236
2024-07-17T05:11:25.834687,9,3.221923828125,67.236
2024-07-17T05:11:25.859828,8,3.221923828125,67.236
2024-07-17T05:11:25.884993,8,3.221923828125,67.236
2024-07-17T05:11:25.910103,8,3.221923828125,67.236
2024-07-17T05:11:25.935231,8,3.221923828125,67.458
2024-07-17T05:11:25.960355,8,3.221923828125,67.458
2024-07-17T05:11:25.985466,8,3.221923828125,67.458
2024-07-17T05:11:26.010585,8,3.221923828125,66.893
2024-07-17T05:11:26.035703,8,3.221923828125,66.893
2024-07-17T05:11:26.060867,9,3.221923828125,66.893
2024-07-17T05:11:26.085977,9,3.221923828125,66.893
2024-07-17T05:11:26.111119,9,3.221923828125,66.893
2024-07-17T05:11:26.136230,9,3.221923828125,67.502
2024-07-17T05:11:26.161349,9,3.221923828125,67.502
2024-07-17T05:11:26.186462,9,3.221923828125,67.502
2024-07-17T05:11:26.211602,9,3.221923828125,67.502
2024-07-17T05:11:26.236728,9,3.221923828125,66.848
2024-07-17T05:11:26.261882,9,3.221923828125,66.848
2024-07-17T05:11:26.287046,9,3.221923828125,66.848
2024-07-17T05:11:26.312166,9,3.221923828125,66.848
2024-07-17T05:11:26.337354,9,3.221923828125,67.54
2024-07-17T05:11:26.362466,9,3.221923828125,67.54
2024-07-17T05:11:26.387589,9,3.221923828125,67.54
2024-07-17T05:11:26.412733,9,3.221923828125,67.54
2024-07-17T05:11:26.437855,9,3.221923828125,66.796
2024-07-17T05:11:26.462996,9,3.221923828125,66.796
2024-07-17T05:11:26.488125,9,3.221923828125,66.796
2024-07-17T05:11:26.513250,9,3.221923828125,66.796
2024-07-17T05:11:26.538412,9,3.221923828125,66.796
2024-07-17T05:11:26.563531,9,3.221923828125,67.799
2024-07-17T05:11:26.588642,9,3.221923828125,67.799
2024-07-17T05:11:26.687573,9,3.221923828125,66.945
2024-07-17T05:11:26.712807,9,3.221923828125,66.945
2024-07-17T05:11:26.737956,9,3.221923828125,63.915
2024-07-17T05:11:26.763098,9,3.221923828125,63.915
2024-07-17T05:11:26.788210,9,3.221923828125,63.915
2024-07-17T05:11:26.813330,9,3.221923828125,63.915
2024-07-17T05:11:26.838474,9,3.221923828125,67.689
2024-07-17T05:11:26.863628,9,3.221923828125,67.689
2024-07-17T05:11:26.888771,5,3.221923828125,67.689
2024-07-17T05:11:26.913876,5,3.221923828125,67.689
2024-07-17T05:11:26.939008,5,3.221923828125,67.689
2024-07-17T05:11:26.964141,5,3.221923828125,67.21
2024-07-17T05:11:26.989312,5,3.221923828125,67.21
2024-07-17T05:11:27.014464,5,3.221923828125,67.21
2024-07-17T05:11:27.039603,5,3.221923828125,67.863
2024-07-17T05:11:27.064732,5,3.221923828125,67.863
2024-07-17T05:11:27.089883,8,3.221923828125,67.863
2024-07-17T05:11:27.115018,8,3.221923828125,67.863
2024-07-17T05:11:27.140149,8,3.221923828125,67.863
2024-07-17T05:11:27.165278,8,3.221923828125,67.122
2024-07-17T05:11:27.190397,8,3.221923828125,67.122
2024-07-17T05:11:27.215516,8,3.221923828125,67.122
2024-07-17T05:11:27.240694,8,3.221923828125,67.122
2024-07-17T05:11:27.265806,8,3.221923828125,67.774
2024-07-17T05:11:27.290920,9,3.221923828125,67.774
2024-07-17T05:11:27.316031,9,3.221923828125,67.774
2024-07-17T05:11:27.341141,9,3.221923828125,67.774
2024-07-17T05:11:27.366298,9,3.221923828125,67.774
2024-07-17T05:11:27.391409,9,3.221923828125,67.308
2024-07-17T05:11:27.416523,9,3.221923828125,67.308
2024-07-17T05:11:27.441659,9,3.221923828125,67.308
2024-07-17T05:11:27.466802,9,3.221923828125,68.163
2024-07-17T05:11:27.491916,8,3.221923828125,68.163
2024-07-17T05:11:27.517040,8,3.221923828125,68.163
2024-07-17T05:11:27.542221,8,3.221923828125,68.163
2024-07-17T05:11:27.567332,8,3.221923828125,68.163
2024-07-17T05:11:27.592456,8,3.221923828125,66.893
2024-07-17T05:11:27.617630,8,3.221923828125,66.893
2024-07-17T05:11:27.642786,8,3.221923828125,66.893
2024-07-17T05:11:27.667871,8,3.221923828125,66.893
2024-07-17T05:11:27.692982,8,3.221923828125,67.405
2024-07-17T05:11:27.718101,8,3.221923828125,67.405
2024-07-17T05:11:27.743259,8,3.221923828125,67.405
2024-07-17T05:11:27.768456,8,3.221923828125,67.405
2024-07-17T05:11:27.793602,8,3.221923828125,67.405
2024-07-17T05:11:27.818712,8,3.221923828125,67.405
2024-07-17T05:11:27.843858,8,3.221923828125,67.405
2024-07-17T05:11:27.868979,8,3.221923828125,66.875
2024-07-17T05:11:27.894109,8,3.221923828125,66.875
2024-07-17T05:11:27.919220,9,3.221923828125,66.875
2024-07-17T05:11:27.944382,9,3.221923828125,66.875
2024-07-17T05:11:27.969502,9,3.221923828125,66.875
2024-07-17T05:11:27.994644,9,3.221923828125,66.654
2024-07-17T05:11:28.019764,9,3.221923828125,66.654
2024-07-17T05:11:28.044920,9,3.221923828125,66.654
2024-07-17T05:11:28.070058,9,3.221923828125,66.654
2024-07-17T05:11:28.095183,9,3.221923828125,66.654
2024-07-17T05:11:28.120309,9,3.221923828125,66.654
2024-07-17T05:11:28.145432,9,3.221923828125,66.654
2024-07-17T05:11:28.170544,9,3.221923828125,66.654
2024-07-17T05:11:28.195687,9,3.221923828125,66.99
2024-07-17T05:11:28.220832,9,3.221923828125,66.99
2024-07-17T05:11:28.245945,9,3.221923828125,66.99
2024-07-17T05:11:28.271056,9,3.221923828125,66.99
2024-07-17T05:11:28.296195,9,3.221923828125,67.722
2024-07-17T05:11:28.321306,9,3.221923828125,67.722
2024-07-17T05:11:28.346418,9,3.221923828125,67.722
2024-07-17T05:11:28.371557,9,3.221923828125,67.722
2024-07-17T05:11:28.396718,9,3.221923828125,67.722
2024-07-17T05:11:28.421837,9,3.221923828125,66.945
2024-07-17T05:11:28.446951,9,3.221923828125,66.945
2024-07-17T05:11:28.472080,9,3.221923828125,66.945
2024-07-17T05:11:28.497225,9,3.221923828125,67.617
2024-07-17T05:11:28.522337,9,3.221923828125,67.617
2024-07-17T05:11:28.547500,9,3.221923828125,67.617
2024-07-17T05:11:28.572610,9,3.221923828125,67.617
2024-07-17T05:11:28.597775,9,3.221923828125,66.99
2024-07-17T05:11:28.622903,9,3.221923828125,66.99
2024-07-17T05:11:28.648054,9,3.221923828125,66.99
2024-07-17T05:11:28.673175,9,3.221923828125,66.99
2024-07-17T05:11:28.698298,9,3.221923828125,67.586
2024-07-17T05:11:28.723420,9,3.221923828125,67.586
2024-07-17T05:11:28.748545,9,3.221923828125,67.586
2024-07-17T05:11:28.773686,9,3.221923828125,67.586
2024-07-17T05:11:28.798851,9,3.221923828125,67.586
2024-07-17T05:11:28.824018,9,3.221923828125,67.042
2024-07-17T05:11:28.849136,9,3.221923828125,67.042
2024-07-17T05:11:28.874248,9,3.221923828125,67.042
2024-07-17T05:11:28.899369,9,3.221923828125,67.806
2024-07-17T05:11:28.924494,9,3.221923828125,67.806
2024-07-17T05:11:28.949614,9,3.221923828125,67.806
2024-07-17T05:11:28.974736,9,3.221923828125,67.806
2024-07-17T05:11:28.999892,9,3.221923828125,67.806
2024-07-17T05:11:29.025078,9,3.221923828125,67.378
2024-07-17T05:11:29.050210,9,3.221923828125,67.378
2024-07-17T05:11:29.075320,9,3.221923828125,67.378
2024-07-17T05:11:29.100443,9,3.221923828125,67.378
2024-07-17T05:11:29.125568,9,3.221923828125,67.71
2024-07-17T05:11:29.150689,9,3.221923828125,67.71
2024-07-17T05:11:29.175800,9,3.221923828125,67.71
2024-07-17T05:11:29.200962,9,3.221923828125,67.71
2024-07-17T05:11:29.226071,9,3.221923828125,67.71
2024-07-17T05:11:29.251183,9,3.221923828125,67.333
2024-07-17T05:11:29.276303,9,3.221923828125,67.333
2024-07-17T05:11:29.301432,9,3.221923828125,67.333
2024-07-17T05:11:29.326633,9,3.221923828125,67.993
2024-07-17T05:11:29.351772,9,3.221923828125,67.993
2024-07-17T05:11:29.376873,9,3.221923828125,67.993
2024-07-17T05:11:29.402000,9,3.221923828125,67.993
2024-07-17T05:11:29.427167,9,3.221923828125,67.993
2024-07-17T05:11:29.452278,9,3.221923828125,67.424
2024-07-17T05:11:29.477390,9,3.221923828125,67.424
2024-07-17T05:11:29.502592,9,3.221923828125,67.424
2024-07-17T05:11:29.527714,9,3.221923828125,67.236
2024-07-17T05:11:29.552837,9,3.221923828125,67.236
2024-07-17T05:11:29.577950,9,3.221923828125,67.236
2024-07-17T05:11:29.603060,9,3.221923828125,67.236
2024-07-17T05:11:29.628180,9,3.221923828125,67.657
2024-07-17T05:11:29.653310,9,3.221923828125,67.657
2024-07-17T05:11:29.678495,9,3.221923828125,67.657
2024-07-17T05:11:29.703606,9,3.221923828125,67.657
2024-07-17T05:11:29.728718,9,3.221923828125,66.99
2024-07-17T05:11:29.753862,9,3.221923828125,66.99
2024-07-17T05:11:29.778979,9,3.221923828125,66.99
2024-07-17T05:11:29.804137,9,3.221923828125,66.99
2024-07-17T05:11:29.829263,9,3.221923828125,66.99
2024-07-17T05:11:29.854373,9,3.221923828125,67.502
2024-07-17T05:11:29.879485,9,3.221923828125,67.502
2024-07-17T05:11:29.904606,9,3.221923828125,67.502
2024-07-17T05:11:29.929749,9,3.221923828125,66.99
2024-07-17T05:11:29.954859,9,3.221923828125,66.99
2024-07-17T05:11:29.979969,9,3.221923828125,66.99
2024-07-17T05:11:30.005118,9,3.221923828125,66.99
2024-07-17T05:11:30.030239,9,3.221923828125,66.99
2024-07-17T05:11:30.055363,9,3.221923828125,67.657
2024-07-17T05:11:30.080514,9,3.221923828125,67.657
2024-07-17T05:11:30.105672,9,3.221923828125,67.657
2024-07-17T05:11:30.130847,9,3.221923828125,67.657
2024-07-17T05:11:30.156042,9,3.221923828125,66.867
2024-07-17T05:11:30.181190,9,3.221923828125,66.867
2024-07-17T05:11:30.206338,9,3.221923828125,66.867
2024-07-17T05:11:30.231460,9,3.221923828125,66.867
2024-07-17T05:11:30.256599,9,3.221923828125,66.867
2024-07-17T05:11:30.281747,9,3.221923828125,67.529
2024-07-17T05:11:30.306870,9,3.221923828125,67.529
2024-07-17T05:11:30.331980,9,3.221923828125,67.529
2024-07-17T05:11:30.357102,9,3.221923828125,66.875
2024-07-17T05:11:30.382232,9,3.221923828125,66.875
2024-07-17T05:11:30.407409,9,3.221923828125,66.875
2024-07-17T05:11:30.432519,9,3.221923828125,66.875
2024-07-17T05:11:30.457631,9,3.221923828125,66.875
2024-07-17T05:11:30.482785,9,3.221923828125,67.665
2024-07-17T05:11:30.507910,9,3.221923828125,67.665
2024-07-17T05:11:30.533077,9,3.221923828125,67.665
2024-07-17T05:11:30.558201,9,3.221923828125,66.997
2024-07-17T05:11:30.583324,9,3.221923828125,66.997
2024-07-17T05:11:30.608436,9,3.221923828125,66.997
2024-07-17T05:11:30.633572,9,3.221923828125,66.997
2024-07-17T05:11:30.658737,9,3.221923828125,67.889
2024-07-17T05:11:30.683933,9,3.221923828125,67.889
2024-07-17T05:11:30.709100,9,3.221923828125,67.889
2024-07-17T05:11:30.734235,9,3.221923828125,67.889
2024-07-17T05:11:30.759347,9,3.221923828125,67.139
2024-07-17T05:11:30.784506,9,3.221923828125,67.139
2024-07-17T05:11:30.809651,9,3.221923828125,67.139
2024-07-17T05:11:30.834763,9,3.221923828125,67.139
2024-07-17T05:11:30.859872,9,3.221923828125,67.139
2024-07-17T05:11:30.885012,9,3.221923828125,67.529
2024-07-17T05:11:30.910192,9,3.221923828125,67.529
2024-07-17T05:11:30.935303,9,3.221923828125,67.529
2024-07-17T05:11:30.960434,9,3.221923828125,67.236
2024-07-17T05:11:30.985565,9,3.221923828125,67.236
2024-07-17T05:11:31.010696,9,3.221923828125,67.236
2024-07-17T05:11:31.035829,9,3.221923828125,67.236
2024-07-17T05:11:31.060968,9,3.221923828125,67.236
2024-07-17T05:11:31.086090,9,3.221923828125,67.896
2024-07-17T05:11:31.111210,9,3.221923828125,67.896
2024-07-17T05:11:31.136335,9,3.221923828125,67.896
2024-07-17T05:11:31.161456,9,3.221923828125,67.896
2024-07-17T05:11:31.186593,9,3.221923828125,67.682
2024-07-17T05:11:31.211737,9,3.221923828125,67.682
2024-07-17T05:11:31.236892,9,3.221923828125,67.682
2024-07-17T05:11:31.262002,9,3.221923828125,67.682
2024-07-17T05:11:31.287196,9,3.221923828125,67.682
2024-07-17T05:11:31.312359,9,3.221923828125,68.11
2024-07-17T05:11:31.337507,9,3.221923828125,68.11
2024-07-17T05:11:31.362618,9,3.221923828125,68.11
2024-07-17T05:11:31.387751,9,3.221923828125,67.529
2024-07-17T05:11:31.412887,8,3.221923828125,67.529
2024-07-17T05:11:31.438060,8,3.221923828125,67.529
2024-07-17T05:11:31.463192,8,3.221923828125,67.529
2024-07-17T05:11:31.488303,8,3.221923828125,67.529
2024-07-17T05:11:31.513451,8,3.221923828125,67.308
2024-07-17T05:11:31.538574,8,3.221923828125,67.308
2024-07-17T05:11:31.563709,8,3.221923828125,67.308
2024-07-17T05:11:31.588828,8,3.221923828125,67.308
2024-07-17T05:11:31.613963,8,3.221923828125,67.308
2024-07-17T05:11:31.639089,8,3.221923828125,67.308
2024-07-17T05:11:31.664239,8,3.221923828125,67.308
2024-07-17T05:11:31.689380,8,3.221923828125,66.902
2024-07-17T05:11:31.714518,8,3.221923828125,66.902
2024-07-17T05:11:31.739638,8,3.221923828125,66.902
2024-07-17T05:11:31.764760,8,3.221923828125,66.902
2024-07-17T05:11:31.789860,8,3.221923828125,67.638
2024-07-17T05:11:31.815005,8,3.221923828125,67.638
2024-07-17T05:11:31.840126,9,3.221923828125,67.638
2024-07-17T05:11:31.865262,9,3.221923828125,67.638
2024-07-17T05:11:31.890373,9,3.221923828125,67.638
2024-07-17T05:11:31.915484,9,3.221923828125,67.483
2024-07-17T05:11:31.940616,9,3.221923828125,67.483
2024-07-17T05:11:31.965728,9,3.221923828125,67.483
2024-07-17T05:11:31.990840,9,3.221923828125,67.483
2024-07-17T05:11:32.015965,9,3.221923828125,67.483
2024-07-17T05:11:32.041098,9,3.221923828125,67.483
2024-07-17T05:11:32.066210,9,3.221923828125,67.483
2024-07-17T05:11:32.091332,9,3.221923828125,67.483
2024-07-17T05:11:32.116453,9,3.221923828125,67.747
2024-07-17T05:11:32.141590,9,3.221923828125,67.747
2024-07-17T05:11:32.166700,9,3.221923828125,67.747
2024-07-17T05:11:32.191812,9,3.221923828125,67.747
2024-07-17T05:11:32.216927,9,3.221923828125,66.919
2024-07-17T05:11:32.242060,9,3.221923828125,66.919
2024-07-17T05:11:32.267179,9,3.221923828125,66.919
2024-07-17T05:11:32.292347,9,3.221923828125,66.919
2024-07-17T05:11:32.317493,9,3.221923828125,66.919
2024-07-17T05:11:32.342604,9,3.221923828125,67.779
2024-07-17T05:11:32.367750,9,3.221923828125,67.779
2024-07-17T05:11:32.392860,9,3.221923828125,67.779
2024-07-17T05:11:32.418009,9,3.221923828125,66.805
2024-07-17T05:11:32.443149,9,3.221923828125,66.805
2024-07-17T05:11:32.468260,9,3.221923828125,66.805
2024-07-17T05:11:32.493372,9,3.221923828125,66.805
2024-07-17T05:11:32.518493,9,3.221923828125,66.805
2024-07-17T05:11:32.543650,9,3.221923828125,67.631
2024-07-17T05:11:32.568774,9,3.221923828125,67.631
2024-07-17T05:11:32.593876,9,3.221923828125,67.631
2024-07-17T05:11:32.619003,9,3.221923828125,67.631
2024-07-17T05:11:32.644152,9,3.221923828125,67.217
2024-07-17T05:11:32.669323,9,3.221923828125,67.217
2024-07-17T05:11:32.694495,9,3.221923828125,67.217
2024-07-17T05:11:32.719619,9,3.221923828125,67.646
2024-07-17T05:11:32.744730,9,3.221923828125,67.646
2024-07-17T05:11:32.769868,9,3.221923828125,67.646
2024-07-17T05:11:32.795012,9,3.221923828125,67.646
2024-07-17T05:11:32.820132,9,3.221923828125,67.115
2024-07-17T05:11:32.845265,9,3.221923828125,67.115
2024-07-17T05:11:32.870417,9,3.221923828125,67.115
2024-07-17T05:11:32.895528,9,3.221923828125,67.115
2024-07-17T05:11:32.920650,9,3.221923828125,67.115
2024-07-17T05:11:32.945770,9,3.221923828125,67.863
2024-07-17T05:11:32.970869,9,3.221923828125,67.863
2024-07-17T05:11:32.995984,9,3.221923828125,67.863
2024-07-17T05:11:33.021149,9,3.221923828125,67.863
2024-07-17T05:11:33.046268,9,3.221923828125,67.332
2024-07-17T05:11:33.071380,9,3.221923828125,67.332
2024-07-17T05:11:33.096504,9,3.221923828125,67.332
2024-07-17T05:11:33.121624,9,3.221923828125,67.332
2024-07-17T05:11:33.146749,9,3.221923828125,67.747
2024-07-17T05:11:33.171859,9,3.221923828125,67.747
2024-07-17T05:11:33.197023,9,3.221923828125,67.747
2024-07-17T05:11:33.222173,9,3.221923828125,67.747
2024-07-17T05:11:33.247285,9,3.221923828125,67.352
2024-07-17T05:11:33.272409,9,3.221923828125,67.352
2024-07-17T05:11:33.297529,9,3.221923828125,67.352
2024-07-17T05:11:33.322648,9,3.221923828125,67.352
2024-07-17T05:11:33.347769,9,3.221923828125,67.352
2024-07-17T05:11:33.372859,9,3.221923828125,67.949
2024-07-17T05:11:33.397980,9,3.221923828125,67.949
2024-07-17T05:11:33.423091,9,3.221923828125,67.949
2024-07-17T05:11:33.448268,9,3.221923828125,67.514
2024-07-17T05:11:33.473448,9,3.221923828125,67.514
2024-07-17T05:11:33.498587,9,3.221923828125,67.514
2024-07-17T05:11:33.523698,9,3.221923828125,67.514
2024-07-17T05:11:33.548830,9,3.221923828125,67.514
2024-07-17T05:11:33.573942,9,3.221923828125,66.831
2024-07-17T05:11:33.599123,9,3.221923828125,66.831
2024-07-17T05:11:33.624245,9,3.221923828125,66.831
2024-07-17T05:11:33.649376,9,3.221923828125,66.831
2024-07-17T05:11:33.674488,9,3.221923828125,67.556
2024-07-17T05:11:33.699664,9,3.221923828125,67.556
2024-07-17T05:11:33.724828,9,3.221923828125,67.556
2024-07-17T05:11:33.749948,9,3.221923828125,66.802
2024-07-17T05:11:33.775058,9,3.221923828125,66.802
2024-07-17T05:11:33.800204,9,3.221923828125,66.802
2024-07-17T05:11:33.825338,9,3.221923828125,66.802
2024-07-17T05:11:33.850476,9,3.221923828125,67.709
2024-07-17T05:11:33.875586,9,3.221923828125,67.709
2024-07-17T05:11:33.900726,9,3.221923828125,67.709
2024-07-17T05:11:33.925931,9,3.221923828125,67.709
2024-07-17T05:11:33.951095,9,3.221923828125,67.709
2024-07-17T05:11:33.976215,9,3.221923828125,66.824
2024-07-17T05:11:34.001401,9,3.221923828125,66.824
2024-07-17T05:11:34.026513,9,3.221923828125,66.824
2024-07-17T05:11:34.051676,9,3.221923828125,66.824
2024-07-17T05:11:34.076786,9,3.221923828125,67.665
2024-07-17T05:11:34.101900,9,3.221923828125,67.665
2024-07-17T05:11:34.127022,9,3.221923828125,67.665
2024-07-17T05:11:34.152168,9,3.221923828125,67.665
2024-07-17T05:11:34.177278,9,3.221923828125,67.665
2024-07-17T05:11:34.202390,9,3.221923828125,67.094
2024-07-17T05:11:34.227525,9,3.221923828125,67.094
2024-07-17T05:11:34.252635,9,3.221923828125,67.094
2024-07-17T05:11:34.277759,9,3.221923828125,67.811
2024-07-17T05:11:34.302886,9,3.221923828125,67.811
2024-07-17T05:11:34.328016,9,3.221923828125,67.811
2024-07-17T05:11:34.353141,9,3.221923828125,67.811
2024-07-17T05:11:34.378253,9,3.221923828125,67.811
2024-07-17T05:11:34.403381,9,3.221923828125,67.018
2024-07-17T05:11:34.428544,9,3.221923828125,67.018
2024-07-17T05:11:34.453675,9,3.221923828125,67.018
2024-07-17T05:11:34.478795,9,3.221923828125,67.747
2024-07-17T05:11:34.503859,9,3.221923828125,67.747
2024-07-17T05:11:34.528988,9,3.221923828125,67.747
2024-07-17T05:11:34.554102,9,3.221923828125,67.747
2024-07-17T05:11:34.579260,9,3.221923828125,67.747
2024-07-17T05:11:34.604371,9,3.221923828125,67.113
2024-07-17T05:11:34.629558,9,3.221923828125,67.113
2024-07-17T05:11:34.654677,9,3.221923828125,67.113
2024-07-17T05:11:34.679789,9,3.221923828125,67.774
2024-07-17T05:11:34.704870,9,3.221923828125,67.774
2024-07-17T05:11:34.730035,8,3.221923828125,67.774
2024-07-17T05:11:34.755154,8,3.221923828125,67.774
2024-07-17T05:11:34.780267,8,3.221923828125,67.774
2024-07-17T05:11:34.805397,8,3.221923828125,67.236
2024-07-17T05:11:34.830510,8,3.221923828125,67.236
2024-07-17T05:11:34.855625,8,3.221923828125,67.236
2024-07-17T05:11:34.880772,8,3.221923828125,67.735
2024-07-17T05:11:34.905876,8,3.221923828125,67.735
2024-07-17T05:11:34.930994,9,3.221923828125,67.735
2024-07-17T05:11:34.956112,9,3.221923828125,67.735
2024-07-17T05:11:34.981255,9,3.221923828125,67.735
2024-07-17T05:11:35.006381,9,3.221923828125,67.43
2024-07-17T05:11:35.031511,9,3.221923828125,67.43
2024-07-17T05:11:35.056686,9,3.221923828125,67.43
2024-07-17T05:11:35.081807,9,3.221923828125,67.43
2024-07-17T05:11:35.106928,9,3.221923828125,68.233
2024-07-17T05:11:35.132048,9,3.221923828125,68.233
2024-07-17T05:11:35.157194,9,3.221923828125,68.233
2024-07-17T05:11:35.182349,9,3.221923828125,68.233
2024-07-17T05:11:35.207483,9,3.221923828125,68.233
2024-07-17T05:11:35.232595,9,3.221923828125,67.431
2024-07-17T05:11:35.257714,9,3.221923828125,67.431
2024-07-17T05:11:35.282826,9,3.221923828125,67.431
2024-07-17T05:11:35.307989,9,3.221923828125,68.375
2024-07-17T05:11:35.333098,8,3.221923828125,68.375
2024-07-17T05:11:35.358237,8,3.221923828125,68.375
2024-07-17T05:11:35.383348,8,3.221923828125,68.375
2024-07-17T05:11:35.408486,8,3.221923828125,68.375
2024-07-17T05:11:35.433619,8,3.221923828125,66.921
2024-07-17T05:11:35.458750,8,3.221923828125,66.921
2024-07-17T05:11:35.483885,8,3.221923828125,66.921
2024-07-17T05:11:35.509010,8,3.221923828125,66.921
2024-07-17T05:11:35.534121,8,3.221923828125,66.921
2024-07-17T05:11:35.559250,9,3.221923828125,66.921
2024-07-17T05:11:35.584372,9,3.221923828125,66.921
2024-07-17T05:11:35.609490,9,3.221923828125,67.646
2024-07-17T05:11:35.634602,9,3.221923828125,67.646
2024-07-17T05:11:35.659715,9,3.221923828125,67.646
2024-07-17T05:11:35.684837,9,3.221923828125,67.646
2024-07-17T05:11:35.709966,9,3.221923828125,67.087
2024-07-17T05:11:35.735115,9,3.221923828125,67.087
2024-07-17T05:11:35.760271,9,3.221923828125,67.087
2024-07-17T05:11:35.785383,9,3.221923828125,67.087
2024-07-17T05:11:35.810572,9,3.221923828125,67.087
2024-07-17T05:11:35.835739,9,3.221923828125,67.042
2024-07-17T05:11:35.860887,9,3.221923828125,67.042
2024-07-17T05:11:35.885998,9,3.221923828125,67.042
2024-07-17T05:11:35.911124,9,3.221923828125,67.042
2024-07-17T05:11:35.936246,9,3.221923828125,67.042
2024-07-17T05:11:35.961356,9,3.221923828125,67.042
2024-07-17T05:11:35.986469,9,3.221923828125,67.042
2024-07-17T05:11:36.011616,9,3.221923828125,67.042
2024-07-17T05:11:36.036773,9,3.221923828125,66.875
2024-07-17T05:11:36.061859,9,3.221923828125,66.875
2024-07-17T05:11:36.086986,9,3.221923828125,66.875
2024-07-17T05:11:36.112096,9,3.221923828125,66.875
2024-07-17T05:11:36.137234,9,3.221923828125,67.818
2024-07-17T05:11:36.162375,9,3.221923828125,67.818
2024-07-17T05:11:36.187498,9,3.221923828125,67.818
2024-07-17T05:11:36.212669,9,3.221923828125,67.818
2024-07-17T05:11:36.237780,9,3.221923828125,67.818
2024-07-17T05:11:36.262872,9,3.221923828125,66.99
2024-07-17T05:11:36.288007,9,3.221923828125,66.99
2024-07-17T05:11:36.313159,9,3.221923828125,66.99
2024-07-17T05:11:36.338269,9,3.221923828125,67.657
2024-07-17T05:11:36.363393,9,3.221923828125,67.657
2024-07-17T05:11:36.388575,9,3.221923828125,67.657
2024-07-17T05:11:36.413696,9,3.221923828125,67.657
2024-07-17T05:11:36.438836,9,3.221923828125,67.657
2024-07-17T05:11:36.463950,9,3.221923828125,66.945
2024-07-17T05:11:36.489061,9,3.221923828125,66.945
2024-07-17T05:11:36.514184,9,3.221923828125,66.945
2024-07-17T05:11:36.539305,9,3.221923828125,67.941
2024-07-17T05:11:36.564432,9,3.221923828125,67.941
2024-07-17T05:11:36.589568,9,3.221923828125,67.941
2024-07-17T05:11:36.614768,9,3.221923828125,67.941
2024-07-17T05:11:36.639896,9,3.221923828125,67.255
2024-07-17T05:11:36.665037,9,3.221923828125,67.255
2024-07-17T05:11:36.690177,9,3.221923828125,67.255
2024-07-17T05:11:36.715305,9,3.221923828125,67.255
2024-07-17T05:11:36.740417,9,3.221923828125,67.665
2024-07-17T05:11:36.765559,9,3.221923828125,67.665
2024-07-17T05:11:36.790682,9,3.221923828125,67.665
2024-07-17T05:11:36.815793,9,3.221923828125,67.665
2024-07-17T05:11:36.840902,9,3.221923828125,67.665
2024-07-17T05:11:36.866026,9,3.221923828125,67.378
2024-07-17T05:11:36.891144,9,3.221923828125,67.378
2024-07-17T05:11:36.916330,9,3.221923828125,67.378
2024-07-17T05:11:36.941453,9,3.221923828125,67.378
2024-07-17T05:11:36.966572,9,3.221923828125,68.013
2024-07-17T05:11:36.991702,9,3.221923828125,68.013
2024-07-17T05:11:37.016826,9,3.221923828125,68.013
2024-07-17T05:11:37.041952,9,3.221923828125,68.013
2024-07-17T05:11:37.067089,9,3.221923828125,68.013
2024-07-17T05:11:37.092207,9,3.221923828125,67.475
2024-07-17T05:11:37.117330,9,3.221923828125,67.475
2024-07-17T05:11:37.142469,9,3.221923828125,67.475
2024-07-17T05:11:37.167594,9,3.221923828125,68.135
2024-07-17T05:11:37.192724,9,3.221923828125,68.135
2024-07-17T05:11:37.217834,9,3.221923828125,68.135
2024-07-17T05:11:37.242958,9,3.221923828125,68.135
2024-07-17T05:11:37.268079,9,3.221923828125,68.135
2024-07-17T05:11:37.293199,9,3.221923828125,67.657
2024-07-17T05:11:37.318361,9,3.221923828125,67.657
2024-07-17T05:11:37.343523,9,3.221923828125,67.657
2024-07-17T05:11:37.368634,9,3.221923828125,66.875
2024-07-17T05:11:37.393746,9,3.221923828125,66.875
2024-07-17T05:11:37.418913,9,3.221923828125,66.875
2024-07-17T05:11:37.444060,9,3.221923828125,66.875
2024-07-17T05:11:37.469170,9,3.221923828125,66.875
2024-07-17T05:11:37.494292,9,3.221923828125,67.58
2024-07-17T05:11:37.519416,9,3.221923828125,67.58
2024-07-17T05:11:37.544539,9,3.221923828125,67.58
2024-07-17T05:11:37.569659,9,3.221923828125,66.821
2024-07-17T05:11:37.594779,9,3.221923828125,66.821
2024-07-17T05:11:37.619860,9,3.221923828125,66.821
2024-07-17T05:11:37.644983,9,3.221923828125,66.821
2024-07-17T05:11:37.670105,9,3.221923828125,67.638
2024-07-17T05:11:37.695217,9,3.221923828125,67.638
2024-07-17T05:11:37.720378,9,3.221923828125,67.638
2024-07-17T05:11:37.745575,9,3.221923828125,67.638
2024-07-17T05:11:37.770714,9,3.221923828125,67.638
2024-07-17T05:11:37.795825,9,3.221923828125,66.759
2024-07-17T05:11:37.820941,9,3.221923828125,66.759
2024-07-17T05:11:37.846052,9,3.221923828125,66.759
2024-07-17T05:11:37.942615,9,3.221923828125,67.58
2024-07-17T05:11:37.967798,9,3.221923828125,67.58
2024-07-17T05:11:37.992965,9,3.221923828125,63.982
2024-07-17T05:11:38.018093,9,3.221923828125,63.982
2024-07-17T05:11:38.043246,9,3.221923828125,63.982
2024-07-17T05:11:38.068340,9,3.221923828125,63.982
2024-07-17T05:11:38.093530,9,3.221923828125,63.982
2024-07-17T05:11:38.118650,9,3.221923828125,66.848
2024-07-17T05:11:38.143761,9,3.221923828125,66.848
2024-07-17T05:11:38.168857,9,3.221923828125,66.848
2024-07-17T05:11:38.194014,9,3.221923828125,67.511
2024-07-17T05:11:38.219155,9,3.221923828125,67.511
2024-07-17T05:11:38.244313,5,3.221923828125,67.511
2024-07-17T05:11:38.269486,5,3.221923828125,67.511
2024-07-17T05:11:38.294625,5,3.221923828125,67.511
2024-07-17T05:11:38.319736,5,3.221923828125,66.972
2024-07-17T05:11:38.344850,5,3.221923828125,66.972
2024-07-17T05:11:38.369997,5,3.221923828125,66.972
2024-07-17T05:11:38.395107,5,3.221923828125,67.708
2024-07-17T05:11:38.420217,5,3.221923828125,67.708
2024-07-17T05:11:38.445329,8,3.221923828125,67.708
2024-07-17T05:11:38.470451,8,3.221923828125,67.708
2024-07-17T05:11:38.495618,8,3.221923828125,67.708
2024-07-17T05:11:38.520729,8,3.221923828125,67.139
2024-07-17T05:11:38.545856,8,3.221923828125,67.139
2024-07-17T05:11:38.570966,8,3.221923828125,67.139
2024-07-17T05:11:38.596099,8,3.221923828125,67.139
2024-07-17T05:11:38.621225,9,3.221923828125,67.837
2024-07-17T05:11:38.646396,9,3.221923828125,67.837
2024-07-17T05:11:38.671561,9,3.221923828125,67.837
2024-07-17T05:11:38.696681,9,3.221923828125,67.837
2024-07-17T05:11:38.721804,9,3.221923828125,67.488
2024-07-17T05:11:38.746958,9,3.221923828125,67.488
2024-07-17T05:11:38.772080,9,3.221923828125,67.488
2024-07-17T05:11:38.797205,9,3.221923828125,67.488
2024-07-17T05:11:38.822325,9,3.221923828125,67.993
2024-07-17T05:11:38.847442,9,3.221923828125,67.993
2024-07-17T05:11:38.872573,9,3.221923828125,67.993
2024-07-17T05:11:38.897683,9,3.221923828125,67.993
2024-07-17T05:11:38.922816,9,3.221923828125,67.993
2024-07-17T05:11:38.947955,9,3.221923828125,67.458
2024-07-17T05:11:38.973073,9,3.221923828125,67.458
2024-07-17T05:11:38.998197,9,3.221923828125,67.458
2024-07-17T05:11:39.023308,9,3.221923828125,68.33
2024-07-17T05:11:39.048421,9,3.221923828125,68.33
2024-07-17T05:11:39.073544,9,3.221923828125,68.33
2024-07-17T05:11:39.098668,9,3.221923828125,68.33
2024-07-17T05:11:39.123789,9,3.221923828125,68.33
2024-07-17T05:11:39.148921,9,3.221923828125,67.361
2024-07-17T05:11:39.174049,9,3.221923828125,67.361
2024-07-17T05:11:39.199208,9,3.221923828125,67.361
2024-07-17T05:11:39.224319,9,3.221923828125,67.191
2024-07-17T05:11:39.249439,9,3.221923828125,67.191
2024-07-17T05:11:39.274578,9,3.221923828125,67.191
2024-07-17T05:11:39.299773,9,3.221923828125,67.191
2024-07-17T05:11:39.324881,9,3.221923828125,67.191
2024-07-17T05:11:39.350012,9,3.221923828125,66.831
2024-07-17T05:11:39.375145,9,3.221923828125,66.831
2024-07-17T05:11:39.400256,9,3.221923828125,66.831
2024-07-17T05:11:39.425378,9,3.221923828125,66.831
2024-07-17T05:11:39.450496,9,3.221923828125,66.831
2024-07-17T05:11:39.475625,9,3.221923828125,66.831
2024-07-17T05:11:39.500737,9,3.221923828125,66.831
2024-07-17T05:11:39.525854,9,3.221923828125,66.831
2024-07-17T05:11:39.550965,9,3.221923828125,66.821
2024-07-17T05:11:39.576088,9,3.221923828125,66.821
2024-07-17T05:11:39.601259,9,3.221923828125,66.821
2024-07-17T05:11:39.626411,9,3.221923828125,66.821
2024-07-17T05:11:39.651534,9,3.221923828125,66.821
2024-07-17T05:11:39.676654,9,3.221923828125,66.821
2024-07-17T05:11:39.701766,9,3.221923828125,66.821
2024-07-17T05:11:39.726934,9,3.221923828125,66.821
2024-07-17T05:11:39.752051,9,3.221923828125,67.018
2024-07-17T05:11:39.777176,9,3.221923828125,67.018
2024-07-17T05:11:39.802344,9,3.221923828125,67.018
2024-07-17T05:11:39.827516,9,3.221923828125,67.018
2024-07-17T05:11:39.852627,9,3.221923828125,67.916
2024-07-17T05:11:39.877752,9,3.221923828125,67.916
2024-07-17T05:11:39.902860,9,3.221923828125,67.916
2024-07-17T05:11:39.928010,9,3.221923828125,67.916
2024-07-17T05:11:39.953198,9,3.221923828125,67.916
2024-07-17T05:11:39.978342,9,3.221923828125,67.016
2024-07-17T05:11:40.003461,9,3.221923828125,67.016
2024-07-17T05:11:40.028572,9,3.221923828125,67.016
2024-07-17T05:11:40.053719,9,3.221923828125,67.792
2024-07-17T05:11:40.078840,9,3.221923828125,67.792
2024-07-17T05:11:40.103987,9,3.221923828125,67.792
2024-07-17T05:11:40.129107,9,3.221923828125,67.792
2024-07-17T05:11:40.154226,9,3.221923828125,67.792
2024-07-17T05:11:40.179337,9,3.221923828125,67.115
2024-07-17T05:11:40.204449,9,3.221923828125,67.115
2024-07-17T05:11:40.229561,9,3.221923828125,67.115
2024-07-17T05:11:40.254694,9,3.221923828125,67.941
2024-07-17T05:11:40.279875,9,3.221923828125,67.941
2024-07-17T05:11:40.304995,9,3.221923828125,67.941
2024-07-17T05:11:40.330108,9,3.221923828125,67.941
2024-07-17T05:11:40.355230,9,3.221923828125,67.941
2024-07-17T05:11:40.380355,9,3.221923828125,67.315
2024-07-17T05:11:40.405467,9,3.221923828125,67.315
2024-07-17T05:11:40.430578,9,3.221923828125,67.315
2024-07-17T05:11:40.455754,9,3.221923828125,67.315
2024-07-17T05:11:40.480859,9,3.221923828125,68.084
2024-07-17T05:11:40.506022,9,3.221923828125,68.084
2024-07-17T05:11:40.531146,9,3.221923828125,68.084
2024-07-17T05:11:40.556275,9,3.221923828125,68.084
2024-07-17T05:11:40.581447,9,3.221923828125,67.374
2024-07-17T05:11:40.606571,9,3.221923828125,67.374
2024-07-17T05:11:40.631696,9,3.221923828125,67.374
2024-07-17T05:11:40.656818,9,3.221923828125,67.374
2024-07-17T05:11:40.681945,9,3.221923828125,67.374
2024-07-17T05:11:40.707065,9,3.221923828125,68.038
2024-07-17T05:11:40.732191,9,3.221923828125,68.038
2024-07-17T05:11:40.757301,9,3.221923828125,68.038
2024-07-17T05:11:40.782427,9,3.221923828125,67.483
2024-07-17T05:11:40.807579,9,3.221923828125,67.483
2024-07-17T05:11:40.832689,9,3.221923828125,67.483
2024-07-17T05:11:40.857802,9,3.221923828125,67.483
2024-07-17T05:11:40.882938,9,3.221923828125,68.207
2024-07-17T05:11:40.908066,9,3.221923828125,68.207
2024-07-17T05:11:40.933177,8,3.221923828125,68.207
2024-07-17T05:11:40.958325,8,3.221923828125,68.207
2024-07-17T05:11:40.983435,8,3.221923828125,68.207
2024-07-17T05:11:41.008547,8,3.221923828125,67.212
2024-07-17T05:11:41.033662,8,3.221923828125,67.212
2024-07-17T05:11:41.058776,8,3.221923828125,67.212
2024-07-17T05:11:41.083868,8,3.221923828125,66.831
2024-07-17T05:11:41.108979,8,3.221923828125,66.831
2024-07-17T05:11:41.134142,9,3.221923828125,66.831
2024-07-17T05:11:41.159279,9,3.221923828125,66.831
2024-07-17T05:11:41.184423,9,3.221923828125,66.831
2024-07-17T05:11:41.209546,9,3.221923828125,67.689
2024-07-17T05:11:41.234715,9,3.221923828125,67.689
2024-07-17T05:11:41.259889,9,3.221923828125,67.689
2024-07-17T05:11:41.285013,9,3.221923828125,67.016
2024-07-17T05:11:41.310143,9,3.221923828125,67.016
2024-07-17T05:11:41.335255,9,3.221923828125,67.016
2024-07-17T05:11:41.360404,9,3.221923828125,67.016
2024-07-17T05:11:41.385534,9,3.221923828125,67.016
2024-07-17T05:11:41.410645,9,3.221923828125,67.613
2024-07-17T05:11:41.435766,9,3.221923828125,67.613
2024-07-17T05:11:41.460860,9,3.221923828125,67.613
2024-07-17T05:11:41.486017,9,3.221923828125,67.613
2024-07-17T05:11:41.511128,9,3.221923828125,66.945
2024-07-17T05:11:41.536301,9,3.221923828125,66.945
2024-07-17T05:11:41.561425,9,3.221923828125,66.945
2024-07-17T05:11:41.586535,9,3.221923828125,66.945
2024-07-17T05:11:41.611723,9,3.221923828125,67.799
2024-07-17T05:11:41.636841,9,3.221923828125,67.799
2024-07-17T05:11:41.661970,9,3.221923828125,67.799
2024-07-17T05:11:41.687091,9,3.221923828125,67.799
2024-07-17T05:11:41.712239,9,3.221923828125,66.972
2024-07-17T05:11:41.737368,9,3.221923828125,66.972
2024-07-17T05:11:41.762530,9,3.221923828125,66.972
2024-07-17T05:11:41.787649,9,3.221923828125,66.972
2024-07-17T05:11:41.812785,9,3.221923828125,66.972
2024-07-17T05:11:41.837860,9,3.221923828125,67.774
2024-07-17T05:11:41.863001,9,3.221923828125,67.774
2024-07-17T05:11:41.888122,9,3.221923828125,67.774
2024-07-17T05:11:41.913247,9,3.221923828125,67.139
2024-07-17T05:11:41.938374,9,3.221923828125,67.139
2024-07-17T05:11:41.963536,9,3.221923828125,67.139
2024-07-17T05:11:41.988647,9,3.221923828125,67.139
2024-07-17T05:11:42.013784,9,3.221923828125,67.139
2024-07-17T05:11:42.038895,9,3.221923828125,67.638
2024-07-17T05:11:42.064049,9,3.221923828125,67.638
2024-07-17T05:11:42.089159,9,3.221923828125,67.638
2024-07-17T05:11:42.114271,9,3.221923828125,67.069
2024-07-17T05:11:42.139383,9,3.221923828125,67.069
2024-07-17T05:11:42.164509,9,3.221923828125,67.069
2024-07-17T05:11:42.189659,9,3.221923828125,67.069
2024-07-17T05:11:42.214807,9,3.221923828125,67.069
2024-07-17T05:11:42.239963,9,3.221923828125,67.799
2024-07-17T05:11:42.265107,9,3.221923828125,67.799
2024-07-17T05:11:42.290217,9,3.221923828125,67.799
2024-07-17T05:11:42.315329,9,3.221923828125,67.799
2024-07-17T05:11:42.340442,9,3.221923828125,67.458
2024-07-17T05:11:42.365566,9,3.221923828125,67.458
2024-07-17T05:11:42.390677,9,3.221923828125,67.458
2024-07-17T05:11:42.415799,9,3.221923828125,67.458
2024-07-17T05:11:42.440949,9,3.221923828125,67.859
2024-07-17T05:11:42.466103,9,3.221923828125,67.859
2024-07-17T05:11:42.491214,9,3.221923828125,67.859
2024-07-17T05:11:42.516326,9,3.221923828125,67.859
2024-07-17T05:11:42.541461,9,3.221923828125,67.567
2024-07-17T05:11:42.566573,9,3.221923828125,67.567
2024-07-17T05:11:42.591738,9,3.221923828125,67.567
2024-07-17T05:11:42.616863,9,3.221923828125,67.567
2024-07-17T05:11:42.641993,9,3.221923828125,67.941
2024-07-17T05:11:42.667114,9,3.221923828125,67.941
2024-07-17T05:11:42.692256,9,3.221923828125,67.941
2024-07-17T05:11:42.717366,9,3.221923828125,67.941
2024-07-17T05:11:42.742497,9,3.221923828125,67.413
2024-07-17T05:11:42.767640,9,3.221923828125,67.413
2024-07-17T05:11:42.792869,9,3.221923828125,67.413
2024-07-17T05:11:42.818032,9,3.221923828125,67.413
2024-07-17T05:11:42.843155,9,3.221923828125,67.413
2024-07-17T05:11:42.868265,9,3.221923828125,68.038
2024-07-17T05:11:42.893400,9,3.221923828125,68.038
2024-07-17T05:11:42.918523,9,3.221923828125,68.038
2024-07-17T05:11:42.943637,9,3.221923828125,67.774
2024-07-17T05:11:42.968767,9,3.221923828125,67.774
2024-07-17T05:11:42.993941,9,3.221923828125,67.774
2024-07-17T05:11:43.019061,9,3.221923828125,67.774
2024-07-17T05:11:43.044183,9,3.221923828125,67.774
2024-07-17T05:11:43.069375,9,3.221923828125,67.665
2024-07-17T05:11:43.094504,9,3.221923828125,67.665
2024-07-17T05:11:43.119629,9,3.221923828125,67.665
2024-07-17T05:11:43.144764,9,3.221923828125,67.665
2024-07-17T05:11:43.169870,9,3.221923828125,67.665
2024-07-17T05:11:43.194989,9,3.221923828125,67.665
2024-07-17T05:11:43.220128,9,3.221923828125,67.665
2024-07-17T05:11:43.245239,9,3.221923828125,67.665
2024-07-17T05:11:43.270364,9,3.221923828125,67.638
2024-07-17T05:11:43.295474,9,3.221923828125,67.638
2024-07-17T05:11:43.320605,9,3.221923828125,67.638
2024-07-17T05:11:43.345726,9,3.221923828125,67.638
2024-07-17T05:11:43.370881,9,3.221923828125,67.638
2024-07-17T05:11:43.395999,9,3.221923828125,67.638
2024-07-17T05:11:43.421126,9,3.221923828125,67.638
2024-07-17T05:11:43.446264,9,3.221923828125,67.638
2024-07-17T05:11:43.471387,9,3.221923828125,67.689
2024-07-17T05:11:43.496508,9,3.221923828125,67.689
2024-07-17T05:11:43.521707,9,3.221923828125,67.689
2024-07-17T05:11:43.546828,9,3.221923828125,67.689
2024-07-17T05:11:43.571984,9,3.221923828125,67.689
2024-07-17T05:11:43.597153,9,3.221923828125,67.689
2024-07-17T05:11:43.622341,9,3.221923828125,67.689
2024-07-17T05:11:43.647471,9,3.221923828125,67.689
2024-07-17T05:11:43.672655,9,3.221923828125,67.309
2024-07-17T05:11:43.697765,9,3.221923828125,67.309
2024-07-17T05:11:43.722860,9,3.221923828125,67.309
2024-07-17T05:11:43.747979,9,3.221923828125,67.309
2024-07-17T05:11:43.773116,9,3.221923828125,67.113
2024-07-17T05:11:43.798235,9,3.221923828125,67.113
2024-07-17T05:11:43.823371,9,3.221923828125,67.113
2024-07-17T05:11:43.848482,9,3.221923828125,67.113
2024-07-17T05:11:43.873593,9,3.221923828125,67.113
2024-07-17T05:11:43.898797,9,3.221923828125,67.689
2024-07-17T05:11:43.923859,9,3.221923828125,67.689
2024-07-17T05:11:43.948986,9,3.221923828125,67.689
2024-07-17T05:11:43.974107,9,3.221923828125,67.139
2024-07-17T05:11:43.999224,9,3.221923828125,67.139
2024-07-17T05:11:44.024336,9,3.221923828125,67.139
2024-07-17T05:11:44.049451,9,3.221923828125,67.139
2024-07-17T05:11:44.074590,9,3.221923828125,67.139
2024-07-17T05:11:44.099775,9,3.221923828125,67.96
2024-07-17T05:11:44.124871,9,3.221923828125,67.96
2024-07-17T05:11:44.149991,9,3.221923828125,67.96
2024-07-17T05:11:44.175128,9,3.221923828125,67.281
2024-07-17T05:11:44.200322,9,3.221923828125,67.281
2024-07-17T05:11:44.225460,9,3.221923828125,67.281
2024-07-17T05:11:44.250569,9,3.221923828125,67.281
2024-07-17T05:11:44.275680,9,3.221923828125,67.281
2024-07-17T05:11:44.300831,9,3.221923828125,67.818
2024-07-17T05:11:44.325994,9,3.221923828125,67.818
2024-07-17T05:11:44.351144,9,3.221923828125,67.818
2024-07-17T05:11:44.376293,9,3.221923828125,67.45
2024-07-17T05:11:44.401452,9,3.221923828125,67.45
2024-07-17T05:11:44.426607,9,3.221923828125,67.45
2024-07-17T05:11:44.451726,9,3.221923828125,67.45
2024-07-17T05:11:44.476896,9,3.221923828125,67.45
2024-07-17T05:11:44.502015,9,3.221923828125,67.941
2024-07-17T05:11:44.527155,9,3.221923828125,67.941
2024-07-17T05:11:44.552303,9,3.221923828125,67.941
2024-07-17T05:11:44.577431,9,3.221923828125,67.941
2024-07-17T05:11:44.602575,9,3.221923828125,67.385
2024-07-17T05:11:44.627708,9,3.221923828125,67.385
2024-07-17T05:11:44.652848,9,3.221923828125,67.385
2024-07-17T05:11:44.677958,9,3.221923828125,67.385
2024-07-17T05:11:44.703070,9,3.221923828125,67.502
2024-07-17T05:11:44.728231,9,3.221923828125,67.502
2024-07-17T05:11:44.753351,9,3.221923828125,67.502
2024-07-17T05:11:44.778515,9,3.221923828125,67.502
2024-07-17T05:11:44.803626,9,3.221923828125,67.548
2024-07-17T05:11:44.828749,8,3.221923828125,67.548
2024-07-17T05:11:44.853878,8,3.221923828125,67.548
2024-07-17T05:11:44.878997,8,3.221923828125,67.548
2024-07-17T05:11:44.904114,8,3.221923828125,67.548
2024-07-17T05:11:44.929306,8,3.221923828125,66.947
2024-07-17T05:11:44.954455,8,3.221923828125,66.947
2024-07-17T05:11:44.979613,8,3.221923828125,66.947
2024-07-17T05:11:45.004734,8,3.221923828125,67.586
2024-07-17T05:11:45.029859,8,3.221923828125,67.586
2024-07-17T05:11:45.054995,9,3.221923828125,67.586
2024-07-17T05:11:45.080106,9,3.221923828125,67.586
2024-07-17T05:11:45.105244,9,3.221923828125,67.586
2024-07-17T05:11:45.130367,9,3.221923828125,66.997
2024-07-17T05:11:45.155478,9,3.221923828125,66.997
2024-07-17T05:11:45.180591,9,3.221923828125,66.997
2024-07-17T05:11:45.205738,9,3.221923828125,67.792
2024-07-17T05:11:45.230854,9,3.221923828125,67.792
2024-07-17T05:11:45.255979,9,3.221923828125,67.792
2024-07-17T05:11:45.281152,9,3.221923828125,67.792
2024-07-17T05:11:45.306284,9,3.221923828125,67.792
2024-07-17T05:11:45.331394,9,3.221923828125,66.824
2024-07-17T05:11:45.356514,9,3.221923828125,66.824
2024-07-17T05:11:45.381702,9,3.221923828125,66.824
2024-07-17T05:11:45.406813,9,3.221923828125,66.824
2024-07-17T05:11:45.431928,9,3.221923828125,67.832
2024-07-17T05:11:45.457054,9,3.221923828125,67.832
2024-07-17T05:11:45.482218,9,3.221923828125,67.832
2024-07-17T05:11:45.507381,9,3.221923828125,67.832
2024-07-17T05:11:45.532535,9,3.221923828125,67.016
2024-07-17T05:11:45.557657,9,3.221923828125,67.016
2024-07-17T05:11:45.582768,9,3.221923828125,67.016
2024-07-17T05:11:45.607860,9,3.221923828125,67.016
2024-07-17T05:11:45.633024,9,3.221923828125,67.016
2024-07-17T05:11:45.658145,9,3.221923828125,67.78
2024-07-17T05:11:45.683312,9,3.221923828125,67.78
2024-07-17T05:11:45.708422,9,3.221923828125,67.78
2024-07-17T05:11:45.733532,9,3.221923828125,67.115
2024-07-17T05:11:45.758654,9,3.221923828125,67.115
2024-07-17T05:11:45.783766,9,3.221923828125,67.115
2024-07-17T05:11:45.808947,9,3.221923828125,67.115
2024-07-17T05:11:45.834068,9,3.221923828125,67.747
2024-07-17T05:11:45.859214,9,3.221923828125,67.747
2024-07-17T05:11:45.884359,9,3.221923828125,67.747
2024-07-17T05:11:45.909481,9,3.221923828125,67.747
2024-07-17T05:11:45.934592,9,3.221923828125,67.747
2024-07-17T05:11:45.959714,9,3.221923828125,67.21
2024-07-17T05:11:45.984868,9,3.221923828125,67.21
2024-07-17T05:11:46.010022,9,3.221923828125,67.21
2024-07-17T05:11:46.035140,9,3.221923828125,67.806
2024-07-17T05:11:46.060252,9,3.221923828125,67.806
2024-07-17T05:11:46.085388,9,3.221923828125,67.806
2024-07-17T05:11:46.110510,9,3.221923828125,67.806
2024-07-17T05:11:46.135653,9,3.221923828125,67.806
2024-07-17T05:11:46.160764,9,3.221923828125,67.406
2024-07-17T05:11:46.185868,9,3.221923828125,67.406
2024-07-17T05:11:46.211064,9,3.221923828125,67.406
2024-07-17T05:11:46.236175,9,3.221923828125,67.747
2024-07-17T05:11:46.261297,9,3.221923828125,67.747
2024-07-17T05:11:46.286407,9,3.221923828125,67.747
2024-07-17T05:11:46.311561,9,3.221923828125,67.747
2024-07-17T05:11:46.336683,9,3.221923828125,67.747
2024-07-17T05:11:46.361813,9,3.221923828125,67.288
2024-07-17T05:11:46.386948,9,3.221923828125,67.288
2024-07-17T05:11:46.412058,9,3.221923828125,67.288
2024-07-17T05:11:46.437221,9,3.221923828125,67.288
2024-07-17T05:11:46.462365,9,3.221923828125,68.207
2024-07-17T05:11:46.487481,8,3.221923828125,68.207
2024-07-17T05:11:46.512642,8,3.221923828125,68.207
2024-07-17T05:11:46.537797,8,3.221923828125,68.207
2024-07-17T05:11:46.562925,8,3.221923828125,68.207
2024-07-17T05:11:46.588067,8,3.221923828125,67.229
2024-07-17T05:11:46.613220,8,3.221923828125,67.229
2024-07-17T05:11:46.638367,8,3.221923828125,67.229
2024-07-17T05:11:46.663555,8,3.221923828125,67.229
2024-07-17T05:11:46.688677,8,3.221923828125,67.36
2024-07-17T05:11:46.713789,8,3.221923828125,67.36
2024-07-17T05:11:46.738866,8,3.221923828125,67.36
2024-07-17T05:11:46.763990,8,3.221923828125,67.709
2024-07-17T05:11:46.789146,8,3.221923828125,67.709
2024-07-17T05:11:46.814267,8,3.221923828125,67.709
2024-07-17T05:11:46.839395,8,3.221923828125,67.709
2024-07-17T05:11:46.864526,8,3.221923828125,67.016
2024-07-17T05:11:46.889644,8,3.221923828125,67.016
2024-07-17T05:11:46.914756,9,3.221923828125,67.016
2024-07-17T05:11:46.939859,9,3.221923828125,67.016
2024-07-17T05:11:46.964970,9,3.221923828125,67.016
2024-07-17T05:11:46.990097,9,3.221923828125,66.945
2024-07-17T05:11:47.015250,9,3.221923828125,66.945
2024-07-17T05:11:47.040423,9,3.221923828125,66.945
2024-07-17T05:11:47.065534,9,3.221923828125,66.945
2024-07-17T05:11:47.090656,9,3.221923828125,66.945
2024-07-17T05:11:47.115779,9,3.221923828125,66.945
2024-07-17T05:11:47.140870,9,3.221923828125,66.945
2024-07-17T05:11:47.165983,9,3.221923828125,66.945
2024-07-17T05:11:47.191102,9,3.221923828125,67.033
2024-07-17T05:11:47.216237,9,3.221923828125,67.033
2024-07-17T05:11:47.241362,9,3.221923828125,67.033
2024-07-17T05:11:47.266473,9,3.221923828125,67.033
2024-07-17T05:11:47.291584,9,3.221923828125,67.033
2024-07-17T05:11:47.316707,9,3.221923828125,67.033
2024-07-17T05:11:47.341824,9,3.221923828125,67.033
2024-07-17T05:11:47.366938,9,3.221923828125,67.033
2024-07-17T05:11:47.392082,9,3.221923828125,67.132
2024-07-17T05:11:47.417213,9,3.221923828125,67.132
2024-07-17T05:11:47.442393,9,3.221923828125,67.132
2024-07-17T05:11:47.467548,9,3.221923828125,67.132
2024-07-17T05:11:47.492685,9,3.221923828125,67.132
2024-07-17T05:11:47.517796,9,3.221923828125,67.132
2024-07-17T05:11:47.542859,9,3.221923828125,67.132
2024-07-17T05:11:47.567988,9,3.221923828125,67.132
2024-07-17T05:11:47.593136,9,3.221923828125,67.033
2024-07-17T05:11:47.618253,9,3.221923828125,67.033
2024-07-17T05:11:47.643365,9,3.221923828125,67.033
2024-07-17T05:11:47.668490,9,3.221923828125,67.033
2024-07-17T05:11:47.693603,9,3.221923828125,67.934
2024-07-17T05:11:47.718723,9,3.221923828125,67.934
2024-07-17T05:11:47.743850,9,3.221923828125,67.934
2024-07-17T05:11:47.769001,9,3.221923828125,67.934
2024-07-17T05:11:47.794110,9,3.221923828125,67.934
2024-07-17T05:11:47.819230,9,3.221923828125,67.236
2024-07-17T05:11:47.844365,9,3.221923828125,67.236
2024-07-17T05:11:47.869476,9,3.221923828125,67.236
2024-07-17T05:11:47.894589,9,3.221923828125,67.766
2024-07-17T05:11:47.919726,9,3.221923828125,67.766
2024-07-17T05:11:47.944902,9,3.221923828125,67.766
2024-07-17T05:11:47.970010,9,3.221923828125,67.766
2024-07-17T05:11:47.995165,9,3.221923828125,67.766
2024-07-17T05:11:48.020320,9,3.221923828125,67.263
2024-07-17T05:11:48.045532,9,3.221923828125,67.263
2024-07-17T05:11:48.070643,9,3.221923828125,67.263
2024-07-17T05:11:48.095756,9,3.221923828125,67.896
2024-07-17T05:11:48.120859,9,3.221923828125,67.896
2024-07-17T05:11:48.145981,9,3.221923828125,67.896
2024-07-17T05:11:48.171139,9,3.221923828125,67.896
2024-07-17T05:11:48.196250,9,3.221923828125,67.896
2024-07-17T05:11:48.221389,9,3.221923828125,67.475
2024-07-17T05:11:48.246507,9,3.221923828125,67.475
2024-07-17T05:11:48.271673,9,3.221923828125,67.475
2024-07-17T05:11:48.296835,9,3.221923828125,67.475
2024-07-17T05:11:48.321962,9,3.221923828125,68.181
2024-07-17T05:11:48.347089,9,3.221923828125,68.181
2024-07-17T05:11:48.372248,9,3.221923828125,68.181
2024-07-17T05:11:48.397388,9,3.221923828125,68.181
2024-07-17T05:11:48.422499,9,3.221923828125,67.657
2024-07-17T05:11:48.447633,9,3.221923828125,67.657
2024-07-17T05:11:48.472760,9,3.221923828125,67.657
2024-07-17T05:11:48.497860,9,3.221923828125,67.657
2024-07-17T05:11:48.522980,9,3.221923828125,66.964
2024-07-17T05:11:48.548091,8,3.221923828125,66.964
2024-07-17T05:11:48.573236,8,3.221923828125,66.964
2024-07-17T05:11:48.598375,8,3.221923828125,66.964
2024-07-17T05:11:48.623517,8,3.221923828125,67.431
2024-07-17T05:11:48.648638,8,3.221923828125,67.431
2024-07-17T05:11:48.673769,8,3.221923828125,67.431
2024-07-17T05:11:48.698873,8,3.221923828125,67.431
2024-07-17T05:11:48.724005,8,3.221923828125,66.964
2024-07-17T05:11:48.749173,8,3.221923828125,66.964
2024-07-17T05:11:48.774295,9,3.221923828125,66.964
2024-07-17T05:11:48.799451,9,3.221923828125,66.964
2024-07-17T05:11:48.824610,9,3.221923828125,66.964
2024-07-17T05:11:48.849770,9,3.221923828125,67.592
2024-07-17T05:11:48.874867,9,3.221923828125,67.592
2024-07-17T05:11:48.899990,9,3.221923828125,67.592
2024-07-17T05:11:48.925109,9,3.221923828125,66.997
2024-07-17T05:11:48.950231,9,3.221923828125,66.997
2024-07-17T05:11:48.975391,9,3.221923828125,66.997
2024-07-17T05:11:49.000561,9,3.221923828125,66.997
2024-07-17T05:11:49.025687,9,3.221923828125,66.997
2024-07-17T05:11:49.050800,9,3.221923828125,67.889
2024-07-17T05:11:49.075941,9,3.221923828125,67.889
2024-07-17T05:11:49.101114,9,3.221923828125,67.889
2024-07-17T05:11:49.126299,9,3.221923828125,67.042
2024-07-17T05:11:49.151450,9,3.221923828125,67.042
2024-07-17T05:11:49.176607,9,3.221923828125,67.042
2024-07-17T05:11:49.201763,9,3.221923828125,67.042
2024-07-17T05:11:49.226861,9,3.221923828125,67.042
2024-07-17T05:11:49.252030,9,3.221923828125,67.747
2024-07-17T05:11:49.277141,9,3.221923828125,67.747
2024-07-17T05:11:49.302263,9,3.221923828125,67.747
2024-07-17T05:11:49.327373,9,3.221923828125,67.747
2024-07-17T05:11:49.352483,9,3.221923828125,67.042
2024-07-17T05:11:49.377668,9,3.221923828125,67.042
2024-07-17T05:11:49.402828,9,3.221923828125,67.042
2024-07-17T05:11:49.427940,9,3.221923828125,67.042
2024-07-17T05:11:49.453062,9,3.221923828125,67.042
2024-07-17T05:11:49.478204,9,3.221923828125,67.835
2024-07-17T05:11:49.503325,9,3.221923828125,67.835
2024-07-17T05:11:49.528484,9,3.221923828125,67.835
2024-07-17T05:11:49.553605,9,3.221923828125,67.184
2024-07-17T05:11:49.578737,9,3.221923828125,67.184
2024-07-17T05:11:49.603869,9,3.221923828125,67.184
2024-07-17T05:11:49.628989,9,3.221923828125,67.184
2024-07-17T05:11:49.654126,9,3.221923828125,67.586
2024-07-17T05:11:49.679245,9,3.221923828125,67.586
2024-07-17T05:11:49.704369,9,3.221923828125,67.586
2024-07-17T05:11:49.729505,9,3.221923828125,67.586
2024-07-17T05:11:49.754698,9,3.221923828125,67.139
2024-07-17T05:11:49.779809,9,3.221923828125,67.139
2024-07-17T05:11:49.804962,9,3.221923828125,67.139
2024-07-17T05:11:49.830098,9,3.221923828125,67.139
2024-07-17T05:11:49.855209,9,3.221923828125,67.139
2024-07-17T05:11:49.880342,9,3.221923828125,67.923
2024-07-17T05:11:49.905452,9,3.221923828125,67.923
2024-07-17T05:11:49.930615,9,3.221923828125,67.923
2024-07-17T05:11:49.955726,9,3.221923828125,67.45
2024-07-17T05:11:49.980857,9,3.221923828125,67.45
2024-07-17T05:11:50.006090,9,3.221923828125,67.45
2024-07-17T05:11:50.031200,9,3.221923828125,67.45
2024-07-17T05:11:50.056343,9,3.221923828125,67.45
2024-07-17T05:11:50.081470,9,3.221923828125,67.897
2024-07-17T05:11:50.106615,9,3.221923828125,67.897
2024-07-17T05:11:50.131737,9,3.221923828125,67.897
2024-07-17T05:11:50.156935,9,3.221923828125,67.54
2024-07-17T05:11:50.182079,9,3.221923828125,67.54
2024-07-17T05:11:50.207242,9,3.221923828125,67.54
2024-07-17T05:11:50.232389,9,3.221923828125,67.54
2024-07-17T05:11:50.257508,9,3.221923828125,67.54
2024-07-17T05:11:50.282674,9,3.221923828125,68.02
2024-07-17T05:11:50.307785,9,3.221923828125,68.02
2024-07-17T05:11:50.332912,9,3.221923828125,68.02
2024-07-17T05:11:50.358065,9,3.221923828125,68.02
2024-07-17T05:11:50.383184,9,3.221923828125,67.646
2024-07-17T05:11:50.408337,9,3.221923828125,67.646
2024-07-17T05:11:50.433486,9,3.221923828125,67.646
2024-07-17T05:11:50.458651,9,3.221923828125,67.646
2024-07-17T05:11:50.483762,9,3.221923828125,67.646
2024-07-17T05:11:50.508899,9,3.221923828125,66.921
2024-07-17T05:11:50.534054,9,3.221923828125,66.921
2024-07-17T05:11:50.559189,9,3.221923828125,66.921
2024-07-17T05:11:50.584382,9,3.221923828125,67.754
2024-07-17T05:11:50.609493,9,3.221923828125,67.754
2024-07-17T05:11:50.634623,9,3.221923828125,67.754
2024-07-17T05:11:50.659745,9,3.221923828125,67.754
2024-07-17T05:11:50.684867,9,3.221923828125,67.023
2024-07-17T05:11:50.710049,9,3.221923828125,67.023
2024-07-17T05:11:50.735214,9,3.221923828125,67.023
2024-07-17T05:11:50.760346,9,3.221923828125,67.023
2024-07-17T05:11:50.785524,9,3.221923828125,67.683
2024-07-17T05:11:50.810635,9,3.221923828125,67.683
2024-07-17T05:11:50.835746,9,3.221923828125,67.683
2024-07-17T05:11:50.860870,9,3.221923828125,67.683
2024-07-17T05:11:50.885991,9,3.221923828125,67.683
2024-07-17T05:11:50.983270,9,3.221923828125,66.156
2024-07-17T05:11:51.008450,9,3.221923828125,66.156
2024-07-17T05:11:51.033594,8,3.221923828125,66.156
2024-07-17T05:11:51.058731,8,3.221923828125,66.156
2024-07-17T05:11:51.083904,8,3.221923828125,66.156
2024-07-17T05:11:51.109037,8,3.221923828125,66.68
2024-07-17T05:11:51.134181,8,3.221923828125,66.68
2024-07-17T05:11:51.159292,8,3.221923828125,66.68
2024-07-17T05:11:51.184439,8,3.221923828125,66.68
2024-07-17T05:11:51.209550,8,3.221923828125,66.68
2024-07-17T05:11:51.234663,5,3.221923828125,66.68
2024-07-17T05:11:51.259775,5,3.221923828125,66.68
2024-07-17T05:11:51.284873,5,3.221923828125,66.68
2024-07-17T05:11:51.309992,5,3.221923828125,66.68
2024-07-17T05:11:51.335104,5,3.221923828125,66.751
2024-07-17T05:11:51.360231,5,3.221923828125,66.751
2024-07-17T05:11:51.385353,5,3.221923828125,66.751
2024-07-17T05:11:51.410463,5,3.221923828125,66.751
2024-07-17T05:11:51.435611,8,3.221923828125,66.751
2024-07-17T05:11:51.460755,8,3.221923828125,66.751
2024-07-17T05:11:51.485859,8,3.221923828125,66.751
2024-07-17T05:11:51.510970,8,3.221923828125,66.751
2024-07-17T05:11:51.536082,8,3.221923828125,66.796
2024-07-17T05:11:51.561202,8,3.221923828125,66.796
2024-07-17T05:11:51.586423,8,3.221923828125,66.796
2024-07-17T05:11:51.611584,8,3.221923828125,66.796
2024-07-17T05:11:51.636784,9,3.221923828125,67.515
2024-07-17T05:11:51.661860,9,3.221923828125,67.515
2024-07-17T05:11:51.686997,9,3.221923828125,67.515
2024-07-17T05:11:51.712198,9,3.221923828125,66.945
2024-07-17T05:11:51.737322,9,3.221923828125,66.945
2024-07-17T05:11:51.762449,9,3.221923828125,66.945
2024-07-17T05:11:51.787584,9,3.221923828125,66.945
2024-07-17T05:11:51.812709,9,3.221923828125,67.502
2024-07-17T05:11:51.837819,9,3.221923828125,67.502
2024-07-17T05:11:51.862945,9,3.221923828125,67.502
2024-07-17T05:11:51.888068,9,3.221923828125,67.502
2024-07-17T05:11:51.913215,9,3.221923828125,67.502
2024-07-17T05:11:51.938352,9,3.221923828125,67.301
2024-07-17T05:11:51.963476,9,3.221923828125,67.301
2024-07-17T05:11:51.988677,9,3.221923828125,67.301
2024-07-17T05:11:52.013789,9,3.221923828125,67.301
2024-07-17T05:11:52.038880,9,3.221923828125,67.69
2024-07-17T05:11:52.064002,9,3.221923828125,67.69
2024-07-17T05:11:52.089123,9,3.221923828125,67.69
2024-07-17T05:11:52.114276,9,3.221923828125,67.69
2024-07-17T05:11:52.139410,9,3.221923828125,67.229
2024-07-17T05:11:52.164532,9,3.221923828125,67.229
2024-07-17T05:11:52.189655,9,3.221923828125,67.229
2024-07-17T05:11:52.214768,9,3.221923828125,67.229
2024-07-17T05:11:52.239919,9,3.221923828125,67.599
2024-07-17T05:11:52.265062,9,3.221923828125,67.599
2024-07-17T05:11:52.290172,9,3.221923828125,67.599
2024-07-17T05:11:52.315320,9,3.221923828125,67.599
2024-07-17T05:11:52.340487,9,3.221923828125,67.599
2024-07-17T05:11:52.365678,9,3.221923828125,67.281
2024-07-17T05:11:52.390832,9,3.221923828125,67.281
2024-07-17T05:11:52.415957,9,3.221923828125,67.281
2024-07-17T05:11:52.441081,9,3.221923828125,66.824
2024-07-17T05:11:52.466192,9,3.221923828125,66.824
2024-07-17T05:11:52.491312,9,3.221923828125,66.824
2024-07-17T05:11:52.516500,9,3.221923828125,66.824
2024-07-17T05:11:52.541644,9,3.221923828125,66.824
2024-07-17T05:11:52.566767,9,3.221923828125,67.236
2024-07-17T05:11:52.591890,9,3.221923828125,67.236
2024-07-17T05:11:52.617083,9,3.221923828125,67.236
2024-07-17T05:11:52.642211,9,3.221923828125,66.821
2024-07-17T05:11:52.667329,9,3.221923828125,66.821
2024-07-17T05:11:52.692477,9,3.221923828125,66.821
2024-07-17T05:11:52.717642,9,3.221923828125,66.821
2024-07-17T05:11:52.742766,9,3.221923828125,66.821
2024-07-17T05:11:52.767882,9,3.221923828125,67.592
2024-07-17T05:11:52.793000,9,3.221923828125,67.592
2024-07-17T05:11:52.818112,9,3.221923828125,67.592
2024-07-17T05:11:52.843252,9,3.221923828125,66.701
2024-07-17T05:11:52.868429,9,3.221923828125,66.701
2024-07-17T05:11:52.893588,9,3.221923828125,66.701
2024-07-17T05:11:52.918700,9,3.221923828125,66.701
2024-07-17T05:11:52.943894,9,3.221923828125,66.701
2024-07-17T05:11:52.969005,9,3.221923828125,67.333
2024-07-17T05:11:52.994156,9,3.221923828125,67.333
2024-07-17T05:11:53.019278,9,3.221923828125,67.333
2024-07-17T05:11:53.044456,9,3.221923828125,67.333
2024-07-17T05:11:53.069578,9,3.221923828125,66.723
2024-07-17T05:11:53.094689,9,3.221923828125,66.723
2024-07-17T05:11:53.119810,9,3.221923828125,66.723
2024-07-17T05:11:53.144935,9,3.221923828125,66.723
2024-07-17T05:11:53.170118,9,3.221923828125,66.723
2024-07-17T05:11:53.195229,9,3.221923828125,67.483
2024-07-17T05:11:53.220352,9,3.221923828125,67.483
2024-07-17T05:11:53.245471,9,3.221923828125,67.483
2024-07-17T05:11:53.270581,9,3.221923828125,66.63
2024-07-17T05:11:53.295693,9,3.221923828125,66.63
2024-07-17T05:11:53.320804,9,3.221923828125,66.63
2024-07-17T05:11:53.346010,9,3.221923828125,66.63
2024-07-17T05:11:53.371147,9,3.221923828125,66.63
2024-07-17T05:11:53.396274,9,3.221923828125,67.54
2024-07-17T05:11:53.421433,9,3.221923828125,67.54
2024-07-17T05:11:53.446568,9,3.221923828125,67.54
2024-07-17T05:11:53.471691,9,3.221923828125,66.724
2024-07-17T05:11:53.496804,9,3.221923828125,66.724
2024-07-17T05:11:53.521926,9,3.221923828125,66.724
2024-07-17T05:11:53.547056,9,3.221923828125,66.724
2024-07-17T05:11:53.572228,9,3.221923828125,66.724
2024-07-17T05:11:53.597348,9,3.221923828125,67.611
2024-07-17T05:11:53.622547,9,3.221923828125,67.611
2024-07-17T05:11:53.647688,9,3.221923828125,67.611
2024-07-17T05:11:53.672814,9,3.221923828125,67.611
2024-07-17T05:11:53.697934,9,3.221923828125,67.122
2024-07-17T05:11:53.723063,9,3.221923828125,67.122
2024-07-17T05:11:53.748174,9,3.221923828125,67.122
2024-07-17T05:11:53.773305,9,3.221923828125,67.65
2024-07-17T05:11:53.798447,9,3.221923828125,67.65
2024-07-17T05:11:53.823557,9,3.221923828125,67.65
2024-07-17T05:11:53.848670,9,3.221923828125,67.65
2024-07-17T05:11:53.873807,9,3.221923828125,67.65
2024-07-17T05:11:53.898935,9,3.221923828125,67.042
2024-07-17T05:11:53.924054,9,3.221923828125,67.042
2024-07-17T05:11:53.949202,9,3.221923828125,67.042
2024-07-17T05:11:53.974345,9,3.221923828125,67.042
2024-07-17T05:11:53.999472,9,3.221923828125,67.665
2024-07-17T05:11:54.024606,9,3.221923828125,67.665
2024-07-17T05:11:54.049730,9,3.221923828125,67.665
2024-07-17T05:11:54.074856,9,3.221923828125,67.665
2024-07-17T05:11:54.099986,9,3.221923828125,67.191
2024-07-17T05:11:54.125108,9,3.221923828125,67.191
2024-07-17T05:11:54.150259,9,3.221923828125,67.191
2024-07-17T05:11:54.175412,9,3.221923828125,67.191
2024-07-17T05:11:54.200535,9,3.221923828125,67.191
2024-07-17T05:11:54.225663,9,3.221923828125,67.889
2024-07-17T05:11:54.250775,9,3.221923828125,67.889
2024-07-17T05:11:54.275869,9,3.221923828125,67.889
2024-07-17T05:11:54.301010,9,3.221923828125,67.458
2024-07-17T05:11:54.326155,8,3.221923828125,67.458
2024-07-17T05:11:54.351266,8,3.221923828125,67.458
2024-07-17T05:11:54.376386,8,3.221923828125,67.458
2024-07-17T05:11:54.401505,8,3.221923828125,67.458
2024-07-17T05:11:54.426627,8,3.221923828125,66.964
2024-07-17T05:11:54.451774,8,3.221923828125,66.964
2024-07-17T05:11:54.476881,8,3.221923828125,66.964
2024-07-17T05:11:54.502037,8,3.221923828125,67.548
2024-07-17T05:11:54.527160,8,3.221923828125,67.548
2024-07-17T05:11:54.552336,9,3.221923828125,67.548
2024-07-17T05:11:54.577469,9,3.221923828125,67.548
2024-07-17T05:11:54.602598,9,3.221923828125,66.751
2024-07-17T05:11:54.627747,9,3.221923828125,66.751
2024-07-17T05:11:54.652900,9,3.221923828125,66.751
2024-07-17T05:11:54.678018,9,3.221923828125,66.751
2024-07-17T05:11:54.703150,9,3.221923828125,67.431
2024-07-17T05:11:54.728416,9,3.221923828125,67.431
2024-07-17T05:11:54.753543,9,3.221923828125,67.431
2024-07-17T05:11:54.778664,9,3.221923828125,67.431
2024-07-17T05:11:54.803831,9,3.221923828125,67.431
2024-07-17T05:11:54.829011,9,3.221923828125,67.405
2024-07-17T05:11:54.854135,9,3.221923828125,67.405
2024-07-17T05:11:54.879254,9,3.221923828125,67.405
2024-07-17T05:11:54.904387,9,3.221923828125,67.405
2024-07-17T05:11:54.929509,9,3.221923828125,67.405
2024-07-17T05:11:54.954681,8,3.221923828125,67.405
2024-07-17T05:11:54.979830,8,3.221923828125,67.405
2024-07-17T05:11:55.005004,8,3.221923828125,67.405
2024-07-17T05:11:55.030156,8,3.221923828125,67.431
2024-07-17T05:11:55.055288,8,3.221923828125,67.431
2024-07-17T05:11:55.080410,8,3.221923828125,67.431
2024-07-17T05:11:55.105602,8,3.221923828125,67.431
2024-07-17T05:11:55.130724,8,3.221923828125,67.431
2024-07-17T05:11:55.155837,9,3.221923828125,67.431
2024-07-17T05:11:55.180960,9,3.221923828125,67.431
2024-07-17T05:11:55.206088,9,3.221923828125,67.431
2024-07-17T05:11:55.231220,9,3.221923828125,67.431
2024-07-17T05:11:55.256346,9,3.221923828125,67.559
2024-07-17T05:11:55.281465,9,3.221923828125,67.559
2024-07-17T05:11:55.306587,9,3.221923828125,67.559
2024-07-17T05:11:55.331709,9,3.221923828125,66.867
2024-07-17T05:11:55.356831,9,3.221923828125,66.867
2024-07-17T05:11:55.381944,9,3.221923828125,66.867
2024-07-17T05:11:55.407077,9,3.221923828125,66.867
2024-07-17T05:11:55.432214,9,3.221923828125,66.867
2024-07-17T05:11:55.457325,9,3.221923828125,67.458
2024-07-17T05:11:55.482437,9,3.221923828125,67.458
2024-07-17T05:11:55.507573,9,3.221923828125,67.458
2024-07-17T05:11:55.532706,9,3.221923828125,66.867
2024-07-17T05:11:55.557871,9,3.221923828125,66.867
2024-07-17T05:11:55.582994,9,3.221923828125,66.867
2024-07-17T05:11:55.608112,9,3.221923828125,66.867
2024-07-17T05:11:55.633263,9,3.221923828125,67.527
2024-07-17T05:11:55.658443,9,3.221923828125,67.527
2024-07-17T05:11:55.683554,9,3.221923828125,67.527
2024-07-17T05:11:55.708703,9,3.221923828125,67.527
2024-07-17T05:11:55.733856,9,3.221923828125,67.087
2024-07-17T05:11:55.758965,9,3.221923828125,67.087
2024-07-17T05:11:55.784110,9,3.221923828125,67.087
2024-07-17T05:11:55.809229,9,3.221923828125,67.087
2024-07-17T05:11:55.834352,9,3.221923828125,67.087
2024-07-17T05:11:55.859527,9,3.221923828125,67.586
2024-07-17T05:11:55.884700,9,3.221923828125,67.586
2024-07-17T05:11:55.909820,9,3.221923828125,67.586
2024-07-17T05:11:55.934971,9,3.221923828125,67.586
2024-07-17T05:11:55.960150,9,3.221923828125,67.042
2024-07-17T05:11:55.985292,9,3.221923828125,67.042
2024-07-17T05:11:56.010412,9,3.221923828125,67.042
2024-07-17T05:11:56.035577,9,3.221923828125,67.042
2024-07-17T05:11:56.060696,9,3.221923828125,67.916
2024-07-17T05:11:56.085825,9,3.221923828125,67.916
2024-07-17T05:11:56.110938,9,3.221923828125,67.916
2024-07-17T05:11:56.136062,9,3.221923828125,67.916
2024-07-17T05:11:56.161184,9,3.221923828125,67.288
2024-07-17T05:11:56.186296,9,3.221923828125,67.288
2024-07-17T05:11:56.211424,9,3.221923828125,67.288
2024-07-17T05:11:56.236555,9,3.221923828125,67.288
2024-07-17T05:11:56.261677,9,3.221923828125,67.288
2024-07-17T05:11:56.286843,9,3.221923828125,66.992
2024-07-17T05:11:56.311982,9,3.221923828125,66.992
2024-07-17T05:11:56.337134,9,3.221923828125,66.992
2024-07-17T05:11:56.362257,9,3.221923828125,67.236
2024-07-17T05:11:56.387383,9,3.221923828125,67.236
2024-07-17T05:11:56.412493,9,3.221923828125,67.236
2024-07-17T05:11:56.437620,9,3.221923828125,67.236
2024-07-17T05:11:56.462739,9,3.221923828125,67.236
2024-07-17T05:11:56.487872,9,3.221923828125,66.748
2024-07-17T05:11:56.512989,9,3.221923828125,66.748
2024-07-17T05:11:56.538101,9,3.221923828125,66.748
2024-07-17T05:11:56.563222,9,3.221923828125,67.308
2024-07-17T05:11:56.588394,9,3.221923828125,67.308
2024-07-17T05:11:56.613514,9,3.221923828125,67.308
2024-07-17T05:11:56.638625,9,3.221923828125,67.308
2024-07-17T05:11:56.663747,9,3.221923828125,67.308
2024-07-17T05:11:56.688860,9,3.221923828125,66.701
2024-07-17T05:11:56.714030,9,3.221923828125,66.701
2024-07-17T05:11:56.739174,9,3.221923828125,66.701
2024-07-17T05:11:56.764284,9,3.221923828125,67.559
2024-07-17T05:11:56.789407,9,3.221923828125,67.559
2024-07-17T05:11:56.814530,9,3.221923828125,67.559
2024-07-17T05:11:56.839669,9,3.221923828125,67.559
2024-07-17T05:11:56.864848,9,3.221923828125,67.559
2024-07-17T05:11:56.889969,9,3.221923828125,66.839
2024-07-17T05:11:56.915080,9,3.221923828125,66.839
2024-07-17T05:11:56.940241,9,3.221923828125,66.839
2024-07-17T05:11:56.965393,9,3.221923828125,66.839
2024-07-17T05:11:56.990516,9,3.221923828125,67.405
2024-07-17T05:11:57.015629,9,3.221923828125,67.405
2024-07-17T05:11:57.040742,9,3.221923828125,67.405
2024-07-17T05:11:57.065906,9,3.221923828125,67.405
2024-07-17T05:11:57.091051,9,3.221923828125,66.727
2024-07-17T05:11:57.116169,9,3.221923828125,66.727
2024-07-17T05:11:57.141280,9,3.221923828125,66.727
2024-07-17T05:11:57.166391,9,3.221923828125,66.727
2024-07-17T05:11:57.191540,9,3.221923828125,67.45
2024-07-17T05:11:57.216652,9,3.221923828125,67.45
2024-07-17T05:11:57.241796,9,3.221923828125,67.45
2024-07-17T05:11:57.266870,9,3.221923828125,67.45
2024-07-17T05:11:57.292043,9,3.221923828125,67.45
2024-07-17T05:11:57.317153,9,3.221923828125,66.821
2024-07-17T05:11:57.342265,9,3.221923828125,66.821
2024-07-17T05:11:57.367398,9,3.221923828125,66.821
2024-07-17T05:11:57.392520,9,3.221923828125,67.599
2024-07-17T05:11:57.417676,9,3.221923828125,67.599
2024-07-17T05:11:57.442849,9,3.221923828125,67.599
2024-07-17T05:11:57.467999,9,3.221923828125,67.599
2024-07-17T05:11:57.493136,9,3.221923828125,67.599
2024-07-17T05:11:57.518283,9,3.221923828125,67.139
2024-07-17T05:11:57.543405,9,3.221923828125,67.139
2024-07-17T05:11:57.568527,9,3.221923828125,67.139
2024-07-17T05:11:57.593638,9,3.221923828125,67.766
2024-07-17T05:11:57.618773,9,3.221923828125,67.766
2024-07-17T05:11:57.643917,9,3.221923828125,67.766
2024-07-17T05:11:57.669027,9,3.221923828125,67.766
2024-07-17T05:11:57.694161,9,3.221923828125,66.997
2024-07-17T05:11:57.719271,9,3.221923828125,66.997
2024-07-17T05:11:57.744390,9,3.221923828125,66.997
2024-07-17T05:11:57.769514,9,3.221923828125,66.997
2024-07-17T05:11:57.794672,9,3.221923828125,67.58
2024-07-17T05:11:57.819819,9,3.221923828125,67.58
2024-07-17T05:11:57.844987,9,3.221923828125,67.58
2024-07-17T05:11:57.870096,9,3.221923828125,67.58
2024-07-17T05:11:57.895258,9,3.221923828125,67.58
2024-07-17T05:11:57.920381,9,3.221923828125,67.236
2024-07-17T05:11:57.945509,9,3.221923828125,67.236
2024-07-17T05:11:57.970648,9,3.221923828125,67.236
2024-07-17T05:11:57.995776,9,3.221923828125,67.236
2024-07-17T05:11:58.020878,9,3.221923828125,67.871
2024-07-17T05:11:58.046010,9,3.221923828125,67.871
2024-07-17T05:11:58.071197,9,3.221923828125,67.871
2024-07-17T05:11:58.096315,9,3.221923828125,67.871
2024-07-17T05:11:58.121474,9,3.221923828125,67.871
2024-07-17T05:11:58.146599,9,3.221923828125,67.191
2024-07-17T05:11:58.171718,9,3.221923828125,67.191
2024-07-17T05:11:58.196839,9,3.221923828125,67.191
2024-07-17T05:11:58.221969,9,3.221923828125,67.308
2024-07-17T05:11:58.247100,8,3.221923828125,67.308
2024-07-17T05:11:58.272220,8,3.221923828125,67.308
2024-07-17T05:11:58.297339,8,3.221923828125,67.308
2024-07-17T05:11:58.322562,8,3.221923828125,67.308
2024-07-17T05:11:58.347687,8,3.221923828125,67.333
2024-07-17T05:11:58.372842,8,3.221923828125,67.333
2024-07-17T05:11:58.398012,8,3.221923828125,67.333
2024-07-17T05:11:58.423152,8,3.221923828125,67.042
2024-07-17T05:11:58.448284,8,3.221923828125,67.042
2024-07-17T05:11:58.473458,8,3.221923828125,67.042
2024-07-17T05:11:58.498569,8,3.221923828125,67.042
2024-07-17T05:11:58.523717,8,3.221923828125,67.042
2024-07-17T05:11:58.548887,8,3.221923828125,66.627
2024-07-17T05:11:58.574090,8,3.221923828125,66.627
2024-07-17T05:11:58.599274,8,3.221923828125,66.627
2024-07-17T05:11:58.624385,8,3.221923828125,66.627
2024-07-17T05:11:58.649515,9,3.221923828125,67.334
2024-07-17T05:11:58.674679,9,3.221923828125,67.334
2024-07-17T05:11:58.699793,9,3.221923828125,67.334
2024-07-17T05:11:58.724875,9,3.221923828125,67.334
2024-07-17T05:11:58.750050,9,3.221923828125,67.334
2024-07-17T05:11:58.775197,9,3.221923828125,67.334
2024-07-17T05:11:58.800393,9,3.221923828125,67.334
2024-07-17T05:11:58.825526,9,3.221923828125,67.334
2024-07-17T05:11:58.850636,9,3.221923828125,67.061
2024-07-17T05:11:58.875829,9,3.221923828125,67.061
2024-07-17T05:11:58.900941,9,3.221923828125,67.061
2024-07-17T05:11:58.926096,9,3.221923828125,67.061
2024-07-17T05:11:58.951206,9,3.221923828125,66.838
2024-07-17T05:11:58.976325,9,3.221923828125,66.838
2024-07-17T05:11:59.001468,9,3.221923828125,66.838
2024-07-17T05:11:59.026592,9,3.221923828125,66.838
2024-07-17T05:11:59.051770,9,3.221923828125,67.556
2024-07-17T05:11:59.076908,8,3.221923828125,67.556
2024-07-17T05:11:59.102019,8,3.221923828125,67.556
2024-07-17T05:11:59.127169,8,3.221923828125,67.556
2024-07-17T05:11:59.152294,8,3.221923828125,67.556
2024-07-17T05:11:59.177442,8,3.221923828125,66.769
2024-07-17T05:11:59.202597,8,3.221923828125,66.769
2024-07-17T05:11:59.227707,8,3.221923828125,66.769
2024-07-17T05:11:59.252830,8,3.221923828125,67.378
2024-07-17T05:11:59.277949,8,3.221923828125,67.378
2024-07-17T05:11:59.303058,9,3.221923828125,67.378
2024-07-17T05:11:59.328184,9,3.221923828125,67.378
2024-07-17T05:11:59.353306,9,3.221923828125,67.378
2024-07-17T05:11:59.378436,9,3.221923828125,67.016
2024-07-17T05:11:59.403554,9,3.221923828125,67.016
2024-07-17T05:11:59.428684,9,3.221923828125,67.016
2024-07-17T05:11:59.453870,9,3.221923828125,67.665
2024-07-17T05:11:59.478979,9,3.221923828125,67.665
2024-07-17T05:11:59.504104,9,3.221923828125,67.665
2024-07-17T05:11:59.529214,9,3.221923828125,67.665
2024-07-17T05:11:59.554367,9,3.221923828125,67.665
2024-07-17T05:11:59.579524,9,3.221923828125,66.945
2024-07-17T05:11:59.604674,9,3.221923828125,66.945
2024-07-17T05:11:59.629793,9,3.221923828125,66.945
2024-07-17T05:11:59.654943,9,3.221923828125,66.945
2024-07-17T05:11:59.680113,9,3.221923828125,67.743
2024-07-17T05:11:59.705265,9,3.221923828125,67.743
2024-07-17T05:11:59.730424,9,3.221923828125,67.743
2024-07-17T05:11:59.755544,9,3.221923828125,67.743
2024-07-17T05:11:59.780704,9,3.221923828125,67.211
2024-07-17T05:11:59.805824,9,3.221923828125,67.211
2024-07-17T05:11:59.830946,9,3.221923828125,67.211
2024-07-17T05:11:59.856074,9,3.221923828125,67.211
2024-07-17T05:11:59.881257,9,3.221923828125,67.747
2024-07-17T05:11:59.906380,9,3.221923828125,67.747
2024-07-17T05:11:59.931565,9,3.221923828125,67.747
2024-07-17T05:11:59.956737,9,3.221923828125,67.747
2024-07-17T05:11:59.981854,9,3.221923828125,67.747
2024-07-17T05:12:00.006989,9,3.221923828125,67.061
2024-07-17T05:12:00.032100,9,3.221923828125,67.061
2024-07-17T05:12:00.057231,9,3.221923828125,67.061
2024-07-17T05:12:00.082343,9,3.221923828125,67.832
2024-07-17T05:12:00.107454,9,3.221923828125,67.832
2024-07-17T05:12:00.132635,9,3.221923828125,67.832
2024-07-17T05:12:00.157766,9,3.221923828125,67.832
2024-07-17T05:12:00.182867,9,3.221923828125,67.832
2024-07-17T05:12:00.208005,9,3.221923828125,67.255
2024-07-17T05:12:00.233139,9,3.221923828125,67.255
2024-07-17T05:12:00.258257,9,3.221923828125,67.255
2024-07-17T05:12:00.283368,9,3.221923828125,66.698
2024-07-17T05:12:00.308491,9,3.221923828125,66.698
2024-07-17T05:12:00.333610,9,3.221923828125,66.698
2024-07-17T05:12:00.358733,9,3.221923828125,66.698
2024-07-17T05:12:00.383879,9,3.221923828125,66.698
2024-07-17T05:12:00.409053,9,3.221923828125,67.502
2024-07-17T05:12:00.434221,9,3.221923828125,67.502
2024-07-17T05:12:00.459373,9,3.221923828125,67.502
2024-07-17T05:12:00.484494,9,3.221923828125,66.796
2024-07-17T05:12:00.509605,9,3.221923828125,66.796
2024-07-17T05:12:00.534729,9,3.221923828125,66.796
2024-07-17T05:12:00.559840,9,3.221923828125,66.796
2024-07-17T05:12:00.584967,9,3.221923828125,66.796
2024-07-17T05:12:00.610078,9,3.221923828125,67.236
2024-07-17T05:12:00.635224,9,3.221923828125,67.236
2024-07-17T05:12:00.660335,9,3.221923828125,67.236
2024-07-17T05:12:00.685448,9,3.221923828125,67.236
2024-07-17T05:12:00.710579,9,3.221923828125,66.654
2024-07-17T05:12:00.735712,9,3.221923828125,66.654
2024-07-17T05:12:00.760876,9,3.221923828125,66.654
2024-07-17T05:12:00.786000,9,3.221923828125,66.654
2024-07-17T05:12:00.811175,9,3.221923828125,67.548
2024-07-17T05:12:00.836299,9,3.221923828125,67.548
2024-07-17T05:12:00.861412,9,3.221923828125,67.548
2024-07-17T05:12:00.886584,9,3.221923828125,67.548
2024-07-17T05:12:00.911732,9,3.221923828125,66.778
2024-07-17T05:12:00.936885,9,3.221923828125,66.778
2024-07-17T05:12:00.961996,9,3.221923828125,66.778
2024-07-17T05:12:00.987143,9,3.221923828125,66.778
2024-07-17T05:12:01.012265,9,3.221923828125,66.778
2024-07-17T05:12:01.037448,9,3.221923828125,67.458
2024-07-17T05:12:01.062559,9,3.221923828125,67.458
2024-07-17T05:12:01.087737,9,3.221923828125,67.458
2024-07-17T05:12:01.112869,9,3.221923828125,66.705
2024-07-17T05:12:01.138029,9,3.221923828125,66.705
2024-07-17T05:12:01.163161,9,3.221923828125,66.705
2024-07-17T05:12:01.188303,9,3.221923828125,66.705
2024-07-17T05:12:01.213413,9,3.221923828125,66.705
2024-07-17T05:12:01.238525,9,3.221923828125,67.682
2024-07-17T05:12:01.263659,9,3.221923828125,67.682
2024-07-17T05:12:01.288794,9,3.221923828125,67.682
2024-07-17T05:12:01.313874,9,3.221923828125,67.061
2024-07-17T05:12:01.338984,9,3.221923828125,67.061
2024-07-17T05:12:01.364108,9,3.221923828125,67.061
2024-07-17T05:12:01.389245,9,3.221923828125,67.061
2024-07-17T05:12:01.414376,9,3.221923828125,67.061
2024-07-17T05:12:01.439487,9,3.221923828125,67.717
2024-07-17T05:12:01.464649,9,3.221923828125,67.717
2024-07-17T05:12:01.489796,9,3.221923828125,67.717
2024-07-17T05:12:01.514871,9,3.221923828125,67.132
2024-07-17T05:12:01.539981,9,3.221923828125,67.132
2024-07-17T05:12:01.565102,9,3.221923828125,67.132
2024-07-17T05:12:01.590216,9,3.221923828125,67.132
2024-07-17T05:12:01.615336,9,3.221923828125,67.132
2024-07-17T05:12:01.640471,9,3.221923828125,67.624
2024-07-17T05:12:01.665672,9,3.221923828125,67.624
2024-07-17T05:12:01.690782,9,3.221923828125,67.624
2024-07-17T05:12:01.715947,9,3.221923828125,67.624
2024-07-17T05:12:01.741115,9,3.221923828125,67.113
2024-07-17T05:12:01.766225,9,3.221923828125,67.113
2024-07-17T05:12:01.791346,9,3.221923828125,67.113
2024-07-17T05:12:01.816505,9,3.221923828125,67.113
2024-07-17T05:12:01.841667,9,3.221923828125,67.8
2024-07-17T05:12:01.866805,9,3.221923828125,67.8
2024-07-17T05:12:01.891918,9,3.221923828125,67.8
2024-07-17T05:12:01.917041,9,3.221923828125,67.8
2024-07-17T05:12:01.942201,9,3.221923828125,67.431
2024-07-17T05:12:01.967327,8,3.221923828125,67.431
2024-07-17T05:12:01.992469,8,3.221923828125,67.431
2024-07-17T05:12:02.017580,8,3.221923828125,67.431
2024-07-17T05:12:02.042705,8,3.221923828125,67.431
2024-07-17T05:12:02.067857,8,3.221923828125,66.821
2024-07-17T05:12:02.092975,8,3.221923828125,66.821
2024-07-17T05:12:02.118111,8,3.221923828125,66.821
2024-07-17T05:12:02.143231,8,3.221923828125,67.689
2024-07-17T05:12:02.168342,8,3.221923828125,67.689
2024-07-17T05:12:02.193516,9,3.221923828125,67.689
2024-07-17T05:12:02.218648,9,3.221923828125,67.689
2024-07-17T05:12:02.243761,9,3.221923828125,67.689
2024-07-17T05:12:02.268885,9,3.221923828125,67.431
2024-07-17T05:12:02.294016,9,3.221923828125,67.431
2024-07-17T05:12:02.319181,9,3.221923828125,67.431
2024-07-17T05:12:02.344302,9,3.221923828125,67.431
2024-07-17T05:12:02.369455,9,3.221923828125,67.431
2024-07-17T05:12:02.394586,9,3.221923828125,67.431
2024-07-17T05:12:02.419713,9,3.221923828125,67.431
2024-07-17T05:12:02.444824,9,3.221923828125,67.431
2024-07-17T05:12:02.469958,9,3.221923828125,67.385
2024-07-17T05:12:02.495070,9,3.221923828125,67.385
2024-07-17T05:12:02.520194,9,3.221923828125,67.385
2024-07-17T05:12:02.545318,9,3.221923828125,67.385
2024-07-17T05:12:02.570453,9,3.221923828125,67.385
2024-07-17T05:12:02.595585,9,3.221923828125,67.385
2024-07-17T05:12:02.620695,9,3.221923828125,67.385
2024-07-17T05:12:02.645842,9,3.221923828125,67.385
2024-07-17T05:12:02.670955,9,3.221923828125,66.992
2024-07-17T05:12:02.696077,9,3.221923828125,66.992
2024-07-17T05:12:02.721235,9,3.221923828125,66.992
2024-07-17T05:12:02.746388,9,3.221923828125,66.992
2024-07-17T05:12:02.771508,9,3.221923828125,67.735
2024-07-17T05:12:02.796619,9,3.221923828125,67.735
2024-07-17T05:12:02.821786,9,3.221923828125,67.735
2024-07-17T05:12:02.846870,9,3.221923828125,67.735
2024-07-17T05:12:02.872043,9,3.221923828125,67.735
2024-07-17T05:12:02.897209,9,3.221923828125,67.502
2024-07-17T05:12:02.922364,9,3.221923828125,67.502
2024-07-17T05:12:02.947487,9,3.221923828125,67.502
2024-07-17T05:12:02.972670,9,3.221923828125,66.708
2024-07-17T05:12:02.997816,9,3.221923828125,66.708
2024-07-17T05:12:03.022930,9,3.221923828125,66.708
2024-07-17T05:12:03.048051,9,3.221923828125,66.708
2024-07-17T05:12:03.073178,9,3.221923828125,66.708
2024-07-17T05:12:03.098290,9,3.221923828125,67.431
2024-07-17T05:12:03.123460,9,3.221923828125,67.431
2024-07-17T05:12:03.148612,9,3.221923828125,67.431
2024-07-17T05:12:03.173733,9,3.221923828125,66.9
2024-07-17T05:12:03.198941,9,3.221923828125,66.9
2024-07-17T05:12:03.224135,9,3.221923828125,66.9
2024-07-17T05:12:03.249266,9,3.221923828125,66.9
2024-07-17T05:12:03.274391,9,3.221923828125,66.9
2024-07-17T05:12:03.299525,9,3.221923828125,67.733
2024-07-17T05:12:03.324679,9,3.221923828125,67.733
2024-07-17T05:12:03.349791,9,3.221923828125,67.733
2024-07-17T05:12:03.374860,9,3.221923828125,66.999
2024-07-17T05:12:03.399991,9,3.221923828125,66.999
2024-07-17T05:12:03.425102,9,3.221923828125,66.999
2024-07-17T05:12:03.450261,9,3.221923828125,66.999
2024-07-17T05:12:03.475385,9,3.221923828125,66.999
2024-07-17T05:12:03.500494,9,3.221923828125,67.766
2024-07-17T05:12:03.525605,9,3.221923828125,67.766
2024-07-17T05:12:03.550768,9,3.221923828125,67.766
2024-07-17T05:12:03.575905,9,3.221923828125,67.766
2024-07-17T05:12:03.601097,9,3.221923828125,67.094
2024-07-17T05:12:03.626222,9,3.221923828125,67.094
2024-07-17T05:12:03.651346,9,3.221923828125,67.094
2024-07-17T05:12:03.676512,9,3.221923828125,67.094
2024-07-17T05:12:03.701668,9,3.221923828125,67.709
2024-07-17T05:12:03.726804,9,3.221923828125,67.709
2024-07-17T05:12:03.751941,9,3.221923828125,67.709
2024-07-17T05:12:03.777060,9,3.221923828125,67.709
2024-07-17T05:12:03.802227,9,3.221923828125,67.236
2024-07-17T05:12:03.827350,9,3.221923828125,67.236
2024-07-17T05:12:03.852483,9,3.221923828125,67.236
2024-07-17T05:12:03.877594,9,3.221923828125,67.236
2024-07-17T05:12:03.902757,9,3.221923828125,66.972
2024-07-17T05:12:03.927875,9,3.221923828125,66.972
2024-07-17T05:12:03.952996,9,3.221923828125,66.972
2024-07-17T05:12:03.978141,9,3.221923828125,66.972
2024-07-17T05:12:04.003335,9,3.221923828125,67.166
2024-07-17T05:12:04.028469,9,3.221923828125,67.166
2024-07-17T05:12:04.053581,9,3.221923828125,67.166
2024-07-17T05:12:04.078741,9,3.221923828125,67.166
2024-07-17T05:12:04.103901,9,3.221923828125,67.166
2024-07-17T05:12:04.129065,9,3.221923828125,66.821
2024-07-17T05:12:04.154208,9,3.221923828125,66.821
2024-07-17T05:12:04.179344,9,3.221923828125,66.821
2024-07-17T05:12:04.204471,9,3.221923828125,67.333
2024-07-17T05:12:04.229633,9,3.221923828125,67.333
2024-07-17T05:12:04.254770,9,3.221923828125,67.333
2024-07-17T05:12:04.279867,9,3.221923828125,67.333
2024-07-17T05:12:04.305007,9,3.221923828125,67.333
2024-07-17T05:12:04.330161,9,3.221923828125,66.556
2024-07-17T05:12:04.355299,9,3.221923828125,66.556
2024-07-17T05:12:04.380496,9,3.221923828125,66.556
2024-07-17T05:12:04.405634,9,3.221923828125,67.385
2024-07-17T05:12:04.430747,9,3.221923828125,67.385
2024-07-17T05:12:04.455866,9,3.221923828125,67.385
2024-07-17T05:12:04.480999,9,3.221923828125,67.385
2024-07-17T05:12:04.506137,9,3.221923828125,67.385
2024-07-17T05:12:04.531291,9,3.221923828125,66.839
2024-07-17T05:12:04.556411,9,3.221923828125,66.839
2024-07-17T05:12:04.581541,9,3.221923828125,66.839
2024-07-17T05:12:04.606653,9,3.221923828125,66.839
2024-07-17T05:12:04.631817,9,3.221923828125,67.45
2024-07-17T05:12:04.656938,9,3.221923828125,67.45
2024-07-17T05:12:04.682062,9,3.221923828125,67.45
2024-07-17T05:12:04.707189,9,3.221923828125,67.45
2024-07-17T05:12:04.732299,9,3.221923828125,66.637
2024-07-17T05:12:04.757431,9,3.221923828125,66.637
2024-07-17T05:12:04.782542,9,3.221923828125,66.637
2024-07-17T05:12:04.807674,9,3.221923828125,66.637
2024-07-17T05:12:04.832810,9,3.221923828125,67.556
2024-07-17T05:12:04.857943,9,3.221923828125,67.556
2024-07-17T05:12:04.883053,9,3.221923828125,67.556
2024-07-17T05:12:04.908187,9,3.221923828125,67.556
2024-07-17T05:12:04.933375,9,3.221923828125,67.556
2024-07-17T05:12:04.958521,9,3.221923828125,66.918
2024-07-17T05:12:04.983633,9,3.221923828125,66.918
2024-07-17T05:12:05.008767,9,3.221923828125,66.918
2024-07-17T05:12:05.033859,9,3.221923828125,67.657
2024-07-17T05:12:05.058978,9,3.221923828125,67.657
2024-07-17T05:12:05.084090,9,3.221923828125,67.657
2024-07-17T05:12:05.109213,9,3.221923828125,67.657
2024-07-17T05:12:05.134336,9,3.221923828125,67.657
2024-07-17T05:12:05.159447,9,3.221923828125,67.139
2024-07-17T05:12:05.184604,9,3.221923828125,67.139
2024-07-17T05:12:05.209744,9,3.221923828125,67.139
2024-07-17T05:12:05.234873,9,3.221923828125,67.585
2024-07-17T05:12:05.260017,9,3.221923828125,67.585
2024-07-17T05:12:05.285136,9,3.221923828125,67.585
2024-07-17T05:12:05.310258,9,3.221923828125,67.585
2024-07-17T05:12:05.335370,9,3.221923828125,67.585
2024-07-17T05:12:05.360505,9,3.221923828125,67.016
2024-07-17T05:12:05.385681,9,3.221923828125,67.016
2024-07-17T05:12:05.410839,9,3.221923828125,67.016
2024-07-17T05:12:05.435963,9,3.221923828125,67.889
2024-07-17T05:12:05.461075,9,3.221923828125,67.889
2024-07-17T05:12:05.486230,9,3.221923828125,67.889
2024-07-17T05:12:05.511341,9,3.221923828125,67.889
2024-07-17T05:12:05.536471,9,3.221923828125,67.889
2024-07-17T05:12:05.561593,9,3.221923828125,67.334
2024-07-17T05:12:05.586705,9,3.221923828125,67.334
2024-07-17T05:12:05.611825,9,3.221923828125,67.334
2024-07-17T05:12:05.636980,9,3.221923828125,67.334
2024-07-17T05:12:05.662108,9,3.221923828125,67.941
2024-07-17T05:12:05.687258,9,3.221923828125,67.941
2024-07-17T05:12:05.712378,9,3.221923828125,67.941
2024-07-17T05:12:05.737496,9,3.221923828125,67.941
2024-07-17T05:12:05.762617,9,3.221923828125,67.592
2024-07-17T05:12:05.787730,9,3.221923828125,67.592
2024-07-17T05:12:05.812897,9,3.221923828125,67.592
2024-07-17T05:12:05.838031,9,3.221923828125,67.592
2024-07-17T05:12:05.863142,9,3.221923828125,66.814
2024-07-17T05:12:05.888254,8,3.221923828125,66.814
2024-07-17T05:12:05.913374,8,3.221923828125,66.814
2024-07-17T05:12:05.938496,8,3.221923828125,66.814
2024-07-17T05:12:05.963614,8,3.221923828125,66.814
2024-07-17T05:12:05.988736,8,3.221923828125,67.263
2024-07-17T05:12:06.013866,8,3.221923828125,67.263
2024-07-17T05:12:06.038977,8,3.221923828125,67.263
2024-07-17T05:12:06.064110,8,3.221923828125,67.087
2024-07-17T05:12:06.089252,8,3.221923828125,67.087
2024-07-17T05:12:06.114362,9,3.221923828125,67.087
2024-07-17T05:12:06.139485,9,3.221923828125,67.087
2024-07-17T05:12:06.164608,9,3.221923828125,67.087
2024-07-17T05:12:06.189728,9,3.221923828125,66.769
2024-07-17T05:12:06.214839,9,3.221923828125,66.769
2024-07-17T05:12:06.315023,9,3.221923828125,66.769
2024-07-17T05:12:06.340222,9,3.221923828125,66.769
2024-07-17T05:12:06.365444,9,3.221923828125,66.769
2024-07-17T05:12:06.390573,9,3.221923828125,67.431
2024-07-17T05:12:06.415689,9,3.221923828125,67.431
2024-07-17T05:12:06.440804,9,3.221923828125,67.431
2024-07-17T05:12:06.466001,9,3.221923828125,67.431
2024-07-17T05:12:06.491112,9,3.221923828125,67.431
2024-07-17T05:12:06.516242,5,3.221923828125,67.431
2024-07-17T05:12:06.541360,5,3.221923828125,67.431
2024-07-17T05:12:06.566483,5,3.221923828125,67.431
2024-07-17T05:12:06.591630,5,3.221923828125,67.599
2024-07-17T05:12:06.616741,5,3.221923828125,67.599
2024-07-17T05:12:06.641863,5,3.221923828125,67.599
2024-07-17T05:12:06.667028,5,3.221923828125,67.599
2024-07-17T05:12:06.692155,5,3.221923828125,67.599
2024-07-17T05:12:06.717282,8,3.221923828125,66.803
2024-07-17T05:12:06.742394,8,3.221923828125,66.803
2024-07-17T05:12:06.767555,8,3.221923828125,66.803
2024-07-17T05:12:06.792665,8,3.221923828125,67.548
2024-07-17T05:12:06.817812,8,3.221923828125,67.548
2024-07-17T05:12:06.842946,8,3.221923828125,67.548
2024-07-17T05:12:06.868069,8,3.221923828125,67.548
2024-07-17T05:12:06.893190,8,3.221923828125,66.945
2024-07-17T05:12:06.918357,8,3.221923828125,66.945
2024-07-17T05:12:06.943475,8,3.221923828125,66.945
2024-07-17T05:12:06.968596,8,3.221923828125,66.945
2024-07-17T05:12:06.993739,8,3.221923828125,66.945
2024-07-17T05:12:07.018862,8,3.221923828125,67.844
2024-07-17T05:12:07.043972,8,3.221923828125,67.844
2024-07-17T05:12:07.069084,8,3.221923828125,67.844
2024-07-17T05:12:07.094218,8,3.221923828125,67.069
2024-07-17T05:12:07.119376,8,3.221923828125,67.069
2024-07-17T05:12:07.144487,9,3.221923828125,67.069
2024-07-17T05:12:07.169626,9,3.221923828125,67.069
2024-07-17T05:12:07.194751,9,3.221923828125,67.069
2024-07-17T05:12:07.219893,9,3.221923828125,67.573
2024-07-17T05:12:07.245040,9,3.221923828125,67.573
2024-07-17T05:12:07.270208,9,3.221923828125,67.573
2024-07-17T05:12:07.295376,9,3.221923828125,67.191
2024-07-17T05:12:07.320512,9,3.221923828125,67.191
2024-07-17T05:12:07.345623,9,3.221923828125,67.191
2024-07-17T05:12:07.370762,9,3.221923828125,67.191
2024-07-17T05:12:07.395860,9,3.221923828125,67.191
2024-07-17T05:12:07.420981,9,3.221923828125,67.896
2024-07-17T05:12:07.446106,9,3.221923828125,67.896
2024-07-17T05:12:07.471218,9,3.221923828125,67.896
2024-07-17T05:12:07.496355,9,3.221923828125,67.896
2024-07-17T05:12:07.521466,9,3.221923828125,67.273
2024-07-17T05:12:07.546597,9,3.221923828125,67.273
2024-07-17T05:12:07.571708,9,3.221923828125,67.273
2024-07-17T05:12:07.596834,9,3.221923828125,67.273
2024-07-17T05:12:07.621971,9,3.221923828125,67.333
2024-07-17T05:12:07.647119,9,3.221923828125,67.333
2024-07-17T05:12:07.672233,9,3.221923828125,67.333
2024-07-17T05:12:07.697409,9,3.221923828125,67.333
2024-07-17T05:12:07.722547,9,3.221923828125,67.309
2024-07-17T05:12:07.747666,8,3.221923828125,67.309
2024-07-17T05:12:07.772789,8,3.221923828125,67.309
2024-07-17T05:12:07.797859,8,3.221923828125,67.309
2024-07-17T05:12:07.822982,8,3.221923828125,67.309
2024-07-17T05:12:07.848144,8,3.221923828125,66.69
2024-07-17T05:12:07.873308,8,3.221923828125,66.69
2024-07-17T05:12:07.898444,8,3.221923828125,66.69
2024-07-17T05:12:07.923566,8,3.221923828125,67.527
2024-07-17T05:12:07.948698,8,3.221923828125,67.527
2024-07-17T05:12:07.973825,8,3.221923828125,67.527
2024-07-17T05:12:07.998947,8,3.221923828125,67.527
2024-07-17T05:12:08.024091,8,3.221923828125,67.527
2024-07-17T05:12:08.049213,8,3.221923828125,66.795
2024-07-17T05:12:08.074323,8,3.221923828125,66.795
2024-07-17T05:12:08.099473,8,3.221923828125,66.795
2024-07-17T05:12:08.124598,8,3.221923828125,67.613
2024-07-17T05:12:08.149710,8,3.221923828125,67.613
2024-07-17T05:12:08.174840,9,3.221923828125,67.613
2024-07-17T05:12:08.199996,9,3.221923828125,67.613
2024-07-17T05:12:08.225131,9,3.221923828125,67.613
2024-07-17T05:12:08.250242,9,3.221923828125,66.751
2024-07-17T05:12:08.275354,9,3.221923828125,66.751
2024-07-17T05:12:08.300466,9,3.221923828125,66.751
2024-07-17T05:12:08.325601,9,3.221923828125,67.527
2024-07-17T05:12:08.350732,9,3.221923828125,67.527
2024-07-17T05:12:08.375860,9,3.221923828125,67.527
2024-07-17T05:12:08.400982,9,3.221923828125,67.527
2024-07-17T05:12:08.426123,9,3.221923828125,67.527
2024-07-17T05:12:08.451234,9,3.221923828125,66.796
2024-07-17T05:12:08.476358,9,3.221923828125,66.796
2024-07-17T05:12:08.501480,9,3.221923828125,66.796
2024-07-17T05:12:08.526606,9,3.221923828125,66.796
2024-07-17T05:12:08.551717,9,3.221923828125,67.496
2024-07-17T05:12:08.576849,9,3.221923828125,67.496
2024-07-17T05:12:08.602024,9,3.221923828125,67.496
2024-07-17T05:12:08.627183,9,3.221923828125,67.496
2024-07-17T05:12:08.652307,9,3.221923828125,66.831
2024-07-17T05:12:08.677441,9,3.221923828125,66.831
2024-07-17T05:12:08.702561,9,3.221923828125,66.831
2024-07-17T05:12:08.727672,9,3.221923828125,66.831
2024-07-17T05:12:08.752860,9,3.221923828125,67.405
2024-07-17T05:12:08.777996,9,3.221923828125,67.405
2024-07-17T05:12:08.803142,9,3.221923828125,67.405
2024-07-17T05:12:08.828252,9,3.221923828125,67.405
2024-07-17T05:12:08.853393,9,3.221923828125,67.405
2024-07-17T05:12:08.878519,9,3.221923828125,66.99
2024-07-17T05:12:08.903631,9,3.221923828125,66.99
2024-07-17T05:12:08.928824,9,3.221923828125,66.99
2024-07-17T05:12:08.953957,9,3.221923828125,67.496
2024-07-17T05:12:08.979068,9,3.221923828125,67.496
2024-07-17T05:12:09.004203,9,3.221923828125,67.496
2024-07-17T05:12:09.029336,9,3.221923828125,67.496
2024-07-17T05:12:09.054477,9,3.221923828125,67.496
2024-07-17T05:12:09.079622,9,3.221923828125,66.945
2024-07-17T05:12:09.104733,9,3.221923828125,66.945
2024-07-17T05:12:09.129867,9,3.221923828125,66.945
2024-07-17T05:12:09.154989,9,3.221923828125,67.825
2024-07-17T05:12:09.180100,9,3.221923828125,67.825
2024-07-17T05:12:09.205256,9,3.221923828125,67.825
2024-07-17T05:12:09.230400,9,3.221923828125,67.825
2024-07-17T05:12:09.255528,9,3.221923828125,67.825
2024-07-17T05:12:09.280640,9,3.221923828125,67.094
2024-07-17T05:12:09.305782,9,3.221923828125,67.094
2024-07-17T05:12:09.330883,9,3.221923828125,67.094
2024-07-17T05:12:09.356019,9,3.221923828125,67.094
2024-07-17T05:12:09.381185,9,3.221923828125,67.987
2024-07-17T05:12:09.406319,9,3.221923828125,67.987
2024-07-17T05:12:09.431473,9,3.221923828125,67.987
2024-07-17T05:12:09.456584,9,3.221923828125,67.987
2024-07-17T05:12:09.481708,9,3.221923828125,67.255
2024-07-17T05:12:09.506819,9,3.221923828125,67.255
2024-07-17T05:12:09.532010,9,3.221923828125,67.255
2024-07-17T05:12:09.557121,9,3.221923828125,67.255
2024-07-17T05:12:09.582315,9,3.221923828125,67.016
2024-07-17T05:12:09.607437,9,3.221923828125,67.016
2024-07-17T05:12:09.632566,9,3.221923828125,67.016
2024-07-17T05:12:09.657677,9,3.221923828125,67.016
2024-07-17T05:12:09.682836,9,3.221923828125,67.016
2024-07-17T05:12:09.707990,9,3.221923828125,67.211
2024-07-17T05:12:09.733132,9,3.221923828125,67.211
2024-07-17T05:12:09.758274,9,3.221923828125,67.211
2024-07-17T05:12:09.783405,9,3.221923828125,67.018
2024-07-17T05:12:09.808536,9,3.221923828125,67.018
2024-07-17T05:12:09.833647,9,3.221923828125,67.018
2024-07-17T05:12:09.858840,9,3.221923828125,67.018
2024-07-17T05:12:09.884005,9,3.221923828125,67.018
2024-07-17T05:12:09.909178,9,3.221923828125,66.821
2024-07-17T05:12:09.934321,9,3.221923828125,66.821
2024-07-17T05:12:09.959432,9,3.221923828125,66.821
2024-07-17T05:12:09.984587,9,3.221923828125,66.821
2024-07-17T05:12:10.009699,9,3.221923828125,66.821
2024-07-17T05:12:10.034840,9,3.221923828125,66.821
2024-07-17T05:12:10.059995,9,3.221923828125,66.821
2024-07-17T05:12:10.085106,9,3.221923828125,66.821
2024-07-17T05:12:10.110216,9,3.221923828125,66.727
2024-07-17T05:12:10.135352,9,3.221923828125,66.727
2024-07-17T05:12:10.160464,9,3.221923828125,66.727
2024-07-17T05:12:10.185602,9,3.221923828125,66.727
2024-07-17T05:12:10.210738,9,3.221923828125,66.727
2024-07-17T05:12:10.235872,9,3.221923828125,66.727
2024-07-17T05:12:10.261035,9,3.221923828125,66.727
2024-07-17T05:12:10.286155,9,3.221923828125,66.727
2024-07-17T05:12:10.311266,9,3.221923828125,66.803
2024-07-17T05:12:10.336407,9,3.221923828125,66.803
2024-07-17T05:12:10.361579,9,3.221923828125,66.803
2024-07-17T05:12:10.386698,9,3.221923828125,66.803
2024-07-17T05:12:10.411838,9,3.221923828125,66.803
2024-07-17T05:12:10.436960,9,3.221923828125,66.803
2024-07-17T05:12:10.462075,9,3.221923828125,66.803
2024-07-17T05:12:10.487229,9,3.221923828125,66.803
2024-07-17T05:12:10.512352,9,3.221923828125,66.803
2024-07-17T05:12:10.537464,9,3.221923828125,66.848
2024-07-17T05:12:10.562634,9,3.221923828125,66.848
2024-07-17T05:12:10.587779,9,3.221923828125,66.848
2024-07-17T05:12:10.612867,9,3.221923828125,67.585
2024-07-17T05:12:10.637978,9,3.221923828125,67.585
2024-07-17T05:12:10.663091,9,3.221923828125,67.585
2024-07-17T05:12:10.688274,9,3.221923828125,67.585
2024-07-17T05:12:10.713397,9,3.221923828125,66.893
2024-07-17T05:12:10.738547,9,3.221923828125,66.893
2024-07-17T05:12:10.763693,9,3.221923828125,66.893
2024-07-17T05:12:10.788891,9,3.221923828125,66.893
2024-07-17T05:12:10.814010,9,3.221923828125,67.599
2024-07-17T05:12:10.839121,9,3.221923828125,67.599
2024-07-17T05:12:10.864290,9,3.221923828125,67.599
2024-07-17T05:12:10.889408,9,3.221923828125,67.599
2024-07-17T05:12:10.914536,9,3.221923828125,67.599
2024-07-17T05:12:10.939657,9,3.221923828125,66.945
2024-07-17T05:12:10.964813,9,3.221923828125,66.945
2024-07-17T05:12:10.989926,9,3.221923828125,66.945
2024-07-17T05:12:11.015054,9,3.221923828125,67.844
2024-07-17T05:12:11.040182,9,3.221923828125,67.844
2024-07-17T05:12:11.065301,8,3.221923828125,67.844
2024-07-17T05:12:11.090422,8,3.221923828125,67.844
2024-07-17T05:12:11.115542,8,3.221923828125,67.844
2024-07-17T05:12:11.140715,8,3.221923828125,67.36
2024-07-17T05:12:11.165922,8,3.221923828125,67.36
2024-07-17T05:12:11.191033,8,3.221923828125,67.36
2024-07-17T05:12:11.216160,8,3.221923828125,67.36
2024-07-17T05:12:11.241270,8,3.221923828125,67.806
2024-07-17T05:12:11.266382,9,3.221923828125,67.806
2024-07-17T05:12:11.291504,9,3.221923828125,67.806
2024-07-17T05:12:11.316681,9,3.221923828125,67.806
2024-07-17T05:12:11.341861,9,3.221923828125,67.342
2024-07-17T05:12:11.366971,9,3.221923828125,67.342
2024-07-17T05:12:11.392094,9,3.221923828125,67.342
2024-07-17T05:12:11.417252,9,3.221923828125,67.342
2024-07-17T05:12:11.442408,9,3.221923828125,66.867
2024-07-17T05:12:11.467543,8,3.221923828125,66.867
2024-07-17T05:12:11.492683,8,3.221923828125,66.867
2024-07-17T05:12:11.517831,8,3.221923828125,66.867
2024-07-17T05:12:11.542954,8,3.221923828125,66.867
2024-07-17T05:12:11.568077,8,3.221923828125,67.263
2024-07-17T05:12:11.593208,8,3.221923828125,67.263
2024-07-17T05:12:11.618387,8,3.221923828125,67.263
2024-07-17T05:12:11.643508,8,3.221923828125,67.263
2024-07-17T05:12:11.668621,9,3.221923828125,66.821
2024-07-17T05:12:11.693732,9,3.221923828125,66.821
2024-07-17T05:12:11.718847,9,3.221923828125,66.821
2024-07-17T05:12:11.743986,9,3.221923828125,67.462
2024-07-17T05:12:11.769131,9,3.221923828125,67.462
2024-07-17T05:12:11.794249,9,3.221923828125,67.462
2024-07-17T05:12:11.819368,9,3.221923828125,67.462
2024-07-17T05:12:11.844516,9,3.221923828125,66.867
2024-07-17T05:12:11.869680,9,3.221923828125,66.867
2024-07-17T05:12:11.894864,9,3.221923828125,66.867
2024-07-17T05:12:11.919973,9,3.221923828125,66.867
2024-07-17T05:12:11.945093,9,3.221923828125,66.867
2024-07-17T05:12:11.970300,9,3.221923828125,67.385
2024-07-17T05:12:11.995412,9,3.221923828125,67.385
2024-07-17T05:12:12.020524,9,3.221923828125,67.385
2024-07-17T05:12:12.045650,9,3.221923828125,66.77
2024-07-17T05:12:12.070780,9,3.221923828125,66.77
2024-07-17T05:12:12.095859,9,3.221923828125,66.77
2024-07-17T05:12:12.120978,9,3.221923828125,66.77
2024-07-17T05:12:12.146106,9,3.221923828125,66.77
2024-07-17T05:12:12.171217,9,3.221923828125,67.58
2024-07-17T05:12:12.196329,9,3.221923828125,67.58
2024-07-17T05:12:12.221447,9,3.221923828125,67.58
2024-07-17T05:12:12.246569,9,3.221923828125,67.58
2024-07-17T05:12:12.271681,9,3.221923828125,66.724
2024-07-17T05:12:12.296801,9,3.221923828125,66.724
2024-07-17T05:12:12.321922,9,3.221923828125,66.724
2024-07-17T05:12:12.347033,9,3.221923828125,66.724
2024-07-17T05:12:12.372193,9,3.221923828125,66.724
2024-07-17T05:12:12.397326,9,3.221923828125,67.361
2024-07-17T05:12:12.422450,9,3.221923828125,67.361
2024-07-17T05:12:12.447561,9,3.221923828125,67.361
2024-07-17T05:12:12.472701,9,3.221923828125,66.945
2024-07-17T05:12:12.497877,9,3.221923828125,66.945
2024-07-17T05:12:12.523008,9,3.221923828125,66.945
2024-07-17T05:12:12.548119,9,3.221923828125,66.945
2024-07-17T05:12:12.573261,9,3.221923828125,66.945
2024-07-17T05:12:12.598416,9,3.221923828125,67.747
2024-07-17T05:12:12.623549,9,3.221923828125,67.747
2024-07-17T05:12:12.648675,9,3.221923828125,67.747
2024-07-17T05:12:12.673850,9,3.221923828125,67.747
2024-07-17T05:12:12.698960,9,3.221923828125,67.139
2024-07-17T05:12:12.724071,9,3.221923828125,67.139
2024-07-17T05:12:12.749191,9,3.221923828125,67.139
2024-07-17T05:12:12.774328,9,3.221923828125,67.638
2024-07-17T05:12:12.799487,9,3.221923828125,67.638
2024-07-17T05:12:12.824609,9,3.221923828125,67.638
2024-07-17T05:12:12.849765,9,3.221923828125,67.638
2024-07-17T05:12:12.874859,9,3.221923828125,67.094
2024-07-17T05:12:12.899981,9,3.221923828125,67.094
2024-07-17T05:12:12.925104,9,3.221923828125,67.094
2024-07-17T05:12:12.950245,9,3.221923828125,67.094
2024-07-17T05:12:12.975405,9,3.221923828125,67.094
2024-07-17T05:12:13.000528,9,3.221923828125,67.819
2024-07-17T05:12:13.025651,9,3.221923828125,67.819
2024-07-17T05:12:13.050772,9,3.221923828125,67.819
2024-07-17T05:12:13.075887,9,3.221923828125,67.819
2024-07-17T05:12:13.100997,9,3.221923828125,67.378
2024-07-17T05:12:13.126117,9,3.221923828125,67.378
2024-07-17T05:12:13.151304,9,3.221923828125,67.378
2024-07-17T05:12:13.176488,9,3.221923828125,67.378
2024-07-17T05:12:13.201598,9,3.221923828125,67.941
2024-07-17T05:12:13.226749,9,3.221923828125,67.941
2024-07-17T05:12:13.251931,9,3.221923828125,67.941
2024-07-17T05:12:13.277058,9,3.221923828125,67.941
2024-07-17T05:12:13.302178,9,3.221923828125,67.431
2024-07-17T05:12:13.327328,9,3.221923828125,67.431
2024-07-17T05:12:13.352490,9,3.221923828125,67.431
2024-07-17T05:12:13.377649,9,3.221923828125,67.431
2024-07-17T05:12:13.402795,9,3.221923828125,67.431
2024-07-17T05:12:13.427924,9,3.221923828125,66.848
2024-07-17T05:12:13.453034,9,3.221923828125,66.848
2024-07-17T05:12:13.478146,9,3.221923828125,66.848
2024-07-17T05:12:13.503288,9,3.221923828125,67.556
2024-07-17T05:12:13.528412,9,3.221923828125,67.556
2024-07-17T05:12:13.553539,9,3.221923828125,67.556
2024-07-17T05:12:13.578650,9,3.221923828125,67.556
2024-07-17T05:12:13.603763,9,3.221923828125,67.556
2024-07-17T05:12:13.628870,9,3.221923828125,66.778
2024-07-17T05:12:13.653992,9,3.221923828125,66.778
2024-07-17T05:12:13.679102,9,3.221923828125,66.778
2024-07-17T05:12:13.704214,9,3.221923828125,67.708
2024-07-17T05:12:13.729360,9,3.221923828125,67.708
2024-07-17T05:12:13.754486,9,3.221923828125,67.708
2024-07-17T05:12:13.779624,9,3.221923828125,67.708
2024-07-17T05:12:13.804752,9,3.221923828125,67.708
2024-07-17T05:12:13.829883,9,3.221923828125,67.43
2024-07-17T05:12:13.854993,9,3.221923828125,67.43
2024-07-17T05:12:13.880105,9,3.221923828125,67.43
2024-07-17T05:12:13.905260,9,3.221923828125,67.43
2024-07-17T05:12:13.930402,9,3.221923828125,67.43
2024-07-17T05:12:13.955513,9,3.221923828125,67.43
2024-07-17T05:12:13.980657,9,3.221923828125,67.43
2024-07-17T05:12:14.005769,9,3.221923828125,67.43
2024-07-17T05:12:14.030879,9,3.221923828125,67.515
2024-07-17T05:12:14.055989,9,3.221923828125,67.515
2024-07-17T05:12:14.081112,9,3.221923828125,67.515
2024-07-17T05:12:14.106375,9,3.221923828125,67.515
2024-07-17T05:12:14.131498,9,3.221923828125,67.515
2024-07-17T05:12:14.156660,9,3.221923828125,67.515
2024-07-17T05:12:14.181785,9,3.221923828125,67.515
2024-07-17T05:12:14.206871,9,3.221923828125,67.515
2024-07-17T05:12:14.231983,9,3.221923828125,67.502
2024-07-17T05:12:14.257095,9,3.221923828125,67.502
2024-07-17T05:12:14.282222,9,3.221923828125,67.502
2024-07-17T05:12:14.307349,9,3.221923828125,67.502
2024-07-17T05:12:14.332495,9,3.221923828125,67.502
2024-07-17T05:12:14.357648,9,3.221923828125,67.502
2024-07-17T05:12:14.382807,9,3.221923828125,67.502
2024-07-17T05:12:14.407920,9,3.221923828125,67.502
2024-07-17T05:12:14.433051,9,3.221923828125,67.502
2024-07-17T05:12:14.458198,9,3.221923828125,67.619
2024-07-17T05:12:14.483351,9,3.221923828125,67.619
2024-07-17T05:12:14.508482,9,3.221923828125,67.619
2024-07-17T05:12:14.533594,9,3.221923828125,66.99
2024-07-17T05:12:14.558705,9,3.221923828125,66.99
2024-07-17T05:12:14.583817,9,3.221923828125,66.99
2024-07-17T05:12:14.608966,9,3.221923828125,66.99
2024-07-17T05:12:14.634082,9,3.221923828125,67.708
2024-07-17T05:12:14.659230,9,3.221923828125,67.708
2024-07-17T05:12:14.684340,9,3.221923828125,67.708
2024-07-17T05:12:14.709533,9,3.221923828125,67.708
2024-07-17T05:12:14.734658,9,3.221923828125,67.042
2024-07-17T05:12:14.759769,9,3.221923828125,67.042
2024-07-17T05:12:14.784892,9,3.221923828125,67.042
2024-07-17T05:12:14.810019,9,3.221923828125,67.042
2024-07-17T05:12:14.835189,9,3.221923828125,67.042
2024-07-17T05:12:14.860313,9,3.221923828125,67.923
2024-07-17T05:12:14.885444,9,3.221923828125,67.923
2024-07-17T05:12:14.910636,9,3.221923828125,67.923
2024-07-17T05:12:14.935747,9,3.221923828125,67.166
2024-07-17T05:12:14.960891,9,3.221923828125,67.166
2024-07-17T05:12:14.986019,9,3.221923828125,67.166
2024-07-17T05:12:15.011189,9,3.221923828125,67.166
2024-07-17T05:12:15.036350,9,3.221923828125,67.166
2024-07-17T05:12:15.061506,9,3.221923828125,67.509
2024-07-17T05:12:15.086700,9,3.221923828125,67.509
2024-07-17T05:12:15.111811,9,3.221923828125,67.509
2024-07-17T05:12:15.137001,9,3.221923828125,67.509
2024-07-17T05:12:15.162111,9,3.221923828125,67.236
2024-07-17T05:12:15.187246,9,3.221923828125,67.236
2024-07-17T05:12:15.212358,9,3.221923828125,67.236
2024-07-17T05:12:15.237495,9,3.221923828125,67.236
2024-07-17T05:12:15.262607,9,3.221923828125,66.654
2024-07-17T05:12:15.287720,9,3.221923828125,66.654
2024-07-17T05:12:15.312858,9,3.221923828125,66.654
2024-07-17T05:12:15.338031,9,3.221923828125,66.654
2024-07-17T05:12:15.363174,9,3.221923828125,67.184
2024-07-17T05:12:15.388293,8,3.221923828125,67.184
2024-07-17T05:12:15.413404,8,3.221923828125,67.184
